date,time,steps
2026-03-02,00:03,7
2026-03-02,00:12,9
2026-03-02,09:12,3
2026-03-02,09:21,5
2026-03-02,09:22,12
2026-03-02,09:32,27
2026-03-02,09:34,42
2026-03-02,09:35,26
2026-03-02,09:36,20
2026-03-02,09:49,6
2026-03-02,11:11,7
2026-03-02,11:12,14
2026-03-02,11:14,22
2026-03-02,11:15,9
2026-03-02,11:26,38
2026-03-02,11:27,6
2026-03-02,11:58,37
2026-03-02,11:59,70
2026-03-02,12:01,14
2026-03-02,12:03,9
2026-03-02,12:04,21
2026-03-02,12:05,9
2026-03-02,12:08,44
2026-03-02,12:09,59
2026-03-02,12:10,21
2026-03-02,12:11,21
2026-03-02,12:13,13
2026-03-02,12:15,23
2026-03-02,12:16,33
2026-03-02,12:17,17
2026-03-02,12:18,20
2026-03-02,12:19,109
2026-03-02,12:20,2
2026-03-02,12:33,5
2026-03-02,12:34,93
2026-03-02,12:35,115
2026-03-02,12:36,107
2026-03-02,12:37,112
2026-03-02,13:03,36
2026-03-02,13:04,108
2026-03-02,13:05,78
2026-03-02,13:09,47
2026-03-02,13:10,104
2026-03-02,13:11,114
2026-03-02,13:12,107
2026-03-02,13:13,112
2026-03-02,13:14,113
2026-03-02,13:15,111
2026-03-02,13:16,105
2026-03-02,13:17,40
2026-03-02,13:21,8
2026-03-02,13:30,47
2026-03-02,13:31,42
2026-03-02,13:32,13
2026-03-02,14:13,7
2026-03-02,14:14,75
2026-03-02,14:15,102
2026-03-02,14:16,107
2026-03-02,14:17,108
2026-03-02,14:18,106
2026-03-02,14:19,55
2026-03-02,14:21,5
2026-03-02,14:44,7
2026-03-02,14:45,99
2026-03-02,14:46,66
2026-03-02,14:47,8
2026-03-02,14:50,21
2026-03-02,14:51,4
2026-03-02,14:54,6
2026-03-02,16:56,60
2026-03-02,16:57,25
2026-03-02,16:58,8
2026-03-02,16:59,109
2026-03-02,17:00,109
2026-03-02,17:01,110
2026-03-02,17:02,108
2026-03-02,17:03,105
2026-03-02,17:04,40
2026-03-02,17:15,17
2026-03-02,17:18,13
2026-03-02,17:21,12
2026-03-02,17:22,20
2026-03-02,17:23,110
2026-03-02,17:24,109
2026-03-02,17:25,109
2026-03-02,17:26,69
2026-03-02,17:27,101
2026-03-02,17:28,78
2026-03-02,17:29,108
2026-03-02,17:30,108
2026-03-02,17:31,37
2026-03-02,17:40,8
2026-03-02,17:41,10
2026-03-02,17:46,10
2026-03-02,17:47,25
2026-03-02,18:07,22
2026-03-02,18:08,34
2026-03-02,18:09,114
2026-03-02,18:10,93
2026-03-02,18:11,6
2026-03-02,18:13,14
2026-03-02,18:29,18
2026-03-02,19:00,6
2026-03-02,19:05,8
2026-03-02,19:08,24
2026-03-02,19:09,17
2026-03-02,19:24,12
2026-03-02,19:59,6
2026-03-02,20:03,38
2026-03-02,20:04,92
2026-03-02,20:05,63
2026-03-02,20:06,21
2026-03-02,20:14,60
2026-03-02,20:15,27
2026-03-02,20:16,27
2026-03-02,20:17,102
2026-03-02,20:18,47
2026-03-02,20:19,94
2026-03-02,20:20,12
2026-03-02,20:21,29
2026-03-02,20:22,1
2026-03-02,20:30,35
2026-03-02,20:31,39
2026-03-02,20:32,33
2026-03-02,20:55,6
2026-03-02,20:56,32
2026-03-02,20:59,15
2026-03-02,21:00,22
2026-03-02,21:01,17
2026-03-02,21:02,18
2026-03-02,21:06,14
2026-03-02,21:13,39
2026-03-02,21:14,77
2026-03-02,21:15,8
2026-03-02,21:18,39
2026-03-02,21:20,78
2026-03-02,21:23,86
2026-03-02,21:25,50
2026-03-02,21:26,47
2026-03-02,21:27,108
2026-03-02,21:28,110
2026-03-02,21:29,110
2026-03-02,21:30,75
2026-03-02,21:31,113
2026-03-02,21:32,74
2026-03-02,21:33,84
2026-03-02,21:38,33
2026-03-02,21:44,98
2026-03-02,21:45,120
2026-03-02,21:46,87
2026-03-02,22:11,11
2026-03-02,22:12,106
2026-03-02,22:13,70
2026-03-02,22:20,69
2026-03-02,22:21,24
2026-03-02,22:22,51
2026-03-02,22:24,23
2026-03-02,22:28,9
2026-03-02,22:29,1
2026-03-02,22:39,6
2026-03-02,22:40,6
2026-03-02,22:41,27
2026-03-02,23:05,8
2026-03-03,00:18,8
2026-03-03,00:20,11
2026-03-03,00:21,34
2026-03-03,02:45,7
2026-03-03,02:46,1
2026-03-03,09:31,13
2026-03-03,09:32,8
2026-03-03,09:36,10
2026-03-03,09:38,10
2026-03-03,09:39,21
2026-03-03,09:40,1
2026-03-03,09:46,9
2026-03-03,09:47,35
2026-03-03,09:48,16
2026-03-03,09:49,1
2026-03-03,09:54,26
2026-03-03,09:56,48
2026-03-03,11:19,12
2026-03-03,11:20,30
2026-03-03,11:33,18
2026-03-03,11:34,8
2026-03-03,12:01,16
2026-03-03,12:02,27
2026-03-03,12:04,6
2026-03-03,12:06,11
2026-03-03,12:07,20
2026-03-03,12:08,21
2026-03-03,12:09,16
2026-03-03,12:10,3
2026-03-03,12:11,29
2026-03-03,12:12,4
2026-03-03,12:13,30
2026-03-03,12:14,35
2026-03-03,12:15,6
2026-03-03,12:16,39
2026-03-03,12:17,50
2026-03-03,12:20,54
2026-03-03,12:21,23
2026-03-03,14:22,8
2026-03-03,17:13,29
2026-03-03,17:15,9
2026-03-03,17:16,14
2026-03-03,17:17,42
2026-03-03,17:18,12
2026-03-03,17:38,8
2026-03-03,18:28,8
2026-03-03,18:43,9
2026-03-03,19:01,8
2026-03-03,19:52,7
2026-03-03,20:22,8
2026-03-03,20:23,7
2026-03-03,20:24,11
2026-03-03,22:15,9
2026-03-03,22:17,16
2026-03-03,22:22,6
2026-03-03,22:29,5
2026-03-03,22:38,7
2026-03-03,22:39,28
2026-03-03,22:58,6
2026-03-03,22:59,18
2026-03-03,23:00,57
2026-03-03,23:01,42
2026-03-03,23:02,43
2026-03-03,23:03,35
2026-03-03,23:04,17
2026-03-03,23:06,27
2026-03-03,23:12,12
2026-03-03,23:21,9
2026-03-04,02:16,8
2026-03-04,02:18,10
2026-03-04,02:22,10
2026-03-04,02:23,2
2026-03-04,02:27,27
2026-03-04,04:37,7
2026-03-04,05:16,9
2026-03-04,07:48,27
2026-03-04,07:49,14
2026-03-04,07:53,27
2026-03-04,08:04,4
2026-03-04,08:07,41
2026-03-04,08:08,57
2026-03-04,08:09,11
2026-03-04,08:10,7
2026-03-04,11:31,36
2026-03-04,11:32,25
2026-03-04,11:34,14
2026-03-04,11:36,36
2026-03-04,11:37,22
2026-03-04,12:01,6
2026-03-04,12:24,3
2026-03-04,12:25,58
2026-03-04,12:27,33
2026-03-04,12:28,50
2026-03-04,13:13,11
2026-03-04,13:41,4
2026-03-04,13:42,19
2026-03-04,13:43,10
2026-03-04,13:44,42
2026-03-04,13:45,21
2026-03-04,13:48,17
2026-03-04,13:49,10
2026-03-04,13:50,5
2026-03-04,13:52,22
2026-03-04,13:53,22
2026-03-04,14:27,7
2026-03-04,14:28,47
2026-03-04,14:29,11
2026-03-04,14:32,10
2026-03-04,14:33,7
2026-03-04,14:43,28
2026-03-04,14:46,15
2026-03-04,14:48,31
2026-03-04,14:49,6
2026-03-04,14:50,7
2026-03-04,14:51,9
2026-03-04,14:52,40
2026-03-04,14:53,21
2026-03-04,14:54,7
2026-03-04,14:55,15
2026-03-04,14:56,36
2026-03-04,14:59,27
2026-03-04,15:00,8
2026-03-04,15:01,62
2026-03-04,15:02,70
2026-03-04,15:03,7
2026-03-04,15:07,7
2026-03-04,15:09,7
2026-03-04,15:20,6
2026-03-04,15:21,1
2026-03-04,15:22,9
2026-03-04,15:24,63
2026-03-04,15:25,7
2026-03-04,15:27,8
2026-03-04,15:29,46
2026-03-04,15:30,17
2026-03-04,15:59,37
2026-03-04,16:00,106
2026-03-04,16:01,7
2026-03-04,16:02,24
2026-03-04,16:03,51
2026-03-04,16:04,7
2026-03-04,16:20,19
2026-03-04,16:21,26
2026-03-04,16:22,9
2026-03-04,16:23,11
2026-03-04,16:27,9
2026-03-04,16:59,11
2026-03-04,17:32,18
2026-03-04,17:33,37
2026-03-04,17:34,33
2026-03-04,17:38,11
2026-03-04,17:39,20
2026-03-04,17:53,5
2026-03-04,18:02,11
2026-03-04,18:10,9
2026-03-04,18:12,6
2026-03-04,18:19,18
2026-03-04,18:20,26
2026-03-04,18:40,7
2026-03-04,18:41,13
2026-03-04,18:47,24
2026-03-04,18:48,21
2026-03-04,18:49,1
2026-03-04,18:56,26
2026-03-04,18:57,7
2026-03-04,19:02,10
2026-03-04,20:10,15
2026-03-04,20:28,6
2026-03-04,20:57,7
2026-03-04,21:39,11
2026-03-04,21:40,13
2026-03-04,21:48,9
2026-03-04,21:49,27
2026-03-04,21:50,10
2026-03-04,21:53,7
2026-03-04,22:08,6
2026-03-04,22:30,12
2026-03-04,22:31,36
2026-03-04,22:33,8
2026-03-04,22:34,11
2026-03-04,22:35,15
2026-03-04,22:36,7
2026-03-04,22:37,21
2026-03-04,22:38,12
2026-03-04,22:39,29
2026-03-04,22:40,12
2026-03-04,23:16,4
2026-03-04,23:33,23
2026-03-04,23:34,48
2026-03-04,23:35,7
2026-03-04,23:42,26
2026-03-04,23:44,6
2026-03-04,23:50,27
2026-03-04,23:51,1
2026-03-05,00:01,5
2026-03-05,00:02,15
2026-03-05,00:03,1
2026-03-05,00:04,6
2026-03-05,03:07,9
2026-03-05,04:55,8
2026-03-05,05:13,3
2026-03-05,05:40,46
2026-03-05,08:17,12
2026-03-05,08:18,19
2026-03-05,08:23,13
2026-03-05,08:26,20
2026-03-05,08:27,38
2026-03-05,08:44,43
2026-03-05,08:51,13
2026-03-05,09:01,21
2026-03-05,09:06,7
2026-03-05,09:07,14
2026-03-05,09:08,24
2026-03-05,09:09,19
2026-03-05,09:10,5
2026-03-05,09:11,22
2026-03-05,09:14,13
2026-03-05,09:29,12
2026-03-05,09:30,43
2026-03-05,09:31,20
2026-03-05,09:43,21
2026-03-05,09:53,21
2026-03-05,09:54,19
2026-03-05,09:57,46
2026-03-05,09:58,83
2026-03-05,09:59,48
2026-03-05,10:10,40
2026-03-05,10:11,46
2026-03-05,10:14,15
2026-03-05,10:15,66
2026-03-05,10:23,18
2026-03-05,10:31,9
2026-03-05,10:34,4
2026-03-05,10:38,27
2026-03-05,10:56,4
2026-03-05,11:17,21
2026-03-05,12:32,38
2026-03-05,12:34,20
2026-03-05,12:35,15
2026-03-05,13:06,36
2026-03-05,13:07,32
2026-03-05,13:28,20
2026-03-05,13:31,46
2026-03-05,13:53,15
2026-03-05,14:02,9
2026-03-05,14:11,5
2026-03-05,14:12,6
2026-03-05,14:29,6
2026-03-05,14:30,18
2026-03-05,14:58,14
2026-03-05,16:57,7
2026-03-05,17:37,8
2026-03-05,17:43,40
2026-03-05,17:44,74
2026-03-05,17:49,101
2026-03-05,17:50,73
2026-03-05,17:53,7
2026-03-05,17:57,29
2026-03-05,17:58,48
2026-03-05,18:00,79
2026-03-05,18:01,1
2026-03-05,18:08,48
2026-03-05,18:09,9
2026-03-05,18:19,61
2026-03-05,18:20,45
2026-03-05,18:21,50
2026-03-05,18:22,14
2026-03-05,18:23,23
2026-03-05,18:26,10
2026-03-05,20:05,10
2026-03-05,20:06,1
2026-03-05,22:07,10
2026-03-05,22:09,4
2026-03-05,22:10,32
2026-03-05,22:11,37
2026-03-05,22:12,1
2026-03-05,22:14,6
2026-03-05,22:23,17
2026-03-05,22:27,30
2026-03-05,22:28,10
2026-03-05,22:49,8
2026-03-05,22:50,10
2026-03-05,22:54,6
2026-03-05,22:55,7
2026-03-05,23:11,46
2026-03-05,23:16,54
2026-03-05,23:17,1
2026-03-05,23:35,8
2026-03-05,23:47,36
2026-03-05,23:48,46
2026-03-05,23:49,35
2026-03-05,23:50,23
2026-03-05,23:51,10
2026-03-05,23:52,26
2026-03-05,23:59,6
2026-03-06,00:00,12
2026-03-06,09:57,11
2026-03-06,09:58,24
2026-03-06,10:03,6
2026-03-06,10:05,11
2026-03-06,10:06,16
2026-03-06,11:02,9
2026-03-06,11:28,31
2026-03-06,11:31,17
2026-03-06,11:57,5
2026-03-06,11:58,22
2026-03-06,11:59,16
2026-03-06,12:00,15
2026-03-06,12:01,24
2026-03-06,12:02,13
2026-03-06,12:22,5
2026-03-06,12:23,9
2026-03-06,12:29,41
2026-03-06,12:42,36
2026-03-06,13:51,13
2026-03-06,14:06,7
2026-03-06,14:07,26
2026-03-06,14:09,23
2026-03-06,14:10,7
2026-03-06,14:39,19
2026-03-06,14:40,15
2026-03-06,14:41,1
2026-03-06,14:42,29
2026-03-06,14:58,16
2026-03-06,14:59,6
2026-03-06,15:01,13
2026-03-06,15:10,15
2026-03-06,15:11,12
2026-03-06,15:12,26
2026-03-06,15:43,21
2026-03-06,15:44,6
2026-03-06,15:45,20
2026-03-06,15:47,5
2026-03-06,15:57,26
2026-03-06,15:59,8
2026-03-06,16:40,8
2026-03-06,16:42,24
2026-03-06,16:43,36
2026-03-06,17:55,15
2026-03-06,17:56,17
2026-03-06,17:57,6
2026-03-06,19:45,25
2026-03-06,21:19,9
2026-03-06,21:46,20
2026-03-06,21:48,20
2026-03-06,21:50,9
2026-03-06,21:51,32
2026-03-06,21:55,27
2026-03-06,22:06,12
2026-03-06,22:07,8
2026-03-06,22:19,31
2026-03-06,22:20,7
2026-03-06,22:22,8
2026-03-06,22:23,12
2026-03-06,22:24,38
2026-03-06,22:26,7
2026-03-06,22:31,7
2026-03-06,22:34,18
2026-03-06,22:42,35
2026-03-06,22:43,36
2026-03-06,22:44,47
2026-03-06,23:04,24
2026-03-06,23:06,24
2026-03-06,23:10,19
2026-03-06,23:11,13
2026-03-06,23:27,29
2026-03-06,23:53,25
2026-03-06,23:54,7
2026-03-06,23:55,9
2026-03-06,23:56,20
2026-03-06,23:57,12
2026-03-06,23:58,1
2026-03-06,23:59,8
2026-03-07,00:00,15
2026-03-07,00:23,23
2026-03-07,00:24,5
2026-03-07,00:26,13
2026-03-07,00:27,29
2026-03-07,00:28,25
2026-03-07,00:29,20
2026-03-07,00:30,7
2026-03-07,00:31,22
2026-03-07,00:33,21
2026-03-07,01:27,10
2026-03-07,09:38,10
2026-03-07,09:42,6
2026-03-07,09:43,27
2026-03-07,09:44,1
2026-03-07,09:47,6
2026-03-07,10:12,9
2026-03-07,10:13,24
2026-03-07,10:18,21
2026-03-07,10:33,6
2026-03-07,10:40,17
2026-03-07,10:41,50
2026-03-07,11:06,10
2026-03-07,11:07,1
2026-03-07,11:35,23
2026-03-07,12:02,29
2026-03-07,12:03,13
2026-03-07,12:09,7
2026-03-07,12:10,11
2026-03-07,12:11,24
2026-03-07,12:13,12
2026-03-07,12:15,5
2026-03-07,12:16,37
2026-03-07,12:21,11
2026-03-07,12:22,38
2026-03-07,12:34,18
2026-03-07,12:36,28
2026-03-07,12:37,30
2026-03-07,12:38,12
2026-03-07,13:01,17
2026-03-07,13:02,2
2026-03-07,13:08,7
2026-03-07,13:20,4
2026-03-07,13:21,23
2026-03-07,13:22,14
2026-03-07,13:23,7
2026-03-07,13:24,36
2026-03-07,13:25,9
2026-03-07,13:26,3
2026-03-07,13:27,14
2026-03-07,13:53,14
2026-03-07,13:54,14
2026-03-07,13:55,17
2026-03-07,14:23,10
2026-03-07,14:26,12
2026-03-07,14:27,3
2026-03-07,15:06,25
2026-03-07,15:32,6
2026-03-07,15:33,14
2026-03-07,15:50,19
2026-03-07,15:52,12
2026-03-07,15:53,1
2026-03-07,16:02,9
2026-03-07,16:05,6
2026-03-07,16:07,24
2026-03-07,16:41,12
2026-03-07,16:48,3
2026-03-07,17:39,25
2026-03-07,17:40,12
2026-03-07,17:50,19
2026-03-07,17:51,34
2026-03-07,19:05,7
2026-03-07,19:06,2
2026-03-07,19:15,10
2026-03-07,19:16,28
2026-03-07,19:31,11
2026-03-07,19:32,7
2026-03-07,19:33,24
2026-03-07,19:34,5
2026-03-07,20:02,5
2026-03-07,20:08,15
2026-03-07,20:09,7
2026-03-07,20:28,24
2026-03-07,20:29,14
2026-03-07,20:33,13
2026-03-07,20:37,7
2026-03-07,20:38,15
2026-03-07,20:39,1
2026-03-07,20:41,11
2026-03-07,20:42,41
2026-03-07,20:43,27
2026-03-07,20:47,21
2026-03-07,21:36,19
2026-03-07,21:37,14
2026-03-07,21:38,6
2026-03-07,21:40,12
2026-03-07,21:42,11
2026-03-07,21:55,7
2026-03-07,22:02,5
2026-03-07,22:34,7
2026-03-07,23:28,10
2026-03-07,23:29,43
2026-03-07,23:30,15
2026-03-07,23:53,10
2026-03-08,00:06,4
2026-03-08,06:26,6
2026-03-08,06:46,5
2026-03-08,06:52,8
2026-03-08,06:53,16
2026-03-08,06:54,48
2026-03-08,06:55,29
2026-03-08,06:59,24
2026-03-08,07:00,9
2026-03-08,07:17,16
2026-03-08,07:18,42
2026-03-08,07:19,21
2026-03-08,07:21,19
2026-03-08,07:22,41
2026-03-08,07:23,51
2026-03-08,07:24,2
2026-03-08,07:25,6
2026-03-08,07:26,52
2026-03-08,07:29,33
2026-03-08,07:30,9
2026-03-08,07:42,23
2026-03-08,07:43,21
2026-03-08,07:45,23
2026-03-08,07:46,22
2026-03-08,07:47,46
2026-03-08,07:48,44
2026-03-08,07:49,82
2026-03-08,07:50,95
2026-03-08,08:03,25
2026-03-08,08:04,99
2026-03-08,08:05,50
2026-03-08,08:06,56
2026-03-08,08:07,92
2026-03-08,08:08,66
2026-03-08,08:09,1
2026-03-08,08:10,35
2026-03-08,08:11,10
2026-03-08,08:12,9
2026-03-08,08:14,17
2026-03-08,08:15,53
2026-03-08,08:27,10
2026-03-08,08:35,9
2026-03-08,08:36,13
2026-03-08,08:50,7
2026-03-08,08:53,46
2026-03-08,08:59,25
2026-03-08,09:00,49
2026-03-08,09:01,102
2026-03-08,09:02,8
2026-03-08,09:04,17
2026-03-08,09:05,10
2026-03-08,09:07,12
2026-03-08,09:09,17
2026-03-08,09:13,6
2026-03-08,09:15,5
2026-03-08,09:16,5
2026-03-08,09:17,22
2026-03-08,09:23,39
2026-03-08,09:24,25
2026-03-08,09:25,106
2026-03-08,09:26,100
2026-03-08,09:27,104
2026-03-08,09:28,58
2026-03-08,09:29,6
2026-03-08,09:40,32
2026-03-08,09:41,22
2026-03-08,09:49,10
2026-03-08,10:17,19
2026-03-08,10:18,6
2026-03-08,10:25,30
2026-03-08,10:29,7
2026-03-08,10:31,14
2026-03-08,10:44,41
2026-03-08,10:45,9
2026-03-08,10:58,7
2026-03-08,10:59,1
2026-03-08,11:00,6
2026-03-08,11:02,9
2026-03-08,11:03,8
2026-03-08,11:04,5
2026-03-08,11:10,42
2026-03-08,11:17,13
2026-03-08,11:18,27
2026-03-08,11:19,27
2026-03-08,11:20,27
2026-03-08,11:23,8
2026-03-08,11:24,40
2026-03-08,11:30,22
2026-03-08,11:31,54
2026-03-08,11:32,10
2026-03-08,11:33,26
2026-03-08,11:36,32
2026-03-08,11:37,16
2026-03-08,11:38,86
2026-03-08,11:39,9
2026-03-08,12:18,9
2026-03-08,12:19,74
2026-03-08,12:20,50
2026-03-08,12:21,35
2026-03-08,12:22,17
2026-03-08,12:24,13
2026-03-08,12:25,28
2026-03-08,12:26,24
2026-03-08,12:27,33
2026-03-08,12:28,25
2026-03-08,12:29,40
2026-03-08,12:30,12
2026-03-08,12:31,23
2026-03-08,12:32,15
2026-03-08,12:37,28
2026-03-08,13:01,15
2026-03-08,13:02,1
2026-03-08,13:05,6
2026-03-08,13:07,5
2026-03-08,13:08,7
2026-03-08,13:11,9
2026-03-08,13:13,33
2026-03-08,13:14,1
2026-03-08,13:18,5
2026-03-08,13:22,6
2026-03-08,13:27,4
2026-03-08,13:46,26
2026-03-08,13:47,13
2026-03-08,13:48,1
2026-03-08,13:53,15
2026-03-08,13:59,9
2026-03-08,14:01,9
2026-03-08,14:04,5
2026-03-08,16:05,11
2026-03-08,16:09,9
2026-03-08,16:10,8
2026-03-08,16:11,8
2026-03-08,16:12,4
2026-03-08,16:13,1
2026-03-08,16:32,9
2026-03-08,16:34,18
2026-03-08,16:36,7
2026-03-08,17:02,14
2026-03-08,17:03,10
2026-03-08,17:04,24
2026-03-08,17:05,12
2026-03-08,17:07,14
2026-03-08,17:09,10
2026-03-08,17:29,7
2026-03-08,18:21,7
2026-03-08,18:22,23
2026-03-08,18:26,6
2026-03-08,18:28,11
2026-03-08,18:29,23
2026-03-08,18:30,106
2026-03-08,18:31,85
2026-03-08,18:32,98
2026-03-08,18:33,15
2026-03-08,18:51,6
2026-03-08,18:57,44
2026-03-08,18:59,8
2026-03-08,19:44,12
2026-03-08,19:45,70
2026-03-08,19:46,11
2026-03-08,19:48,15
2026-03-08,19:51,6
2026-03-08,20:08,29
2026-03-08,20:09,1
2026-03-08,20:22,9
2026-03-08,20:23,15
2026-03-08,20:51,10
2026-03-08,20:52,20
2026-03-08,20:53,13
2026-03-08,21:00,3
2026-03-08,21:02,7
2026-03-08,21:07,6
2026-03-08,21:22,9
2026-03-08,21:38,32
2026-03-08,21:39,18
2026-03-08,22:00,23
2026-03-08,22:01,82
2026-03-08,22:02,13
2026-03-08,22:03,31
2026-03-08,22:04,45
2026-03-08,22:05,8
2026-03-08,22:06,17
2026-03-08,22:07,8
2026-03-08,22:19,10
2026-03-08,22:22,21
2026-03-08,22:41,8
2026-03-08,22:47,19
2026-03-08,22:48,21
2026-03-08,22:49,3
2026-03-08,23:50,31
2026-03-08,23:51,6
2026-03-09,00:01,7
2026-03-09,00:12,6
2026-03-09,00:13,11
2026-03-09,00:14,50
2026-03-09,00:15,8
2026-03-09,00:16,7
2026-03-09,00:42,5
2026-03-09,00:43,40
2026-03-09,01:38,5
2026-03-09,07:05,7
2026-03-09,09:06,5
2026-03-09,09:09,13
2026-03-09,09:12,34
2026-03-09,09:13,7
2026-03-09,09:14,12
2026-03-09,09:15,40
2026-03-09,09:27,22
2026-03-09,09:29,31
2026-03-09,10:02,6
2026-03-09,11:22,9
2026-03-09,11:23,17
2026-03-09,11:24,44
2026-03-09,13:03,10
2026-03-09,13:06,18
2026-03-09,13:07,20
2026-03-09,13:44,53
2026-03-09,13:45,20
2026-03-09,13:46,30
2026-03-09,13:47,59
2026-03-09,13:48,21
2026-03-09,13:49,85
2026-03-09,13:50,13
2026-03-09,13:51,80
2026-03-09,13:52,98
2026-03-09,13:53,92
2026-03-09,13:54,98
2026-03-09,13:55,97
2026-03-09,13:56,59
2026-03-09,14:00,70
2026-03-09,14:01,95
2026-03-09,14:02,101
2026-03-09,14:03,92
2026-03-09,14:04,99
2026-03-09,14:05,102
2026-03-09,14:06,107
2026-03-09,14:07,105
2026-03-09,14:08,102
2026-03-09,14:09,106
2026-03-09,14:10,101
2026-03-09,14:11,95
2026-03-09,14:12,93
2026-03-09,14:13,111
2026-03-09,14:14,93
2026-03-09,14:15,86
2026-03-09,14:16,63
2026-03-09,14:17,104
2026-03-09,14:18,105
2026-03-09,14:19,109
2026-03-09,14:20,102
2026-03-09,14:21,93
2026-03-09,14:22,93
2026-03-09,14:23,89
2026-03-09,14:24,28
2026-03-09,14:27,22
2026-03-09,14:28,91
2026-03-09,14:29,94
2026-03-09,14:30,93
2026-03-09,14:31,95
2026-03-09,14:32,99
2026-03-09,14:33,98
2026-03-09,14:34,98
2026-03-09,14:35,106
2026-03-09,14:36,103
2026-03-09,14:37,104
2026-03-09,14:38,64
2026-03-09,14:39,84
2026-03-09,14:40,83
2026-03-09,14:41,88
2026-03-09,14:42,85
2026-03-09,14:43,90
2026-03-09,14:44,30
2026-03-09,14:45,95
2026-03-09,14:46,92
2026-03-09,14:47,90
2026-03-09,14:48,90
2026-03-09,14:49,57
2026-03-09,14:50,59
2026-03-09,14:51,31
2026-03-09,14:52,9
2026-03-09,14:55,18
2026-03-09,14:56,22
2026-03-09,15:03,8
2026-03-09,15:10,7
2026-03-09,16:10,12
2026-03-09,16:11,11
2026-03-09,16:12,21
2026-03-09,16:39,13
2026-03-10,02:19,4
2026-03-10,02:20,1
2026-03-10,04:35,6
2026-03-10,09:14,7
2026-03-10,09:15,3
2026-03-10,09:25,24
2026-03-10,09:26,6
2026-03-10,09:57,4
2026-03-10,09:58,37
2026-03-10,10:13,10
2026-03-10,10:15,40
2026-03-10,10:16,6
2026-03-10,10:18,14
2026-03-10,10:49,21
2026-03-10,10:50,63
2026-03-10,10:52,9
2026-03-10,10:53,46
2026-03-10,11:02,9
2026-03-10,11:03,17
2026-03-10,11:04,8
2026-03-10,11:05,7
2026-03-10,11:07,14
2026-03-10,11:08,10
2026-03-10,11:12,5
2026-03-10,11:14,16
2026-03-10,11:16,21
2026-03-10,11:17,44
2026-03-10,11:21,15
2026-03-10,11:22,17
2026-03-10,11:24,17
2026-03-10,11:25,1
2026-03-10,11:29,6
2026-03-10,11:32,16
2026-03-10,11:33,34
2026-03-10,11:34,10
2026-03-10,11:35,14
2026-03-10,11:56,8
2026-03-10,11:57,24
2026-03-10,11:58,9
2026-03-10,12:05,5
2026-03-10,12:06,9
2026-03-10,12:07,1
2026-03-10,12:09,4
2026-03-10,12:10,36
2026-03-10,12:11,22
2026-03-10,12:12,87
2026-03-10,12:13,97
2026-03-10,12:14,99
2026-03-10,12:15,96
2026-03-10,12:16,96
2026-03-10,12:17,100
2026-03-10,12:18,105
2026-03-10,12:19,88
2026-03-10,12:20,93
2026-03-10,12:21,101
2026-03-10,12:22,108
2026-03-10,12:23,105
2026-03-10,12:24,104
2026-03-10,12:25,107
2026-03-10,12:26,57
2026-03-10,12:27,51
2026-03-10,12:29,8
2026-03-10,12:32,22
2026-03-10,12:33,1
2026-03-10,12:37,68
2026-03-10,12:38,91
2026-03-10,12:39,90
2026-03-10,12:40,85
2026-03-10,12:41,42
2026-03-10,12:42,17
2026-03-10,12:43,15
2026-03-10,12:45,5
2026-03-10,13:05,11
2026-03-10,13:06,44
2026-03-10,14:32,21
2026-03-10,14:50,6
2026-03-10,15:08,28
2026-03-10,15:09,52
2026-03-10,15:10,57
2026-03-10,15:11,50
2026-03-10,15:12,47
2026-03-10,15:29,91
2026-03-10,15:36,6
2026-03-10,15:37,84
2026-03-10,15:38,37
2026-03-10,15:42,48
2026-03-10,15:54,12
2026-03-10,16:30,6
2026-03-10,16:37,51
2026-03-10,16:40,20
2026-03-10,16:57,39
2026-03-10,17:31,11
2026-03-10,17:32,15
2026-03-10,17:33,1
2026-03-10,17:35,24
2026-03-10,17:36,79
2026-03-10,17:52,39
2026-03-10,17:53,2
2026-03-10,17:56,3
2026-03-10,17:57,10
2026-03-10,17:58,6
2026-03-10,18:00,13
2026-03-10,18:04,41
2026-03-10,18:05,1
2026-03-10,18:36,18
2026-03-10,18:40,5
2026-03-10,18:42,6
2026-03-10,18:43,5
2026-03-10,18:44,19
2026-03-10,18:45,61
2026-03-10,18:46,102
2026-03-10,18:47,107
2026-03-10,18:48,24
2026-03-10,18:57,8
2026-03-10,18:58,1
2026-03-10,18:59,70
2026-03-10,19:00,60
2026-03-10,19:04,6
2026-03-10,19:31,17
2026-03-10,19:32,16
2026-03-10,19:43,62
2026-03-10,19:44,69
2026-03-10,19:56,4
2026-03-10,19:57,48
2026-03-10,19:58,64
2026-03-10,20:00,37
2026-03-10,20:02,8
2026-03-10,20:03,10
2026-03-10,20:04,5
2026-03-10,20:05,30
2026-03-10,20:06,22
2026-03-10,20:24,6
2026-03-10,20:25,23
2026-03-10,20:26,10
2026-03-10,21:05,11
2026-03-10,21:58,6
2026-03-10,21:59,16
2026-03-10,22:01,10
2026-03-10,22:02,32
2026-03-10,22:03,1
2026-03-10,22:11,23
2026-03-10,22:12,20
2026-03-10,22:13,1
2026-03-10,22:14,10
2026-03-10,22:15,28
2026-03-10,22:18,11
2026-03-10,22:24,17
2026-03-10,22:26,5
2026-03-10,22:33,7
2026-03-10,22:34,1
2026-03-10,23:13,26
2026-03-10,23:14,6
2026-03-10,23:15,12
2026-03-11,00:03,8
2026-03-11,00:04,30
2026-03-11,00:06,6
2026-03-11,09:18,9
2026-03-11,09:25,10
2026-03-11,09:26,26
2026-03-11,09:27,3
2026-03-11,09:45,8
2026-03-11,09:46,6
2026-03-11,10:10,9
2026-03-11,10:11,4
2026-03-11,10:38,13
2026-03-11,10:41,24
2026-03-11,10:42,7
2026-03-11,10:45,5
2026-03-11,10:46,28
2026-03-11,11:12,29
2026-03-11,11:13,9
2026-03-11,11:18,8
2026-03-11,11:19,23
2026-03-11,11:22,15
2026-03-11,11:23,27
2026-03-11,11:24,41
2026-03-11,11:43,7
2026-03-11,11:45,12
2026-03-11,11:47,3
2026-03-11,11:49,21
2026-03-11,11:51,26
2026-03-11,11:52,27
2026-03-11,11:53,15
2026-03-11,11:57,14
2026-03-11,11:59,24
2026-03-11,12:00,11
2026-03-11,12:02,39
2026-03-11,12:03,34
2026-03-11,12:04,12
2026-03-11,12:05,35
2026-03-11,12:06,35
2026-03-11,12:07,81
2026-03-11,12:08,20
2026-03-11,12:18,109
2026-03-11,12:19,3
2026-03-11,12:32,4
2026-03-11,12:41,6
2026-03-11,12:42,112
2026-03-11,12:43,98
2026-03-11,12:44,114
2026-03-11,12:45,113
2026-03-11,12:46,36
2026-03-11,12:53,68
2026-03-11,12:54,88
2026-03-11,12:55,111
2026-03-11,12:56,104
2026-03-11,12:57,108
2026-03-11,12:58,106
2026-03-11,12:59,48
2026-03-11,16:39,54
2026-03-11,16:40,28
2026-03-11,16:42,70
2026-03-11,16:43,109
2026-03-11,16:44,100
2026-03-11,16:45,109
2026-03-11,16:46,102
2026-03-11,16:47,69
2026-03-11,16:48,7
2026-03-11,16:56,6
2026-03-11,16:58,42
2026-03-11,17:05,31
2026-03-11,17:30,7
2026-03-11,17:54,21
2026-03-11,18:11,74
2026-03-11,18:12,15
2026-03-11,18:13,69
2026-03-11,18:14,114
2026-03-11,18:15,96
2026-03-11,18:16,112
2026-03-11,18:17,117
2026-03-11,18:18,74
2026-03-11,18:19,14
2026-03-11,18:21,16
2026-03-11,18:22,104
2026-03-11,18:23,115
2026-03-11,18:24,47
2026-03-11,18:25,84
2026-03-11,18:26,14
2026-03-11,18:27,13
2026-03-11,18:28,99
2026-03-11,18:29,103
2026-03-11,18:30,90
2026-03-11,18:31,26
2026-03-11,18:32,44
2026-03-11,18:34,23
2026-03-11,18:36,4
2026-03-11,18:39,5
2026-03-11,18:40,67
2026-03-11,18:41,36
2026-03-11,18:44,30
2026-03-11,18:45,6
2026-03-11,19:12,14
2026-03-11,19:13,62
2026-03-11,19:14,111
2026-03-11,19:15,99
2026-03-11,19:16,42
2026-03-11,19:23,84
2026-03-11,19:24,15
2026-03-11,19:25,36
2026-03-11,19:26,65
2026-03-11,19:27,42
2026-03-11,19:28,31
2026-03-11,19:29,10
2026-03-11,19:40,7
2026-03-11,19:41,10
2026-03-11,19:47,30
2026-03-11,20:33,38
2026-03-11,20:36,22
2026-03-11,20:37,26
2026-03-11,20:38,1
2026-03-11,20:58,9
2026-03-11,20:59,7
2026-03-11,21:09,23
2026-03-11,21:10,25
2026-03-11,21:35,6
2026-03-11,21:36,1
2026-03-11,21:37,16
2026-03-11,21:38,7
2026-03-11,21:41,15
2026-03-11,21:44,4
2026-03-11,22:01,3
2026-03-11,22:04,10
2026-03-11,22:07,26
2026-03-11,22:37,45
2026-03-11,22:38,1
2026-03-11,22:42,10
2026-03-11,23:18,23
2026-03-11,23:19,14
2026-03-11,23:46,7
2026-03-12,00:10,10
2026-03-12,00:36,7
2026-03-12,00:37,18
2026-03-12,00:38,5
2026-03-12,09:28,12
2026-03-12,09:29,8
2026-03-12,09:31,17
2026-03-12,10:32,17
2026-03-12,10:33,15
2026-03-12,10:34,16
2026-03-12,11:18,34
2026-03-12,11:19,15
2026-03-12,11:20,70
2026-03-12,11:22,53
2026-03-12,11:59,30
2026-03-12,12:00,13
2026-03-12,12:01,6
2026-03-12,12:04,22
2026-03-12,12:16,7
2026-03-12,12:21,22
2026-03-12,12:22,1
2026-03-12,12:32,8
2026-03-12,12:46,7
2026-03-12,13:05,73
2026-03-12,13:06,28
2026-03-12,13:07,110
2026-03-12,13:08,61
2026-03-12,13:09,46
2026-03-12,13:11,4
2026-03-12,13:12,19
2026-03-12,13:13,18
2026-03-12,13:14,23
2026-03-12,13:43,17
2026-03-12,13:44,34
2026-03-12,13:49,6
2026-03-12,15:57,7
2026-03-12,15:58,6
2026-03-12,16:01,3
2026-03-12,16:05,7
2026-03-12,16:27,15
2026-03-12,16:31,22
2026-03-12,16:33,11
2026-03-12,16:34,13
2026-03-12,16:37,36
2026-03-12,17:30,38
2026-03-12,17:31,1
2026-03-12,17:32,16
2026-03-12,18:12,36
2026-03-12,18:13,16
2026-03-12,18:41,33
2026-03-12,19:04,34
2026-03-12,19:05,42
2026-03-12,19:06,16
2026-03-12,19:07,41
2026-03-12,19:08,40
2026-03-12,19:15,38
2026-03-12,19:17,45
2026-03-12,19:18,50
2026-03-12,19:19,101
2026-03-12,19:20,96
2026-03-12,19:21,93
2026-03-12,19:22,97
2026-03-12,19:23,90
2026-03-12,19:24,93
2026-03-12,19:25,98
2026-03-12,19:26,88
2026-03-12,19:27,97
2026-03-12,19:28,105
2026-03-12,19:29,101
2026-03-12,19:30,100
2026-03-12,19:31,100
2026-03-12,19:32,97
2026-03-12,19:33,87
2026-03-12,19:34,95
2026-03-12,19:35,86
2026-03-12,19:36,91
2026-03-12,19:37,99
2026-03-12,19:38,94
2026-03-12,19:39,102
2026-03-12,19:40,91
2026-03-12,19:41,57
2026-03-12,19:52,21
2026-03-12,19:53,18
2026-03-12,19:54,22
2026-03-12,19:55,17
2026-03-12,19:57,20
2026-03-12,19:58,6
2026-03-12,20:18,16
2026-03-12,20:19,12
2026-03-12,21:14,20
2026-03-12,21:15,18
2026-03-12,21:20,16
2026-03-12,21:23,11
2026-03-12,21:26,7
2026-03-12,21:38,9
2026-03-12,21:55,17
2026-03-12,21:57,14
2026-03-12,22:15,11
2026-03-12,22:16,34
2026-03-12,23:46,26
2026-03-12,23:47,1
2026-03-12,23:53,36
2026-03-12,23:54,15
2026-03-13,00:15,15
2026-03-13,00:16,13
2026-03-13,00:17,20
2026-03-13,00:18,20
2026-03-13,09:24,6
2026-03-13,09:33,8
2026-03-13,09:34,14
2026-03-13,09:58,20
2026-03-13,12:05,42
2026-03-13,12:06,3
2026-03-13,12:09,34
2026-03-13,12:13,11
2026-03-13,12:28,11
2026-03-13,12:29,27
2026-03-13,12:32,18
2026-03-13,12:33,27
2026-03-13,12:34,7
2026-03-13,12:47,10
2026-03-13,12:48,35
2026-03-13,12:49,96
2026-03-13,12:50,38
2026-03-13,13:08,7
2026-03-13,13:09,7
2026-03-13,13:10,11
2026-03-13,13:11,101
2026-03-13,13:12,35
2026-03-13,13:13,44
2026-03-13,13:14,10
2026-03-13,13:15,29
2026-03-13,13:17,22
2026-03-13,13:18,70
2026-03-13,13:19,57
2026-03-13,13:20,100
2026-03-13,13:21,96
2026-03-13,13:22,80
2026-03-13,13:23,15
2026-03-13,13:24,5
2026-03-13,13:32,23
2026-03-13,13:42,43
2026-03-13,13:45,23
2026-03-13,13:46,102
2026-03-13,13:47,96
2026-03-13,13:48,102
2026-03-13,13:49,100
2026-03-13,13:50,96
2026-03-13,13:51,98
2026-03-13,13:52,100
2026-03-13,13:53,100
2026-03-13,13:54,98
2026-03-13,13:55,98
2026-03-13,13:56,99
2026-03-13,13:57,101
2026-03-13,13:58,101
2026-03-13,13:59,103
2026-03-13,14:02,11
2026-03-13,14:06,33
2026-03-13,14:07,48
2026-03-13,14:09,23
2026-03-13,14:18,5
2026-03-13,14:21,59
2026-03-13,14:22,13
2026-03-13,14:26,32
2026-03-13,14:27,78
2026-03-13,14:28,72
2026-03-13,14:29,73
2026-03-13,14:30,101
2026-03-13,14:31,67
2026-03-13,14:45,24
2026-03-13,14:46,10
2026-03-13,14:47,103
2026-03-13,14:48,43
2026-03-13,14:49,7
2026-03-13,15:05,48
2026-03-13,15:06,27
2026-03-13,15:17,10
2026-03-13,15:38,8
2026-03-13,15:45,51
2026-03-13,15:46,77
2026-03-13,15:48,33
2026-03-13,15:49,1
2026-03-13,15:50,25
2026-03-13,16:00,53
2026-03-13,16:01,53
2026-03-13,17:28,6
2026-03-13,17:29,13
2026-03-13,18:18,9
2026-03-13,18:19,9
2026-03-13,18:38,4
2026-03-13,18:40,15
2026-03-13,18:41,41
2026-03-13,18:42,56
2026-03-13,18:43,1
2026-03-13,18:52,22
2026-03-13,18:53,24
2026-03-13,18:59,45
2026-03-13,19:00,9
2026-03-13,19:09,18
2026-03-13,19:10,20
2026-03-13,19:50,10
2026-03-13,20:05,47
2026-03-13,20:06,97
2026-03-13,20:07,38
2026-03-13,20:08,73
2026-03-13,20:09,32
2026-03-13,20:10,42
2026-03-13,20:11,58
2026-03-13,20:26,5
2026-03-13,20:30,7
2026-03-13,20:33,10
2026-03-13,20:48,9
2026-03-13,20:52,10
2026-03-13,20:55,5
2026-03-13,20:56,8
2026-03-13,21:03,16
2026-03-13,21:04,6
2026-03-13,21:05,7
2026-03-13,21:20,10
2026-03-13,21:22,7
2026-03-13,21:23,9
2026-03-13,21:24,1
2026-03-13,21:25,9
2026-03-13,21:28,11
2026-03-13,21:29,7
2026-03-13,21:31,19
2026-03-13,21:33,9
2026-03-13,21:36,46
2026-03-13,21:40,24
2026-03-13,21:41,13
2026-03-13,22:00,17
2026-03-13,22:09,6
2026-03-13,22:10,3
2026-03-13,22:21,88
2026-03-13,22:22,59
2026-03-13,22:48,59
2026-03-13,22:49,101
2026-03-13,22:50,21
2026-03-13,22:51,34
2026-03-13,22:52,15
2026-03-13,22:53,12
2026-03-13,22:54,22
2026-03-13,22:55,17
2026-03-13,22:56,5
2026-03-13,22:57,34
2026-03-13,22:58,1
2026-03-13,23:08,8
2026-03-13,23:09,5
2026-03-13,23:11,23
2026-03-13,23:12,15
2026-03-13,23:13,48
2026-03-13,23:14,16
2026-03-13,23:15,39
2026-03-13,23:16,10
2026-03-13,23:17,30
2026-03-13,23:41,40
2026-03-14,00:17,31
2026-03-14,00:18,12
2026-03-14,00:19,27
2026-03-14,00:48,5
2026-03-14,00:49,28
2026-03-14,00:51,6
2026-03-14,01:01,7
2026-03-14,01:02,10
2026-03-14,08:50,8
2026-03-14,08:51,6
2026-03-14,08:52,1
2026-03-14,08:53,30
2026-03-14,08:54,15
2026-03-14,08:55,22
2026-03-14,09:15,12
2026-03-14,10:32,14
2026-03-14,10:33,1
2026-03-14,11:16,31
2026-03-14,11:18,21
2026-03-14,12:13,6
2026-03-14,12:14,2
2026-03-14,12:42,11
2026-03-14,12:43,30
2026-03-14,13:12,6
2026-03-14,13:24,33
2026-03-14,13:27,35
2026-03-14,13:31,43
2026-03-14,13:33,17
2026-03-14,13:35,5
2026-03-14,13:37,6
2026-03-14,13:45,34
2026-03-14,13:52,28
2026-03-14,13:53,7
2026-03-14,13:55,14
2026-03-14,13:56,28
2026-03-14,14:56,49
2026-03-14,15:18,6
2026-03-14,15:31,29
2026-03-14,15:32,17
2026-03-14,15:36,14
2026-03-14,15:40,25
2026-03-14,15:42,37
2026-03-14,15:43,26
2026-03-14,15:44,4
2026-03-14,15:45,86
2026-03-14,15:46,32
2026-03-14,15:47,7
2026-03-14,15:50,7
2026-03-14,15:51,1
2026-03-14,15:52,42
2026-03-14,15:53,101
2026-03-14,15:54,56
2026-03-14,15:55,31
2026-03-14,15:56,21
2026-03-14,15:57,33
2026-03-14,15:58,41
2026-03-14,15:59,17
2026-03-14,16:00,34
2026-03-14,16:01,48
2026-03-14,16:06,45
2026-03-14,16:07,27
2026-03-14,16:08,12
2026-03-14,16:09,43
2026-03-14,16:10,37
2026-03-14,16:11,11
2026-03-14,16:13,69
2026-03-14,16:14,66
2026-03-14,16:15,33
2026-03-14,16:16,57
2026-03-14,16:17,49
2026-03-14,16:24,14
2026-03-14,16:25,95
2026-03-14,16:27,62
2026-03-14,16:28,21
2026-03-14,16:31,10
2026-03-14,16:33,19
2026-03-14,16:34,24
2026-03-14,16:35,9
2026-03-14,16:53,13
2026-03-14,17:26,6
2026-03-14,19:44,32
2026-03-14,19:48,25
2026-03-14,19:49,18
2026-03-14,20:25,9
2026-03-14,20:27,10
2026-03-14,20:48,15
2026-03-14,21:11,30
2026-03-14,21:23,28
2026-03-14,21:24,19
2026-03-14,21:46,16
2026-03-14,21:47,2
2026-03-14,21:49,21
2026-03-14,21:50,19
2026-03-14,21:52,5
2026-03-14,21:53,28
2026-03-14,22:03,17
2026-03-14,22:04,31
2026-03-14,22:05,14
2026-03-14,22:12,21
2026-03-14,22:13,9
2026-03-14,23:01,8
2026-03-15,00:07,7
2026-03-15,00:08,15
2026-03-15,00:24,18
2026-03-15,00:25,1
2026-03-15,00:39,20
2026-03-15,00:42,9
2026-03-15,00:43,15
2026-03-15,00:49,6
2026-03-15,00:50,13
2026-03-15,03:29,5
2026-03-15,07:57,13
2026-03-15,08:02,9
2026-03-15,08:03,9
2026-03-15,08:05,9
2026-03-15,08:06,18
2026-03-15,08:07,1
2026-03-15,08:24,3
2026-03-15,08:34,29
2026-03-15,08:35,6
2026-03-15,08:36,7
2026-03-15,08:37,6
2026-03-15,08:38,23
2026-03-15,08:42,12
2026-03-15,08:43,1
2026-03-15,08:45,51
2026-03-15,08:46,52
2026-03-15,08:47,33
2026-03-15,08:51,9
2026-03-15,08:52,18
2026-03-15,08:53,6
2026-03-15,08:54,48
2026-03-15,08:55,26
2026-03-15,08:56,62
2026-03-15,08:57,55
2026-03-15,08:58,108
2026-03-15,08:59,77
2026-03-15,09:01,10
2026-03-15,09:16,111
2026-03-15,09:17,51
2026-03-15,09:18,95
2026-03-15,09:19,96
2026-03-15,09:20,41
2026-03-15,09:21,73
2026-03-15,09:22,16
2026-03-15,09:29,14
2026-03-15,09:30,20
2026-03-15,09:32,24
2026-03-15,09:36,5
2026-03-15,09:37,5
2026-03-15,09:38,8
2026-03-15,09:39,16
2026-03-15,09:40,42
2026-03-15,09:41,21
2026-03-15,09:42,14
2026-03-15,09:43,33
2026-03-15,09:44,33
2026-03-15,09:45,33
2026-03-15,09:46,24
2026-03-15,09:47,42
2026-03-15,09:48,36
2026-03-15,09:49,26
2026-03-15,09:50,16
2026-03-15,09:52,22
2026-03-15,09:53,41
2026-03-15,09:54,35
2026-03-15,09:55,5
2026-03-15,09:57,26
2026-03-15,09:58,30
2026-03-15,09:59,7
2026-03-15,10:01,53
2026-03-15,10:02,19
2026-03-15,10:03,17
2026-03-15,10:05,19
2026-03-15,10:07,10
2026-03-15,10:08,24
2026-03-15,10:09,16
2026-03-15,10:10,19
2026-03-15,10:11,6
2026-03-15,10:12,11
2026-03-15,10:13,86
2026-03-15,10:14,9
2026-03-15,10:22,10
2026-03-15,10:23,39
2026-03-15,10:24,7
2026-03-15,10:26,17
2026-03-15,10:27,72
2026-03-15,10:29,29
2026-03-15,10:30,5
2026-03-15,10:32,16
2026-03-15,10:34,28
2026-03-15,10:35,100
2026-03-15,10:36,80
2026-03-15,10:37,93
2026-03-15,10:38,68
2026-03-15,10:39,115
2026-03-15,10:40,43
2026-03-15,10:44,63
2026-03-15,10:45,72
2026-03-15,10:46,14
2026-03-15,12:00,23
2026-03-15,12:01,3
2026-03-15,12:15,13
2026-03-15,12:16,98
2026-03-15,12:17,28
2026-03-15,12:18,5
2026-03-15,12:19,6
2026-03-15,12:22,8
2026-03-15,12:23,9
2026-03-15,12:28,7
2026-03-15,12:29,11
2026-03-15,12:31,5
2026-03-15,12:40,13
2026-03-15,12:45,6
2026-03-15,12:47,4
2026-03-15,12:59,7
2026-03-15,13:02,6
2026-03-15,13:14,10
2026-03-15,13:16,18
2026-03-15,13:17,22
2026-03-15,13:18,13
2026-03-15,13:19,79
2026-03-15,13:20,41
2026-03-15,13:21,87
2026-03-15,13:22,35
2026-03-15,13:24,16
2026-03-15,13:29,7
2026-03-15,13:30,79
2026-03-15,13:31,24
2026-03-15,13:32,38
2026-03-15,13:33,37
2026-03-15,13:34,71
2026-03-15,13:35,7
2026-03-15,13:52,66
2026-03-15,13:53,41
2026-03-15,13:54,1
2026-03-15,13:58,10
2026-03-15,13:59,38
2026-03-15,14:00,15
2026-03-15,14:01,46
2026-03-15,14:02,45
2026-03-15,14:03,13
2026-03-15,14:09,39
2026-03-15,14:10,2
2026-03-15,14:13,8
2026-03-15,14:16,9
2026-03-15,14:17,12
2026-03-15,14:21,6
2026-03-15,14:37,6
2026-03-15,14:59,14
2026-03-15,15:00,5
2026-03-15,15:03,7
2026-03-15,15:44,5
2026-03-15,16:12,26
2026-03-15,16:38,48
2026-03-15,16:39,3
2026-03-15,19:33,14
2026-03-15,19:34,10
2026-03-15,20:19,28
2026-03-15,20:20,1
2026-03-15,20:22,5
2026-03-15,20:26,9
2026-03-15,20:27,9
2026-03-15,20:55,50
2026-03-15,21:20,11
2026-03-15,21:30,19
2026-03-15,21:34,6
2026-03-15,21:40,15
2026-03-15,21:41,16
2026-03-15,21:42,23
2026-03-15,21:43,5
2026-03-15,21:44,5
2026-03-15,21:47,39
2026-03-15,21:59,23
2026-03-15,22:01,14
2026-03-15,22:38,35
2026-03-15,22:41,50
2026-03-15,22:42,31
2026-03-15,22:43,24
2026-03-15,22:44,23
2026-03-15,22:45,15
2026-03-15,22:46,16
2026-03-15,22:47,47
2026-03-15,22:48,6
2026-03-15,22:54,21
2026-03-15,23:02,6
2026-03-15,23:03,8
2026-03-15,23:18,21
2026-03-15,23:19,18
2026-03-15,23:20,21
2026-03-15,23:41,8
2026-03-15,23:42,17
2026-03-15,23:43,15
2026-03-15,23:44,50
2026-03-15,23:45,1
2026-03-16,00:28,7
2026-03-16,09:40,6
2026-03-16,09:42,45
2026-03-16,09:43,10
2026-03-16,09:44,7
2026-03-16,10:00,7
2026-03-16,10:03,9
2026-03-16,10:34,6
2026-03-16,10:58,3
2026-03-16,10:59,5
2026-03-16,11:00,16
2026-03-16,11:43,6
2026-03-16,11:53,25
2026-03-16,12:27,7
2026-03-16,12:28,9
2026-03-16,12:29,18
2026-03-16,12:31,9
2026-03-16,12:32,43
2026-03-16,12:33,5
2026-03-16,12:36,19
2026-03-16,12:37,1
2026-03-16,13:06,5
2026-03-16,13:07,3
2026-03-16,13:36,12
2026-03-16,13:39,7
2026-03-16,13:40,40
2026-03-16,13:41,32
2026-03-16,15:29,15
2026-03-16,15:33,8
2026-03-16,15:36,17
2026-03-16,15:38,14
2026-03-16,16:00,4
2026-03-16,16:04,19
2026-03-16,16:05,10
2026-03-16,16:07,40
2026-03-16,16:09,47
2026-03-16,16:10,77
2026-03-16,16:11,43
2026-03-16,16:26,33
2026-03-16,16:27,45
2026-03-16,16:29,6
2026-03-16,16:32,21
2026-03-16,16:46,34
2026-03-16,16:47,76
2026-03-16,17:06,42
2026-03-16,17:07,67
2026-03-16,17:08,38
2026-03-16,17:13,4
2026-03-16,17:18,7
2026-03-16,17:19,9
2026-03-16,17:20,8
2026-03-16,17:21,30
2026-03-16,17:22,15
2026-03-16,17:31,5
2026-03-16,18:42,7
2026-03-16,18:43,6
2026-03-16,18:44,36
2026-03-16,18:45,63
2026-03-16,18:46,103
2026-03-16,18:47,48
2026-03-16,18:55,5
2026-03-16,19:00,114
2026-03-16,19:01,55
2026-03-16,19:06,5
2026-03-16,19:07,1
2026-03-16,19:21,24
2026-03-16,19:22,7
2026-03-16,19:25,14
2026-03-16,19:28,96
2026-03-16,19:29,25
2026-03-16,19:34,4
2026-03-16,19:44,4
2026-03-16,19:49,15
2026-03-16,19:52,80
2026-03-16,19:53,19
2026-03-16,19:54,44
2026-03-16,19:55,14
2026-03-16,19:56,86
2026-03-16,19:57,98
2026-03-16,19:58,82
2026-03-16,19:59,35
2026-03-16,20:00,35
2026-03-16,20:01,6
2026-03-16,20:02,15
2026-03-16,20:03,49
2026-03-16,20:04,24
2026-03-16,20:05,41
2026-03-16,20:30,33
2026-03-16,20:31,67
2026-03-16,20:32,18
2026-03-16,23:08,7
2026-03-16,23:09,47
2026-03-16,23:10,17
2026-03-16,23:11,18
2026-03-16,23:12,5
2026-03-16,23:18,7
2026-03-16,23:20,6
2026-03-16,23:21,7
2026-03-16,23:22,20
2026-03-16,23:31,15
2026-03-16,23:32,22
2026-03-16,23:33,5
2026-03-16,23:34,32
2026-03-17,00:00,3
2026-03-17,00:01,43
2026-03-17,00:02,38
2026-03-17,00:03,12
2026-03-17,00:27,35
2026-03-17,00:28,19
2026-03-17,00:29,27
2026-03-17,00:32,59
2026-03-17,00:33,16
2026-03-17,00:56,14
2026-03-17,00:57,14
2026-03-17,09:24,15
2026-03-17,09:33,26
2026-03-17,09:34,12
2026-03-17,09:35,34
2026-03-17,09:36,29
2026-03-17,10:14,18
2026-03-17,10:35,3
2026-03-17,12:05,29
2026-03-17,12:06,8
2026-03-17,12:07,20
2026-03-17,12:08,18
2026-03-17,12:17,17
2026-03-17,12:18,1
2026-03-17,12:20,16
2026-03-17,12:42,10
2026-03-17,12:43,11
2026-03-17,12:44,31
2026-03-17,12:55,6
2026-03-17,12:56,13
2026-03-17,13:07,22
2026-03-17,14:31,7
2026-03-17,15:26,10
2026-03-17,15:27,42
2026-03-17,15:28,32
2026-03-17,15:30,6
2026-03-17,15:32,6
2026-03-17,15:33,3
2026-03-17,15:34,20
2026-03-17,15:41,9
2026-03-17,15:52,23
2026-03-17,17:37,13
2026-03-17,17:42,11
2026-03-17,17:44,10
2026-03-17,17:50,7
2026-03-17,17:52,16
2026-03-17,17:53,7
2026-03-17,17:54,7
2026-03-17,18:19,13
2026-03-17,18:32,7
2026-03-17,18:41,6
2026-03-17,18:42,8
2026-03-17,18:49,5
2026-03-17,18:50,7
2026-03-17,18:51,7
2026-03-17,18:52,22
2026-03-17,18:53,15
2026-03-17,18:54,71
2026-03-17,18:55,23
2026-03-17,18:56,5
2026-03-17,18:57,67
2026-03-17,18:59,5
2026-03-17,19:08,28
2026-03-17,19:09,116
2026-03-17,19:10,29
2026-03-17,19:28,24
2026-03-17,19:49,7
2026-03-17,19:51,7
2026-03-17,20:06,114
2026-03-17,20:07,46
2026-03-17,20:08,5
2026-03-17,20:09,1
2026-03-17,20:10,5
2026-03-17,20:11,7
2026-03-17,20:20,16
2026-03-17,20:23,63
2026-03-17,20:24,35
2026-03-17,20:31,18
2026-03-17,20:32,14
2026-03-17,20:33,13
2026-03-17,20:34,10
2026-03-17,21:05,5
2026-03-17,21:07,9
2026-03-17,21:08,62
2026-03-17,21:09,28
2026-03-17,21:11,8
2026-03-17,22:20,15
2026-03-17,22:26,12
2026-03-17,22:31,3
2026-03-17,22:33,25
2026-03-17,23:04,24
2026-03-17,23:05,33
2026-03-17,23:06,7
2026-03-17,23:07,12
2026-03-17,23:08,1
2026-03-17,23:09,15
2026-03-17,23:21,14
2026-03-17,23:22,20
2026-03-17,23:38,47
2026-03-17,23:39,31
2026-03-17,23:40,27
2026-03-17,23:47,31
2026-03-17,23:48,12
2026-03-18,00:13,15
2026-03-18,00:14,1
2026-03-18,00:23,6
2026-03-18,00:27,24
2026-03-18,00:58,8
2026-03-18,00:59,6
2026-03-18,01:06,4
2026-03-18,01:24,5
2026-03-18,01:25,23
2026-03-18,01:26,5
2026-03-18,01:32,7
2026-03-18,01:34,23
2026-03-18,09:14,9
2026-03-18,09:18,9
2026-03-18,09:19,17
2026-03-18,09:20,22
2026-03-18,09:21,10
2026-03-18,09:36,11
2026-03-18,09:37,36
2026-03-18,09:38,15
2026-03-18,09:39,94
2026-03-18,09:40,34
2026-03-18,09:42,41
2026-03-18,09:43,82
2026-03-18,09:45,60
2026-03-18,09:46,40
2026-03-18,09:48,47
2026-03-18,09:56,14
2026-03-18,09:57,14
2026-03-18,09:58,8
2026-03-18,10:31,14
2026-03-18,10:32,24
2026-03-18,10:33,12
2026-03-18,10:35,37
2026-03-18,11:12,7
2026-03-18,11:51,11
2026-03-18,11:52,5
2026-03-18,11:55,29
2026-03-18,11:56,9
2026-03-18,12:05,14
2026-03-18,12:06,24
2026-03-18,12:22,31
2026-03-18,12:23,19
2026-03-18,12:24,58
2026-03-18,14:59,15
2026-03-18,15:55,12
2026-03-18,15:58,10
2026-03-18,15:59,16
2026-03-18,16:00,14
2026-03-18,16:01,3
2026-03-18,16:05,8
2026-03-18,16:08,5
2026-03-18,16:09,41
2026-03-18,16:10,33
2026-03-18,16:11,77
2026-03-18,16:12,20
2026-03-18,16:14,6
2026-03-18,16:18,88
2026-03-18,16:19,45
2026-03-18,16:20,20
2026-03-18,16:22,5
2026-03-18,16:23,88
2026-03-18,16:24,41
2026-03-18,17:01,51
2026-03-18,17:02,26
2026-03-18,17:03,98
2026-03-18,17:09,12
2026-03-18,17:10,92
2026-03-18,17:13,39
2026-03-18,17:14,1
2026-03-18,17:17,6
2026-03-18,17:37,17
2026-03-18,17:39,14
2026-03-18,17:43,29
2026-03-18,17:44,27
2026-03-18,18:51,24
2026-03-18,18:52,18
2026-03-18,18:55,9
2026-03-18,19:21,22
2026-03-18,19:22,11
2026-03-18,19:23,56
2026-03-18,19:24,14
2026-03-18,19:25,22
2026-03-18,19:26,6
2026-03-18,19:28,9
2026-03-18,19:29,24
2026-03-18,19:33,2
2026-03-18,19:34,107
2026-03-18,19:35,23
2026-03-18,19:52,17
2026-03-18,19:53,26
2026-03-18,19:57,37
2026-03-18,19:58,97
2026-03-18,19:59,8
2026-03-18,20:06,73
2026-03-18,20:07,49
2026-03-19,00:38,13
2026-03-19,00:42,19
2026-03-19,00:43,16
2026-03-19,09:25,5
2026-03-19,09:26,1
2026-03-19,09:36,15
2026-03-19,09:57,25
2026-03-19,10:07,21
2026-03-19,10:08,1
2026-03-19,10:25,46
2026-03-19,11:15,23
2026-03-19,11:17,16
2026-03-19,11:18,35
2026-03-19,12:25,7
2026-03-19,12:26,20
2026-03-19,12:27,21
2026-03-19,12:28,22
2026-03-19,12:39,12
2026-03-19,13:20,26
2026-03-19,13:21,27
2026-03-19,13:22,6
2026-03-19,13:30,47
2026-03-19,13:31,14
2026-03-19,15:33,8
2026-03-19,15:34,30
2026-03-19,15:35,5
2026-03-19,15:36,10
2026-03-19,15:37,11
2026-03-19,15:38,16
2026-03-19,15:39,8
2026-03-19,15:40,6
2026-03-19,15:47,6
2026-03-19,15:48,7
2026-03-19,15:50,17
2026-03-19,15:53,36
2026-03-19,15:58,23
2026-03-19,16:01,14
2026-03-19,16:03,27
2026-03-19,16:04,34
2026-03-19,16:06,21
2026-03-19,16:11,71
2026-03-19,16:12,35
2026-03-19,16:13,8
2026-03-19,16:14,34
2026-03-19,16:31,19
2026-03-19,16:32,14
2026-03-19,17:18,11
2026-03-19,17:19,29
2026-03-19,17:55,39
2026-03-19,17:56,12
2026-03-19,18:13,36
2026-03-19,18:14,18
2026-03-19,18:15,50
2026-03-19,18:16,22
2026-03-19,18:20,32
2026-03-19,18:21,8
2026-03-19,18:22,28
2026-03-19,18:26,46
2026-03-19,18:27,16
2026-03-19,18:29,5
2026-03-19,18:30,10
2026-03-19,18:32,17
2026-03-19,18:33,24
2026-03-19,18:34,59
2026-03-19,18:35,79
2026-03-19,18:36,69
2026-03-19,18:37,8
2026-03-19,18:50,23
2026-03-19,18:51,81
2026-03-19,18:52,23
2026-03-19,19:08,7
2026-03-19,19:58,5
2026-03-19,20:04,32
2026-03-19,20:30,17
2026-03-19,20:45,35
2026-03-19,20:52,9
2026-03-19,20:58,5
2026-03-19,21:00,5
2026-03-19,21:03,27
2026-03-19,21:04,1
2026-03-19,21:05,20
2026-03-19,21:10,6
2026-03-19,21:17,8
2026-03-19,21:19,7
2026-03-19,21:20,38
2026-03-19,21:21,6
2026-03-19,21:23,29
2026-03-19,21:24,10
2026-03-19,21:25,20
2026-03-19,21:28,40
2026-03-19,21:29,43
2026-03-19,21:30,9
2026-03-19,21:31,12
2026-03-19,21:32,14
2026-03-19,21:35,18
2026-03-19,21:38,12
2026-03-19,21:42,15
2026-03-19,21:44,19
2026-03-19,21:48,3
2026-03-19,21:53,11
2026-03-19,21:54,9
2026-03-19,21:55,5
2026-03-19,21:57,7
2026-03-19,21:58,56
2026-03-19,21:59,12
2026-03-19,22:04,22
2026-03-19,22:07,15
2026-03-19,22:14,53
2026-03-19,22:16,6
2026-03-19,22:18,8
2026-03-19,22:19,50
2026-03-19,22:20,57
2026-03-19,22:21,53
2026-03-19,22:36,42
2026-03-19,22:37,88
2026-03-19,22:38,23
2026-03-19,22:39,22
2026-03-19,22:40,6
2026-03-19,22:41,29
2026-03-19,23:03,51
2026-03-19,23:05,6
2026-03-19,23:06,31
2026-03-19,23:09,6
2026-03-19,23:10,10
2026-03-19,23:19,3
2026-03-20,00:00,19
2026-03-20,00:01,6
2026-03-20,00:06,11
2026-03-20,00:08,24
2026-03-20,00:12,37
2026-03-20,00:24,7
2026-03-20,00:25,36
2026-03-20,00:26,8
2026-03-20,00:27,7
2026-03-20,10:03,15
2026-03-20,10:04,11
2026-03-20,10:13,7
2026-03-20,10:14,16
2026-03-20,10:15,14
2026-03-20,10:16,15
2026-03-20,10:18,27
2026-03-20,10:19,8
2026-03-20,10:33,7
2026-03-20,11:32,27
2026-03-20,11:33,41
2026-03-20,11:34,21
2026-03-20,11:35,57
2026-03-20,11:52,9
2026-03-20,12:01,49
2026-03-20,12:02,31
2026-03-20,12:22,41
2026-03-20,12:23,21
2026-03-20,12:24,11
2026-03-20,12:25,64
2026-03-20,12:26,18
2026-03-20,12:27,14
2026-03-20,12:28,34
2026-03-20,12:29,71
2026-03-20,12:30,82
2026-03-20,12:31,5
2026-03-20,12:32,39
2026-03-20,12:34,10
2026-03-20,13:01,9
2026-03-20,13:02,5
2026-03-20,13:03,15
2026-03-20,13:04,1
2026-03-20,13:05,35
2026-03-20,13:06,20
2026-03-20,13:07,54
2026-03-20,13:09,53
2026-03-20,13:10,1
2026-03-20,13:11,32
2026-03-20,13:12,29
2026-03-20,13:13,51
2026-03-20,13:14,12
2026-03-20,13:15,57
2026-03-20,13:16,17
2026-03-20,13:18,34
2026-03-20,13:20,91
2026-03-20,13:21,29
2026-03-20,13:45,34
2026-03-20,13:46,17
2026-03-20,13:47,16
2026-03-20,13:50,11
2026-03-20,14:10,8
2026-03-20,14:59,49
2026-03-20,15:00,97
2026-03-20,15:01,54
2026-03-20,15:02,16
2026-03-20,15:03,26
2026-03-20,15:04,54
2026-03-20,15:05,78
2026-03-20,15:06,72
2026-03-20,15:07,18
2026-03-20,15:14,30
2026-03-20,15:15,58
2026-03-20,15:16,32
2026-03-20,15:24,45
2026-03-20,15:34,9
2026-03-20,15:35,13
2026-03-20,15:41,6
2026-03-20,16:50,35
2026-03-20,16:54,8
2026-03-20,17:02,6
2026-03-20,17:04,9
2026-03-20,17:07,15
2026-03-20,17:08,103
2026-03-20,17:09,101
2026-03-20,17:10,103
2026-03-20,17:11,110
2026-03-20,17:12,97
2026-03-20,17:13,4
2026-03-20,17:20,14
2026-03-20,17:21,44
2026-03-20,17:22,86
2026-03-20,17:23,46
2026-03-20,17:31,40
2026-03-20,17:32,81
2026-03-20,17:33,13
2026-03-20,18:11,7
2026-03-20,18:20,8
2026-03-20,18:21,8
2026-03-20,18:32,19
2026-03-20,18:33,5
2026-03-20,18:38,18
2026-03-20,18:43,10
2026-03-20,18:47,30
2026-03-20,18:48,1
2026-03-20,19:26,17
2026-03-20,19:27,5
2026-03-20,19:29,14
2026-03-20,19:31,9
2026-03-20,19:32,53
2026-03-20,19:33,73
2026-03-20,19:34,92
2026-03-20,19:35,107
2026-03-20,19:36,112
2026-03-20,19:39,10
2026-03-20,19:48,70
2026-03-20,19:49,100
2026-03-20,19:50,100
2026-03-20,19:51,111
2026-03-20,19:52,105
2026-03-20,19:53,90
2026-03-20,19:54,104
2026-03-20,19:55,102
2026-03-20,19:56,112
2026-03-20,19:57,107
2026-03-20,19:58,105
2026-03-20,19:59,64
2026-03-20,20:01,49
2026-03-20,20:02,16
2026-03-20,20:03,7
2026-03-20,20:04,20
2026-03-20,20:05,20
2026-03-20,20:07,23
2026-03-20,20:08,3
2026-03-20,20:17,2
2026-03-20,20:18,1
2026-03-20,20:19,8
2026-03-20,20:26,7
2026-03-20,20:32,62
2026-03-20,20:33,93
2026-03-20,20:34,70
2026-03-20,20:35,107
2026-03-20,20:36,77
2026-03-20,20:37,108
2026-03-20,20:38,102
2026-03-20,20:39,104
2026-03-20,20:40,106
2026-03-20,20:41,110
2026-03-20,20:42,94
2026-03-20,20:43,2
2026-03-20,21:10,43
2026-03-20,21:11,8
2026-03-20,21:12,49
2026-03-20,21:20,5
2026-03-20,21:44,7
2026-03-20,21:55,20
2026-03-20,21:57,20
2026-03-20,21:58,57
2026-03-20,21:59,10
2026-03-20,22:00,3
2026-03-20,22:06,105
2026-03-20,22:07,80
2026-03-20,22:08,36
2026-03-20,22:09,4
2026-03-20,22:13,12
2026-03-20,22:17,9
2026-03-20,22:18,10
2026-03-20,22:28,45
2026-03-20,22:29,44
2026-03-20,22:36,14
2026-03-20,22:37,2
2026-03-20,22:39,5
2026-03-20,22:46,10
2026-03-20,23:12,100
2026-03-20,23:13,87
2026-03-20,23:15,6
2026-03-20,23:16,7
2026-03-20,23:20,19
2026-03-20,23:21,26
2026-03-20,23:22,31
2026-03-20,23:23,2
2026-03-20,23:48,10
2026-03-20,23:51,11
2026-03-20,23:52,4
2026-03-21,00:00,14
2026-03-21,00:02,37
2026-03-21,00:03,36
2026-03-21,00:05,9
2026-03-21,00:09,8
2026-03-21,00:10,6
2026-03-21,00:12,89
2026-03-21,00:13,72
2026-03-21,00:14,38
2026-03-21,00:15,2
2026-03-21,00:31,12
2026-03-21,00:36,17
2026-03-21,00:44,15
2026-03-21,00:45,1
2026-03-21,00:51,25
2026-03-21,01:00,15
2026-03-21,01:02,10
2026-03-21,01:03,44
2026-03-21,01:11,32
2026-03-21,01:15,6
2026-03-21,01:17,11
2026-03-21,01:18,42
2026-03-21,01:20,9
2026-03-21,01:22,13
2026-03-21,01:23,42
2026-03-21,01:24,101
2026-03-21,01:25,76
2026-03-21,01:26,26
2026-03-21,01:27,1
2026-03-21,01:28,77
2026-03-21,01:29,34
2026-03-21,01:30,10
2026-03-21,01:32,77
2026-03-21,01:33,109
2026-03-21,01:34,102
2026-03-21,01:35,105
2026-03-21,01:36,106
2026-03-21,01:37,105
2026-03-21,01:38,101
2026-03-21,01:39,101
2026-03-21,01:40,54
2026-03-21,01:41,87
2026-03-21,01:42,89
2026-03-21,01:43,110
2026-03-21,01:44,102
2026-03-21,01:45,100
2026-03-21,01:46,100
2026-03-21,01:47,89
2026-03-21,01:48,104
2026-03-21,01:49,108
2026-03-21,01:50,43
2026-03-21,01:51,46
2026-03-21,01:52,69
2026-03-21,01:53,68
2026-03-21,01:54,104
2026-03-21,01:55,104
2026-03-21,01:56,96
2026-03-21,01:57,98
2026-03-21,01:58,96
2026-03-21,01:59,95
2026-03-21,02:00,98
2026-03-21,02:01,99
2026-03-21,02:02,100
2026-03-21,02:03,101
2026-03-21,02:04,103
2026-03-21,02:05,102
2026-03-21,02:06,96
2026-03-21,02:07,100
2026-03-21,02:08,104
2026-03-21,02:09,104
2026-03-21,02:10,96
2026-03-21,02:11,61
2026-03-21,02:12,16
2026-03-21,02:15,6
2026-03-21,02:17,51
2026-03-21,02:19,26
2026-03-21,02:20,17
2026-03-21,02:21,11
2026-03-21,02:22,1
2026-03-21,02:23,24
2026-03-21,02:24,2
2026-03-21,02:25,15
2026-03-21,02:26,6
2026-03-21,02:27,35
2026-03-21,02:29,6
2026-03-21,02:33,9
2026-03-21,02:34,7
2026-03-21,02:36,7
2026-03-21,02:38,38
2026-03-21,02:39,11
2026-03-21,02:43,7
2026-03-21,02:58,6
2026-03-21,03:06,11
2026-03-21,03:15,28
2026-03-21,04:21,35
2026-03-21,04:22,45
2026-03-21,04:35,16
2026-03-21,09:59,6
2026-03-21,10:00,1
2026-03-21,10:02,21
2026-03-21,10:03,29
2026-03-21,10:26,30
2026-03-21,11:39,5
2026-03-21,12:13,10
2026-03-21,12:17,36
2026-03-21,12:18,113
2026-03-21,12:19,98
2026-03-21,12:20,7
2026-03-21,12:23,18
2026-03-21,12:24,60
2026-03-21,12:25,24
2026-03-21,12:29,33
2026-03-21,12:48,5
2026-03-21,13:11,42
2026-03-21,13:12,78
2026-03-21,13:13,105
2026-03-21,13:14,40
2026-03-21,13:15,6
2026-03-21,13:16,11
2026-03-21,13:19,13
2026-03-21,13:20,109
2026-03-21,13:21,78
2026-03-21,13:29,11
2026-03-21,13:30,17
2026-03-21,13:31,14
2026-03-21,13:32,11
2026-03-21,13:35,32
2026-03-21,13:36,6
2026-03-21,13:37,10
2026-03-21,13:38,11
2026-03-21,13:39,91
2026-03-21,13:40,102
2026-03-21,13:41,61
2026-03-21,13:51,45
2026-03-21,13:52,99
2026-03-21,13:53,92
2026-03-21,13:54,61
2026-03-21,13:55,105
2026-03-21,13:56,78
2026-03-21,13:57,79
2026-03-21,13:58,97
2026-03-21,13:59,85
2026-03-21,14:01,78
2026-03-21,14:02,100
2026-03-21,14:03,61
2026-03-21,14:05,51
2026-03-21,14:06,13
2026-03-21,14:07,28
2026-03-21,14:08,15
2026-03-21,14:09,104
2026-03-21,14:10,102
2026-03-21,14:11,110
2026-03-21,14:12,111
2026-03-21,14:13,109
2026-03-21,14:14,102
2026-03-21,14:15,107
2026-03-21,14:16,109
2026-03-21,14:17,108
2026-03-21,14:18,104
2026-03-21,14:19,108
2026-03-21,14:20,85
2026-03-21,14:21,55
2026-03-21,14:22,8
2026-03-21,14:25,26
2026-03-21,14:27,6
2026-03-21,14:35,11
2026-03-21,15:10,7
2026-03-21,15:21,12
2026-03-21,15:22,1
2026-03-21,15:24,5
2026-03-21,15:25,13
2026-03-21,15:26,7
2026-03-21,15:47,55
2026-03-21,15:48,9
2026-03-21,15:49,92
2026-03-21,15:50,65
2026-03-21,16:05,13
2026-03-21,16:07,8
2026-03-21,16:17,8
2026-03-21,16:20,75
2026-03-21,16:21,14
2026-03-21,16:22,71
2026-03-21,16:23,19
2026-03-21,16:24,3
2026-03-21,16:28,7
2026-03-21,16:49,31
2026-03-21,16:50,5
2026-03-21,17:01,7
2026-03-21,17:07,18
2026-03-21,17:08,7
2026-03-21,17:18,54
2026-03-21,17:19,8
2026-03-21,17:34,19
2026-03-21,17:35,30
2026-03-21,17:43,24
2026-03-21,17:44,20
2026-03-21,17:55,35
2026-03-21,17:56,66
2026-03-21,17:57,23
2026-03-21,17:58,89
2026-03-21,17:59,1
2026-03-21,18:05,6
2026-03-21,18:06,19
2026-03-21,18:07,41
2026-03-21,18:13,44
2026-03-21,18:14,87
2026-03-21,18:15,58
2026-03-21,18:16,30
2026-03-21,18:17,64
2026-03-21,18:18,64
2026-03-21,18:19,7
2026-03-21,18:38,66
2026-03-21,18:39,25
2026-03-21,18:51,6
2026-03-21,18:52,107
2026-03-21,18:53,76
2026-03-21,18:54,102
2026-03-21,18:55,80
2026-03-21,18:56,108
2026-03-21,18:57,104
2026-03-21,18:58,12
2026-03-21,19:48,24
2026-03-21,20:09,26
2026-03-21,20:10,9
2026-03-21,20:11,36
2026-03-21,20:13,14
2026-03-21,20:14,41
2026-03-21,20:15,79
2026-03-21,20:16,32
2026-03-21,20:17,1
2026-03-21,20:21,10
2026-03-21,20:22,14
2026-03-21,20:23,7
2026-03-21,20:26,59
2026-03-21,20:27,88
2026-03-21,20:28,34
2026-03-21,20:31,29
2026-03-21,20:32,80
2026-03-21,20:33,18
2026-03-21,20:36,94
2026-03-21,20:37,56
2026-03-21,20:38,17
2026-03-21,21:18,12
2026-03-21,21:21,38
2026-03-21,21:22,102
2026-03-21,21:23,26
2026-03-21,21:29,87
2026-03-21,21:31,31
2026-03-21,21:32,85
2026-03-21,21:33,118
2026-03-21,21:34,57
2026-03-21,21:35,80
2026-03-21,21:36,41
2026-03-21,21:37,19
2026-03-21,21:38,14
2026-03-21,21:45,69
2026-03-21,21:46,75
2026-03-21,21:47,56
2026-03-21,21:53,17
2026-03-21,21:54,33
2026-03-21,21:55,88
2026-03-21,21:57,46
2026-03-21,21:58,83
2026-03-21,21:59,86
2026-03-21,22:00,81
2026-03-21,22:01,80
2026-03-21,22:02,96
2026-03-21,22:03,97
2026-03-21,22:04,108
2026-03-21,22:05,45
2026-03-21,22:06,1
2026-03-21,23:39,15
2026-03-21,23:40,1
2026-03-21,23:41,90
2026-03-21,23:42,94
2026-03-21,23:43,17
2026-03-21,23:44,70
2026-03-21,23:45,69
2026-03-21,23:46,39
2026-03-21,23:47,60
2026-03-21,23:48,96
2026-03-21,23:49,87
2026-03-21,23:50,67
2026-03-21,23:51,31
2026-03-21,23:52,54
2026-03-21,23:53,54
2026-03-21,23:54,40
2026-03-22,00:34,54
2026-03-22,00:35,50
2026-03-22,00:36,54
2026-03-22,00:38,7
2026-03-22,00:39,34
2026-03-22,00:40,19
2026-03-22,00:41,41
2026-03-22,00:42,78
2026-03-22,00:43,48
2026-03-22,00:44,2
2026-03-22,08:16,7
2026-03-22,08:17,8
2026-03-22,08:23,12
2026-03-22,08:25,3
2026-03-22,08:26,9
2026-03-22,08:42,9
2026-03-22,08:56,34
2026-03-22,08:57,27
2026-03-22,09:11,58
2026-03-22,09:12,105
2026-03-22,09:13,96
2026-03-22,09:14,6
2026-03-22,09:17,35
2026-03-22,09:18,74
2026-03-22,09:19,53
2026-03-22,09:21,3
2026-03-22,09:22,92
2026-03-22,09:23,96
2026-03-22,09:24,78
2026-03-22,09:25,29
2026-03-22,09:26,11
2026-03-22,09:27,25
2026-03-22,09:29,8
2026-03-22,09:31,5
2026-03-22,09:32,12
2026-03-22,09:35,33
2026-03-22,09:36,84
2026-03-22,09:37,105
2026-03-22,09:38,13
2026-03-22,09:42,46
2026-03-22,09:43,4
2026-03-22,09:48,58
2026-03-22,09:49,34
2026-03-22,09:50,7
2026-03-22,09:57,46
2026-03-22,09:58,9
2026-03-22,10:00,56
2026-03-22,10:01,46
2026-03-22,10:10,6
2026-03-22,10:22,12
2026-03-22,10:23,103
2026-03-22,10:24,23
2026-03-22,10:25,85
2026-03-22,10:26,65
2026-03-22,10:27,88
2026-03-22,10:28,115
2026-03-22,10:29,107
2026-03-22,10:30,49
2026-03-22,10:32,75
2026-03-22,10:33,5
2026-03-22,10:37,22
2026-03-22,10:38,7
2026-03-22,10:39,17
2026-03-22,10:40,10
2026-03-22,10:41,9
2026-03-22,10:46,7
2026-03-22,10:47,47
2026-03-22,10:52,7
2026-03-22,11:02,7
2026-03-22,11:57,40
2026-03-22,12:02,21
2026-03-22,12:03,39
2026-03-22,12:07,17
2026-03-22,12:10,49
2026-03-22,12:11,7
2026-03-22,12:12,7
2026-03-22,12:13,7
2026-03-22,12:14,29
2026-03-22,12:15,22
2026-03-22,12:16,4
2026-03-22,12:18,13
2026-03-22,12:19,35
2026-03-22,12:20,37
2026-03-22,12:25,42
2026-03-22,12:26,12
2026-03-22,12:29,13
2026-03-22,12:31,6
2026-03-22,12:32,44
2026-03-22,12:33,50
2026-03-22,12:34,10
2026-03-22,12:52,30
2026-03-22,12:53,47
2026-03-22,12:55,36
2026-03-22,12:56,19
2026-03-22,12:58,10
2026-03-22,13:00,3
2026-03-22,13:01,5
2026-03-22,13:02,22
2026-03-22,13:03,8
2026-03-22,13:31,9
2026-03-22,13:32,49
2026-03-22,13:33,7
2026-03-22,13:45,17
2026-03-22,13:46,14
2026-03-22,14:02,6
2026-03-22,14:03,12
2026-03-22,14:12,5
2026-03-22,14:13,24
2026-03-22,14:14,36
2026-03-22,14:30,4
2026-03-22,14:41,27
2026-03-22,14:42,22
2026-03-22,14:43,1
2026-03-22,16:23,16
2026-03-22,16:24,19
2026-03-22,16:25,27
2026-03-22,17:23,11
2026-03-22,17:33,14
2026-03-22,17:35,18
2026-03-22,18:05,57
2026-03-22,18:06,45
2026-03-22,18:07,84
2026-03-22,18:10,6
2026-03-22,18:14,32
2026-03-22,18:31,5
2026-03-22,19:03,5
2026-03-22,19:09,15
2026-03-22,19:37,48
2026-03-22,19:38,18
2026-03-22,19:45,13
2026-03-22,19:46,22
2026-03-22,19:47,8
2026-03-22,19:48,1
2026-03-22,19:49,8
2026-03-22,19:50,50
2026-03-22,19:51,1
2026-03-22,19:56,16
2026-03-22,20:33,31
2026-03-22,20:34,2
2026-03-22,20:47,9
2026-03-22,20:52,13
2026-03-22,21:19,12
2026-03-22,21:21,14
2026-03-22,21:22,14
2026-03-22,21:53,14
2026-03-22,21:54,22
2026-03-22,21:55,17
2026-03-22,21:56,5
2026-03-22,22:11,44
2026-03-22,22:12,28
2026-03-22,22:13,3
2026-03-22,23:00,14
2026-03-23,00:21,4
2026-03-23,00:22,1
2026-03-23,00:50,35
2026-03-23,00:51,42
2026-03-23,00:52,33
2026-03-23,01:14,3
2026-03-23,10:21,6
2026-03-23,10:22,21
2026-03-23,10:24,20
2026-03-23,10:25,5
2026-03-23,11:09,18
2026-03-23,11:10,7
2026-03-23,11:56,29
2026-03-23,12:01,21
2026-03-23,12:12,7
2026-03-23,12:34,6
2026-03-23,12:35,24
2026-03-23,12:36,6
2026-03-23,12:38,18
2026-03-23,12:44,10
2026-03-23,12:45,11
2026-03-23,12:46,10
2026-03-23,13:20,22
2026-03-23,13:21,52
2026-03-23,13:22,8
2026-03-23,13:24,16
2026-03-23,13:56,5
2026-03-23,13:57,1
2026-03-23,13:59,10
2026-03-23,14:00,10
2026-03-23,14:02,34
2026-03-23,14:32,36
2026-03-23,14:33,5
2026-03-23,14:35,15
2026-03-23,14:36,8
2026-03-23,14:38,11
2026-03-23,14:39,18
2026-03-23,15:47,22
2026-03-23,15:50,15
2026-03-23,17:31,12
2026-03-23,17:35,12
2026-03-23,17:36,60
2026-03-23,17:42,23
2026-03-23,17:43,18
2026-03-23,17:44,22
2026-03-23,17:47,5
2026-03-23,17:48,65
2026-03-23,17:49,43
2026-03-23,17:51,72
2026-03-23,17:52,63
2026-03-23,17:53,94
2026-03-23,17:54,102
2026-03-23,17:55,83
2026-03-23,17:56,72
2026-03-23,17:57,44
2026-03-23,17:58,88
2026-03-23,17:59,98
2026-03-23,18:00,23
2026-03-23,18:04,21
2026-03-23,18:05,41
2026-03-23,18:06,9
2026-03-23,18:11,35
2026-03-23,18:12,9
2026-03-23,18:56,7
2026-03-23,19:41,16
2026-03-23,19:42,24
2026-03-23,19:58,19
2026-03-23,20:14,47
2026-03-23,20:15,24
2026-03-23,21:41,10
2026-03-23,21:44,6
2026-03-23,22:08,17
2026-03-23,22:09,1
2026-03-23,22:17,19
2026-03-23,22:21,21
2026-03-23,22:22,19
2026-03-23,22:23,15
2026-03-23,22:24,10
2026-03-23,22:25,2
2026-03-23,22:26,8
2026-03-23,22:27,21
2026-03-23,22:28,19
2026-03-23,23:11,56
2026-03-23,23:12,54
2026-03-23,23:13,7
2026-03-24,00:09,5
2026-03-24,00:10,20
2026-03-24,00:11,3
2026-03-24,01:22,12
2026-03-24,01:23,15
2026-03-24,01:24,14
2026-03-24,01:25,9
2026-03-24,01:26,28
2026-03-24,01:27,24
2026-03-24,01:28,45
2026-03-24,01:54,5
2026-03-24,01:55,8
2026-03-24,10:01,33
2026-03-24,10:02,17
2026-03-24,10:05,24
2026-03-24,10:06,11
2026-03-24,11:47,8
2026-03-24,11:55,19
2026-03-24,11:56,1
2026-03-24,12:02,30
2026-03-24,12:03,23
2026-03-24,12:04,9
2026-03-24,12:06,16
2026-03-24,12:07,16
2026-03-24,12:08,16
2026-03-24,12:10,15
2026-03-24,12:11,22
2026-03-24,12:12,31
2026-03-24,12:13,15
2026-03-24,12:18,19
2026-03-24,12:19,41
2026-03-24,12:20,101
2026-03-24,12:21,20
2026-03-24,12:36,109
2026-03-24,12:37,117
2026-03-24,12:38,115
2026-03-24,12:39,91
2026-03-24,13:08,55
2026-03-24,13:09,30
2026-03-24,13:10,31
2026-03-24,13:15,9
2026-03-24,13:16,110
2026-03-24,13:17,91
2026-03-24,13:18,119
2026-03-24,13:19,112
2026-03-24,13:20,114
2026-03-24,13:21,114
2026-03-24,13:22,53
2026-03-24,13:28,6
2026-03-24,13:29,73
2026-03-24,13:30,45
2026-03-24,13:32,9
2026-03-24,13:35,19
2026-03-24,13:50,5
2026-03-24,13:51,37
2026-03-24,13:52,88
2026-03-24,13:54,15
2026-03-24,13:55,26
2026-03-24,13:56,39
2026-03-24,13:57,38
2026-03-24,13:58,85
2026-03-24,13:59,103
2026-03-24,14:00,43
2026-03-24,14:01,96
2026-03-24,14:02,65
2026-03-24,14:03,123
2026-03-24,14:04,75
2026-03-24,14:05,18
2026-03-24,14:08,100
2026-03-24,14:09,105
2026-03-24,14:10,111
2026-03-24,14:11,110
2026-03-24,14:12,114
2026-03-24,14:13,112
2026-03-24,14:14,111
2026-03-24,14:15,109
2026-03-24,14:16,83
2026-03-24,14:17,34
2026-03-24,14:24,42
2026-03-24,14:25,42
2026-03-24,14:26,69
2026-03-24,14:27,13
2026-03-24,14:28,30
2026-03-24,14:29,31
2026-03-24,14:30,25
2026-03-24,15:00,10
2026-03-24,15:21,5
2026-03-24,15:22,39
2026-03-24,15:27,28
2026-03-24,15:28,46
2026-03-24,15:29,37
2026-03-24,15:30,69
2026-03-24,15:31,31
2026-03-24,15:32,9
2026-03-24,18:12,59
2026-03-24,18:13,87
2026-03-24,18:14,33
2026-03-24,18:15,9
2026-03-24,18:16,58
2026-03-24,18:17,8
2026-03-24,18:18,94
2026-03-24,18:19,87
2026-03-24,18:20,110
2026-03-24,18:21,112
2026-03-24,18:22,111
2026-03-24,18:23,111
2026-03-24,18:24,114
2026-03-24,18:25,109
2026-03-24,18:26,109
2026-03-24,18:27,97
2026-03-24,18:28,46
2026-03-24,18:29,53
2026-03-24,18:30,1
2026-03-24,18:38,27
2026-03-24,18:41,20
2026-03-24,18:44,8
2026-03-24,18:45,8
2026-03-24,18:55,5
2026-03-24,18:59,26
2026-03-24,19:32,6
2026-03-24,19:47,7
2026-03-24,19:50,10
2026-03-24,19:53,6
2026-03-24,20:50,15
2026-03-24,20:53,32
2026-03-24,20:54,28
2026-03-24,20:57,6
2026-03-24,21:04,7
2026-03-24,21:13,26
2026-03-24,21:14,40
2026-03-24,21:18,52
2026-03-24,21:23,22
2026-03-24,21:24,1
2026-03-24,21:26,18
2026-03-24,21:29,5
2026-03-24,21:31,11
2026-03-24,21:39,20
2026-03-24,21:40,42
2026-03-24,21:44,57
2026-03-24,21:45,16
2026-03-24,21:47,102
2026-03-24,21:48,105
2026-03-24,21:49,106
2026-03-24,21:50,102
2026-03-24,21:51,101
2026-03-24,21:52,105
2026-03-24,21:53,109
2026-03-24,21:54,110
2026-03-24,21:56,48
2026-03-24,22:02,20
2026-03-24,22:07,7
2026-03-24,22:08,107
2026-03-24,22:09,100
2026-03-24,22:10,98
2026-03-24,22:11,14
2026-03-24,22:14,25
2026-03-24,22:41,9
2026-03-24,22:42,98
2026-03-24,22:43,11
2026-03-24,22:48,18
2026-03-24,22:49,101
2026-03-24,22:50,39
2026-03-24,22:51,37
2026-03-24,22:52,34
2026-03-24,22:53,24
2026-03-24,22:54,41
2026-03-24,22:55,9
2026-03-25,10:21,6
2026-03-25,11:21,5
2026-03-25,11:22,8
2026-03-25,11:31,22
2026-03-25,12:11,34
2026-03-25,12:12,8
2026-03-25,12:13,14
2026-03-25,12:29,16
2026-03-25,12:30,4
2026-03-25,12:37,7
2026-03-25,12:38,1
2026-03-25,15:45,12
2026-03-25,16:02,23
2026-03-25,16:16,35
2026-03-25,16:17,4
2026-03-25,17:47,43
2026-03-25,18:13,8
2026-03-25,18:15,33
2026-03-25,18:16,11
2026-03-25,18:17,20
2026-03-25,18:18,9
2026-03-25,18:20,19
2026-03-25,18:22,12
2026-03-25,18:23,32
2026-03-25,18:24,97
2026-03-25,18:25,96
2026-03-25,18:26,102
2026-03-25,18:27,102
2026-03-25,18:28,69
2026-03-25,18:29,33
2026-03-25,18:31,20
2026-03-25,18:48,41
2026-03-25,18:49,59
2026-03-25,19:05,22
2026-03-25,19:06,97
2026-03-25,19:07,61
2026-03-25,19:12,10
2026-03-25,19:33,6
2026-03-25,19:35,5
2026-03-25,19:45,22
2026-03-25,19:48,8
2026-03-25,20:15,8
2026-03-25,20:19,5
2026-03-25,20:20,40
2026-03-25,20:24,34
2026-03-25,20:25,15
2026-03-25,20:35,5
2026-03-25,20:50,6
2026-03-25,20:51,17
2026-03-25,20:52,8
2026-03-25,21:00,6
2026-03-25,21:02,19
2026-03-25,21:03,8
2026-03-25,21:04,76
2026-03-25,21:05,59
2026-03-25,21:15,72
2026-03-25,21:16,4
2026-03-25,21:18,55
2026-03-25,21:19,1
2026-03-25,21:20,8
2026-03-25,21:35,5
2026-03-25,21:36,77
2026-03-25,21:37,50
2026-03-25,21:38,37
2026-03-25,21:46,26
2026-03-25,21:47,1
2026-03-25,21:48,27
2026-03-25,21:49,34
2026-03-25,22:04,24
2026-03-25,22:07,25
2026-03-25,22:09,37
2026-03-25,22:10,7
2026-03-25,22:12,24
2026-03-25,22:37,56
2026-03-25,22:42,8
2026-03-25,22:43,1
2026-03-25,22:48,15
2026-03-26,00:00,9
2026-03-26,00:15,31
2026-03-26,00:18,6
2026-03-26,00:19,16
2026-03-26,00:20,5
2026-03-26,00:45,5
2026-03-26,01:00,17
2026-03-26,01:05,36
2026-03-26,01:07,31
2026-03-26,09:26,5
2026-03-26,09:34,12
2026-03-26,09:46,21
2026-03-26,10:45,30
2026-03-26,11:11,6
2026-03-26,11:12,43
2026-03-26,11:18,10
2026-03-26,11:20,6
2026-03-26,11:22,13
2026-03-26,11:25,32
2026-03-26,11:26,6
2026-03-26,11:30,25
2026-03-26,11:31,54
2026-03-26,11:36,53
2026-03-26,11:39,6
2026-03-26,11:40,16
2026-03-26,11:41,38
2026-03-26,11:42,7
2026-03-26,11:43,38
2026-03-26,11:44,82
2026-03-26,11:57,12
2026-03-26,11:58,111
2026-03-26,11:59,98
2026-03-26,12:02,10
2026-03-26,12:03,2
2026-03-26,12:07,8
2026-03-26,12:18,97
2026-03-26,12:19,125
2026-03-26,12:20,110
2026-03-26,12:21,106
2026-03-26,12:33,8
2026-03-26,12:34,109
2026-03-26,12:35,109
2026-03-26,12:36,61
2026-03-26,12:37,107
2026-03-26,12:38,107
2026-03-26,12:39,107
2026-03-26,12:40,96
2026-03-26,12:41,1
2026-03-26,12:57,90
2026-03-26,12:58,43
2026-03-26,13:28,27
2026-03-26,13:29,1
2026-03-26,13:37,7
2026-03-26,13:38,95
2026-03-26,13:39,104
2026-03-26,13:40,106
2026-03-26,13:41,93
2026-03-26,13:42,106
2026-03-26,13:43,104
2026-03-26,13:44,105
2026-03-26,13:45,104
2026-03-26,13:46,39
2026-03-26,13:50,75
2026-03-26,13:51,104
2026-03-26,13:52,101
2026-03-26,13:53,56
2026-03-26,13:54,42
2026-03-26,14:00,6
2026-03-26,14:01,1
2026-03-26,15:41,7
2026-03-26,15:42,65
2026-03-26,15:43,72
2026-03-26,15:44,26
2026-03-26,17:31,73
2026-03-26,17:32,14
2026-03-26,17:33,109
2026-03-26,17:34,111
2026-03-26,17:35,110
2026-03-26,17:36,116
2026-03-26,17:37,118
2026-03-26,17:38,114
2026-03-26,17:39,33
2026-03-26,17:43,72
2026-03-26,17:44,110
2026-03-26,17:45,41
2026-03-26,17:46,76
2026-03-26,17:47,18
2026-03-26,18:12,11
2026-03-26,18:13,47
2026-03-26,18:14,39
2026-03-26,18:21,34
2026-03-26,18:22,72
2026-03-26,18:23,68
2026-03-26,18:25,11
2026-03-26,18:28,5
2026-03-26,18:29,1
2026-03-26,18:30,14
2026-03-26,18:31,24
2026-03-26,18:42,13
2026-03-26,18:43,25
2026-03-26,18:44,65
2026-03-26,18:45,50
2026-03-26,18:46,11
2026-03-26,18:47,97
2026-03-26,18:48,14
2026-03-26,18:49,9
2026-03-26,18:50,10
2026-03-26,18:51,11
2026-03-26,19:01,13
2026-03-26,19:39,30
2026-03-26,19:40,34
2026-03-26,19:41,32
2026-03-26,20:04,18
2026-03-26,20:50,8
2026-03-26,23:03,28
2026-03-26,23:04,1
2026-03-26,23:15,5
2026-03-26,23:16,9
2026-03-26,23:17,16
2026-03-26,23:21,19
2026-03-26,23:22,24
2026-03-27,00:18,6
2026-03-27,00:19,19
2026-03-27,00:20,14
2026-03-27,00:56,11
2026-03-27,00:57,14
2026-03-27,00:58,18
2026-03-27,00:59,31
2026-03-27,03:52,7
2026-03-27,09:30,5
2026-03-27,09:31,19
2026-03-27,09:44,14
2026-03-27,09:45,8
2026-03-27,09:47,60
2026-03-27,09:48,40
2026-03-27,11:24,24
2026-03-27,11:25,21
2026-03-27,11:27,6
2026-03-27,11:32,29
2026-03-27,11:33,53
2026-03-27,11:34,33
2026-03-27,11:35,36
2026-03-27,11:36,61
2026-03-27,11:37,58
2026-03-27,11:38,7
2026-03-27,11:39,36
2026-03-27,11:40,35
2026-03-27,11:41,14
2026-03-27,11:42,6
2026-03-27,11:43,8
2026-03-27,11:44,13
2026-03-27,11:46,29
2026-03-27,11:47,38
2026-03-27,11:48,12
2026-03-27,11:49,28
2026-03-27,11:50,47
2026-03-27,11:51,58
2026-03-27,11:53,10
2026-03-27,12:13,105
2026-03-27,12:14,106
2026-03-27,12:16,22
2026-03-27,12:17,35
2026-03-27,12:40,39
2026-03-27,12:41,62
2026-03-27,12:42,73
2026-03-27,12:43,109
2026-03-27,12:44,86
2026-03-27,12:48,74
2026-03-27,12:49,115
2026-03-27,12:50,115
2026-03-27,12:51,114
2026-03-27,12:52,112
2026-03-27,12:53,98
2026-03-27,13:31,25
2026-03-27,13:37,54
2026-03-27,13:38,111
2026-03-27,13:39,113
2026-03-27,13:40,113
2026-03-27,13:41,121
2026-03-27,13:42,89
2026-03-27,13:44,18
2026-03-27,13:47,104
2026-03-27,13:48,112
2026-03-27,13:49,65
2026-03-27,13:50,109
2026-03-27,13:51,108
2026-03-27,13:52,97
2026-03-27,13:53,50
2026-03-27,14:04,38
2026-03-27,14:05,17
2026-03-27,14:09,10
2026-03-27,14:10,1
2026-03-27,14:47,10
2026-03-27,15:21,10
2026-03-27,15:25,32
2026-03-27,15:26,7
2026-03-27,16:04,6
2026-03-27,16:08,6
2026-03-27,16:35,19
2026-03-27,16:36,12
2026-03-27,16:41,9
2026-03-27,16:52,5
2026-03-27,17:58,3
2026-03-27,17:59,7
2026-03-27,19:31,7
2026-03-27,19:32,15
2026-03-27,19:33,7
2026-03-27,19:39,18
2026-03-27,19:40,12
2026-03-27,19:54,5
2026-03-27,19:55,1
2026-03-27,20:01,6
2026-03-27,20:02,19
2026-03-27,20:04,7
2026-03-27,20:05,43
2026-03-27,20:06,113
2026-03-27,20:07,120
2026-03-27,20:08,119
2026-03-27,20:09,121
2026-03-27,20:10,48
2026-03-27,20:12,12
2026-03-27,20:17,27
2026-03-27,20:19,115
2026-03-27,20:20,98
2026-03-27,20:21,37
2026-03-27,20:42,45
2026-03-27,20:43,111
2026-03-27,20:44,105
2026-03-27,20:45,4
2026-03-27,20:59,8
2026-03-27,21:01,6
2026-03-27,21:02,40
2026-03-27,21:03,62
2026-03-27,21:06,20
2026-03-27,21:07,22
2026-03-27,21:28,8
2026-03-27,21:32,5
2026-03-27,21:33,11
2026-03-27,21:36,13
2026-03-27,21:42,35
2026-03-27,21:43,16
2026-03-27,21:49,17
2026-03-27,21:50,7
2026-03-27,21:51,9
2026-03-27,21:59,19
2026-03-27,22:00,7
2026-03-27,22:01,26
2026-03-27,22:02,29
2026-03-27,22:03,30
2026-03-27,22:04,48
2026-03-27,22:05,32
2026-03-27,22:06,63
2026-03-27,22:07,72
2026-03-27,22:08,54
2026-03-27,22:09,66
2026-03-27,22:10,33
2026-03-27,22:14,38
2026-03-27,22:30,28
2026-03-27,22:31,30
2026-03-27,22:34,46
2026-03-27,22:36,7
2026-03-27,22:44,59
2026-03-27,22:49,20
2026-03-27,22:50,11
2026-03-27,22:51,15
2026-03-28,11:01,6
2026-03-28,12:08,14
2026-03-28,12:12,6
2026-03-28,12:13,16
2026-03-28,12:14,8
2026-03-28,12:16,18
2026-03-28,12:20,6
2026-03-28,12:24,94
2026-03-28,12:25,43
2026-03-28,12:26,27
2026-03-28,12:27,101
2026-03-28,12:28,111
2026-03-28,12:29,59
2026-03-28,12:30,59
2026-03-28,12:31,41
2026-03-28,12:32,89
2026-03-28,12:33,64
2026-03-28,12:34,67
2026-03-28,12:35,72
2026-03-28,12:36,10
2026-03-28,12:37,41
2026-03-28,12:40,6
2026-03-28,12:52,12
2026-03-28,12:53,36
2026-03-28,12:54,75
2026-03-28,13:15,7
2026-03-28,13:46,13
2026-03-28,15:44,12
2026-03-28,17:50,15
2026-03-28,17:51,3
2026-03-28,17:52,30
2026-03-28,17:54,16
2026-03-28,18:07,7
2026-03-28,18:14,27
2026-03-28,18:15,26
2026-03-28,18:17,20
2026-03-28,18:20,14
2026-03-28,18:22,7
2026-03-28,18:23,19
2026-03-28,19:15,7
2026-03-28,19:16,24
2026-03-28,19:17,42
2026-03-28,19:19,13
2026-03-28,19:39,32
2026-03-28,19:40,20
2026-03-28,19:49,9
2026-03-28,20:30,3
2026-03-28,21:00,31
2026-03-28,21:01,23
2026-03-28,21:03,10
2026-03-28,21:05,18
2026-03-28,21:06,1
2026-03-28,21:07,27
2026-03-28,21:29,7
2026-03-28,21:32,5
2026-03-28,21:40,7
2026-03-28,21:43,35
2026-03-28,21:44,12
2026-03-28,22:26,14
2026-03-28,22:27,18
2026-03-28,23:49,8
2026-03-28,23:52,11
2026-03-28,23:53,18
2026-03-28,23:54,19
2026-03-29,00:28,16
2026-03-29,00:29,5
2026-03-29,00:36,6
2026-03-29,00:44,9
2026-03-29,00:46,16
2026-03-29,00:47,5
2026-03-29,06:50,6
2026-03-29,07:48,11
2026-03-29,07:54,13
2026-03-29,07:55,21
2026-03-29,07:56,38
2026-03-29,08:04,17
2026-03-29,08:05,48
2026-03-29,08:06,27
2026-03-29,08:23,8
2026-03-29,08:25,12
2026-03-29,08:26,28
2026-03-29,08:27,1
2026-03-29,08:28,104
2026-03-29,08:29,32
2026-03-29,08:42,39
2026-03-29,08:43,29
2026-03-29,09:19,25
2026-03-29,09:41,5
2026-03-29,10:32,14
2026-03-29,10:43,7
2026-03-29,10:51,9
2026-03-29,10:56,46
2026-03-29,10:57,1
2026-03-29,11:02,11
2026-03-29,11:05,16
2026-03-29,11:08,78
2026-03-29,11:09,6
2026-03-29,11:10,67
2026-03-29,11:11,88
2026-03-29,11:12,54
2026-03-29,11:30,5
2026-03-29,11:31,93
2026-03-29,11:32,43
2026-03-29,11:33,40
2026-03-29,11:34,22
2026-03-29,11:35,33
2026-03-29,11:40,47
2026-03-29,11:41,19
2026-03-29,11:42,7
2026-03-29,12:27,10
2026-03-29,12:28,4
2026-03-29,12:33,21
2026-03-29,12:37,18
2026-03-29,12:38,7
2026-03-29,12:51,3
2026-03-29,13:37,12
2026-03-29,13:38,11
2026-03-29,14:14,26
2026-03-29,14:15,10
2026-03-29,14:18,38
2026-03-29,14:19,15
2026-03-29,14:42,37
2026-03-29,14:45,7
2026-03-29,14:46,33
2026-03-29,14:48,7
2026-03-29,14:49,7
2026-03-29,15:26,17
2026-03-29,15:30,6
2026-03-29,15:31,40
2026-03-29,15:36,5
2026-03-29,15:37,8
2026-03-29,15:38,19
2026-03-29,15:39,28
2026-03-29,15:40,4
2026-03-29,18:09,22
2026-03-29,18:10,9
2026-03-29,18:11,16
2026-03-29,18:12,27
2026-03-29,18:13,1
2026-03-29,18:46,8
2026-03-29,19:07,16
2026-03-29,19:19,4
2026-03-29,19:20,1
2026-03-29,19:21,20
2026-03-29,19:22,7
2026-03-29,19:48,7
2026-03-29,21:22,16
2026-03-29,21:24,12
2026-03-29,21:26,18
2026-03-29,22:08,49
2026-03-29,22:09,26
2026-03-29,22:10,14
2026-03-30,00:03,18
2026-03-30,00:04,83
2026-03-30,00:06,30
2026-03-30,00:07,43
2026-03-30,00:08,33
2026-03-30,00:09,23
2026-03-30,00:10,12
2026-03-30,00:16,19
2026-03-30,00:17,67
2026-03-30,00:18,12
2026-03-30,00:27,21
2026-03-30,09:18,7
2026-03-30,09:27,8
2026-03-30,10:39,18
2026-03-30,10:40,16
2026-03-30,10:53,32
2026-03-30,10:54,18
2026-03-30,11:12,28
2026-03-30,11:13,1
2026-03-30,11:14,13
2026-03-30,11:15,12
2026-03-30,11:37,34
2026-03-30,11:38,22
2026-03-30,11:39,16
2026-03-30,11:41,58
2026-03-30,11:42,28
2026-03-30,11:43,7
2026-03-30,11:44,16
2026-03-30,11:45,25
2026-03-30,11:46,2
2026-03-30,11:47,15
2026-03-30,11:48,7
2026-03-30,11:49,62
2026-03-30,11:50,8
2026-03-30,11:54,28
2026-03-30,11:57,25
2026-03-30,12:01,68
2026-03-30,12:02,72
2026-03-30,12:03,34
2026-03-30,12:04,50
2026-03-30,12:05,59
2026-03-30,12:06,10
2026-03-30,12:09,23
2026-03-30,12:10,46
2026-03-30,12:11,14
2026-03-30,12:12,17
2026-03-30,12:14,71
2026-03-30,12:15,41
2026-03-30,12:16,84
2026-03-30,12:19,50
2026-03-30,12:20,40
2026-03-30,12:31,5
2026-03-30,12:32,100
2026-03-30,12:33,119
2026-03-30,12:34,117
2026-03-30,12:35,105
2026-03-30,12:36,17
2026-03-30,13:01,90
2026-03-30,13:02,15
2026-03-30,13:06,62
2026-03-30,13:07,108
2026-03-30,13:08,105
2026-03-30,13:09,118
2026-03-30,13:10,109
2026-03-30,13:11,102
2026-03-30,13:12,105
2026-03-30,13:13,82
2026-03-30,13:14,5
2026-03-30,13:27,6
2026-03-30,13:29,16
2026-03-30,13:31,45
2026-03-30,13:55,34
2026-03-30,13:56,77
2026-03-30,13:57,101
2026-03-30,13:58,103
2026-03-30,13:59,103
2026-03-30,14:00,60
2026-03-30,14:01,103
2026-03-30,14:02,94
2026-03-30,14:03,60
2026-03-30,14:05,42
2026-03-30,14:06,59
2026-03-30,14:07,14
2026-03-30,14:09,7
2026-03-30,14:13,10
2026-03-30,14:14,103
2026-03-30,14:15,69
2026-03-30,14:18,9
2026-03-30,14:19,19
2026-03-30,14:20,11
2026-03-30,14:30,77
2026-03-30,14:31,45
2026-03-30,14:51,93
2026-03-30,14:52,103
2026-03-30,14:53,107
2026-03-30,14:54,110
2026-03-30,14:55,95
2026-03-30,14:56,105
2026-03-30,14:57,104
2026-03-30,14:58,102
2026-03-30,14:59,35
2026-03-30,15:03,14
2026-03-30,15:04,13
2026-03-30,15:21,47
2026-03-30,15:22,103
2026-03-30,15:23,104
2026-03-30,15:24,110
2026-03-30,15:25,107
2026-03-30,15:26,107
2026-03-30,15:27,60
2026-03-30,15:29,15
2026-03-30,15:30,56
2026-03-30,15:31,51
2026-03-30,15:32,70
2026-03-30,15:33,75
2026-03-30,15:34,47
2026-03-30,15:35,1
2026-03-30,15:41,8
2026-03-30,16:25,9
2026-03-30,16:40,51
2026-03-30,16:41,94
2026-03-30,16:42,105
2026-03-30,16:43,90
2026-03-30,16:44,106
2026-03-30,16:45,102
2026-03-30,16:46,106
2026-03-30,16:47,104
2026-03-30,16:48,100
2026-03-30,16:49,101
2026-03-30,16:50,104
2026-03-30,16:51,103
2026-03-30,16:52,96
2026-03-30,16:53,90
2026-03-30,16:54,88
2026-03-30,17:01,50
2026-03-30,17:02,104
2026-03-30,17:03,108
2026-03-30,17:04,104
2026-03-30,17:05,96
2026-03-30,17:06,106
2026-03-30,17:07,103
2026-03-30,17:08,102
2026-03-30,17:09,104
2026-03-30,17:10,105
2026-03-30,17:11,105
2026-03-30,17:12,114
2026-03-30,17:13,104
2026-03-30,17:14,43
2026-03-30,17:16,12
2026-03-30,17:17,17
2026-03-30,17:18,28
2026-03-30,17:20,22
2026-03-30,17:21,1
2026-03-30,17:27,22
2026-03-30,17:28,63
2026-03-30,17:29,49
2026-03-30,17:30,31
2026-03-30,19:25,5
2026-03-30,19:26,53
2026-03-30,19:27,20
2026-03-30,19:44,7
2026-03-30,19:46,5
2026-03-30,19:47,23
2026-03-30,19:48,49
2026-03-30,19:49,98
2026-03-30,19:50,115
2026-03-30,19:51,105
2026-03-30,19:52,106
2026-03-30,19:53,90
2026-03-30,19:54,97
2026-03-30,19:55,108
2026-03-30,19:56,111
2026-03-30,19:58,102
2026-03-30,19:59,103
2026-03-30,20:00,105
2026-03-30,20:01,115
2026-03-30,20:02,103
2026-03-30,20:03,101
2026-03-30,20:04,100
2026-03-30,20:05,106
2026-03-30,20:06,99
2026-03-30,20:07,101
2026-03-30,20:08,104
2026-03-30,20:09,101
2026-03-30,20:10,102
2026-03-30,20:11,98
2026-03-30,20:12,97
2026-03-30,20:13,101
2026-03-30,20:14,102
2026-03-30,20:15,97
2026-03-30,20:16,55
2026-03-30,20:17,85
2026-03-30,20:18,74
2026-03-30,20:19,4
2026-03-30,20:20,54
2026-03-30,20:21,93
2026-03-30,20:22,112
2026-03-30,20:23,54
2026-03-30,20:24,14
2026-03-30,20:30,10
2026-03-30,20:31,78
2026-03-30,20:32,116
2026-03-30,20:33,67
2026-03-30,20:34,107
2026-03-30,20:35,106
2026-03-30,20:36,37
2026-03-30,20:39,25
2026-03-30,20:40,52
2026-03-30,20:44,30
2026-03-30,20:45,8
2026-03-30,21:01,17
2026-03-30,21:02,1
2026-03-30,21:04,10
2026-03-30,21:11,17
2026-03-30,21:12,37
2026-03-30,21:13,121
2026-03-30,21:14,107
2026-03-30,21:15,18
2026-03-30,21:17,64
2026-03-30,21:18,81
2026-03-30,21:19,65
2026-03-30,21:20,26
2026-03-30,21:26,25
2026-03-30,21:27,36
2026-03-30,21:28,34
2026-03-30,21:29,32
2026-03-30,21:41,11
2026-03-30,21:42,16
2026-03-30,23:58,5
2026-03-30,23:59,8
2026-03-31,00:17,7
2026-03-31,01:17,22
2026-03-31,08:10,10
2026-03-31,08:15,20
2026-03-31,08:16,19
2026-03-31,08:17,12
2026-03-31,08:22,19
2026-03-31,08:26,18
2026-03-31,08:27,20
2026-03-31,08:28,30
2026-03-31,08:30,13
2026-03-31,08:31,8
2026-03-31,08:42,13
2026-03-31,08:43,9
2026-03-31,08:44,35
2026-03-31,08:45,11
2026-03-31,09:17,50
2026-03-31,09:18,7
2026-03-31,09:19,14
2026-03-31,09:20,34
2026-03-31,09:21,9
2026-03-31,09:24,24
2026-03-31,09:59,11
2026-03-31,10:00,3
2026-03-31,10:36,27
2026-03-31,10:37,27
2026-03-31,10:38,17
2026-03-31,10:39,37
2026-03-31,10:40,2
2026-03-31,10:42,49
2026-03-31,10:43,35
2026-03-31,10:44,56
2026-03-31,10:45,67
2026-03-31,10:46,56
2026-03-31,10:50,5
2026-03-31,11:07,56
2026-03-31,11:08,116
2026-03-31,11:09,116
2026-03-31,11:10,92
2026-03-31,11:11,22
2026-03-31,11:39,24
2026-03-31,11:40,104
2026-03-31,11:41,105
2026-03-31,11:42,98
2026-03-31,11:43,100
2026-03-31,11:44,98
2026-03-31,11:45,89
2026-03-31,11:46,89
2026-03-31,11:47,107
2026-03-31,11:48,122
2026-03-31,11:49,16
2026-03-31,11:52,5
2026-03-31,11:58,31
2026-03-31,11:59,114
2026-03-31,12:00,75
2026-03-31,12:01,109
2026-03-31,12:02,105
2026-03-31,12:03,109
2026-03-31,12:04,42
2026-03-31,12:07,19
2026-03-31,12:08,40
2026-03-31,12:09,51
2026-03-31,13:23,3
2026-03-31,13:48,14
2026-03-31,13:51,11
2026-03-31,16:26,9
2026-03-31,16:47,32
2026-03-31,16:48,88
2026-03-31,16:49,73
2026-03-31,16:50,71
2026-03-31,16:51,3
2026-03-31,16:55,12
2026-03-31,16:56,8
2026-03-31,16:57,32
2026-03-31,16:58,76
2026-03-31,16:59,110
2026-03-31,17:00,110
2026-03-31,17:01,108
2026-03-31,17:02,108
2026-03-31,17:03,23
2026-03-31,17:04,60
2026-03-31,17:05,104
2026-03-31,17:06,103
2026-03-31,17:07,104
2026-03-31,17:08,104
2026-03-31,17:09,101
2026-03-31,17:10,104
2026-03-31,17:11,102
2026-03-31,17:12,110
2026-03-31,17:13,78
2026-03-31,17:14,65
2026-03-31,17:42,3
2026-03-31,17:50,7
2026-03-31,17:57,5
2026-03-31,17:59,61
2026-03-31,18:00,20
2026-03-31,18:01,59
2026-03-31,18:02,101
2026-03-31,18:03,109
2026-03-31,18:04,104
2026-03-31,18:05,20
2026-03-31,18:08,29
2026-03-31,18:09,63
2026-03-31,18:13,41
2026-03-31,18:16,17
2026-03-31,18:17,6
2026-03-31,18:22,16
2026-03-31,18:24,11
2026-03-31,18:32,8
2026-03-31,18:53,20
2026-03-31,18:54,24
2026-03-31,19:31,66
2026-03-31,20:03,7
2026-03-31,20:14,10
2026-03-31,20:18,7
2026-03-31,20:22,7
2026-03-31,20:23,33
2026-03-31,20:28,6
2026-03-31,21:05,4
2026-03-31,21:09,8
2026-03-31,21:16,5
2026-03-31,21:17,29
2026-03-31,21:27,67
2026-03-31,21:29,10
2026-03-31,21:30,37
2026-03-31,21:31,7
2026-03-31,21:33,14
2026-03-31,21:35,16
2026-03-31,21:37,16
2026-03-31,21:38,10
2026-03-31,21:39,6
2026-03-31,21:41,29
2026-03-31,21:42,28
2026-03-31,21:43,39
2026-03-31,21:44,12
2026-03-31,21:54,24
2026-03-31,21:55,108
2026-03-31,21:56,108
2026-03-31,21:57,106
2026-03-31,21:58,105
2026-03-31,21:59,108
2026-03-31,22:00,105
2026-03-31,22:01,107
2026-03-31,22:02,120
2026-03-31,22:03,82
2026-03-31,22:08,7
2026-03-31,22:09,74
2026-03-31,22:10,115
2026-03-31,22:11,98
2026-03-31,22:12,91
2026-03-31,22:17,19
2026-03-31,22:46,24
2026-03-31,22:47,45
2026-03-31,22:48,104
2026-03-31,22:49,97
2026-03-31,22:50,19
2026-03-31,23:03,46
2026-03-31,23:04,14
2026-03-31,23:05,42
2026-03-31,23:06,15
2026-03-31,23:07,7
2026-03-31,23:08,5
2026-03-31,23:38,14
2026-03-31,23:42,29
2026-03-31,23:43,8
2026-03-31,23:59,32
2026-04-01,01:29,7
2026-04-01,01:30,7
2026-04-01,01:32,7
2026-04-01,09:09,29
2026-04-01,09:10,26
2026-04-01,09:11,15
2026-04-01,09:14,46
2026-04-01,09:15,33
2026-04-01,09:16,21
2026-04-01,09:17,35
2026-04-01,11:08,13
2026-04-01,11:14,30
2026-04-01,11:16,24
2026-04-01,11:17,25
2026-04-01,11:18,65
2026-04-01,11:19,23
2026-04-01,11:20,24
2026-04-01,11:21,28
2026-04-01,11:23,90
2026-04-01,11:24,75
2026-04-01,11:25,109
2026-04-01,11:26,3
2026-04-01,11:39,42
2026-04-01,11:40,122
2026-04-01,11:41,11
2026-04-01,12:11,34
2026-04-01,12:12,67
2026-04-01,12:13,103
2026-04-01,12:14,14
2026-04-01,12:15,119
2026-04-01,12:16,117
2026-04-01,12:17,111
2026-04-01,12:18,108
2026-04-01,12:19,102
2026-04-01,12:20,17
2026-04-01,12:37,11
2026-04-01,12:38,10
2026-04-01,12:52,6
2026-04-01,12:53,93
2026-04-01,12:54,104
2026-04-01,12:55,109
2026-04-01,12:56,111
2026-04-01,12:57,112
2026-04-01,12:58,108
2026-04-01,12:59,110
2026-04-01,13:01,110
2026-04-01,13:02,111
2026-04-01,13:03,113
2026-04-01,13:04,90
2026-04-01,13:05,59
2026-04-01,13:07,20
2026-04-01,13:12,15
2026-04-01,13:13,82
2026-04-01,13:14,70
2026-04-01,13:15,106
2026-04-01,13:16,5
2026-04-01,13:19,13
2026-04-01,13:21,24
2026-04-01,13:22,56
2026-04-01,13:23,12
2026-04-01,13:28,20
2026-04-01,13:29,72
2026-04-01,13:30,36
2026-04-01,13:31,11
2026-04-01,13:32,63
2026-04-01,13:46,53
2026-04-01,13:47,36
2026-04-01,17:03,28
2026-04-01,17:04,33
2026-04-01,17:05,53
2026-04-01,17:06,55
2026-04-01,17:07,100
2026-04-01,17:09,107
2026-04-01,17:10,122
2026-04-01,17:17,75
2026-04-01,17:29,5
2026-04-01,17:41,6
2026-04-01,17:45,22
2026-04-01,17:53,33
2026-04-01,17:54,44
2026-04-01,17:55,6
2026-04-01,18:08,40
2026-04-01,18:09,52
2026-04-01,18:10,41
2026-04-01,18:11,35
2026-04-01,18:26,57
2026-04-01,18:27,80
2026-04-01,18:28,106
2026-04-01,18:29,103
2026-04-01,18:30,107
2026-04-01,18:31,115
2026-04-01,18:32,11
2026-04-01,18:35,47
2026-04-01,18:36,102
2026-04-01,18:37,77
2026-04-01,18:38,111
2026-04-01,18:39,114
2026-04-01,18:40,69
2026-04-01,18:43,66
2026-04-01,18:44,39
2026-04-01,18:45,71
2026-04-01,18:46,20
2026-04-01,18:49,17
2026-04-01,18:55,24
2026-04-01,18:57,15
2026-04-01,18:58,33
2026-04-01,19:01,4
2026-04-01,19:02,1
2026-04-01,19:04,3
2026-04-01,19:05,12
2026-04-01,19:08,27
2026-04-01,19:09,84
2026-04-01,19:10,7
2026-04-01,19:11,32
2026-04-01,19:12,80
2026-04-01,19:13,122
2026-04-01,19:14,38
2026-04-01,19:15,107
2026-04-01,19:17,92
2026-04-01,19:18,116
2026-04-01,19:19,126
2026-04-01,19:21,75
2026-04-01,19:22,70
2026-04-01,19:26,21
2026-04-01,19:27,51
2026-04-01,19:28,54
2026-04-01,19:29,100
2026-04-01,19:31,52
2026-04-01,19:35,41
2026-04-01,19:36,20
2026-04-01,20:02,56
2026-04-01,20:03,97
2026-04-01,20:04,52
2026-04-01,20:08,11
2026-04-01,20:09,54
2026-04-01,20:10,28
2026-04-01,20:11,36
2026-04-01,20:13,67
2026-04-01,20:14,6
2026-04-01,20:15,39
2026-04-01,20:16,60
2026-04-01,20:17,67
2026-04-01,20:18,3
2026-04-01,20:24,90
2026-04-01,20:25,19
2026-04-01,20:27,81
2026-04-01,20:29,27
2026-04-01,20:30,41
2026-04-01,20:31,52
2026-04-01,20:32,5
2026-04-01,20:35,10
2026-04-01,20:38,15
2026-04-01,20:45,62
2026-04-01,20:46,77
2026-04-01,20:47,104
2026-04-01,20:48,58
2026-04-01,21:01,69
2026-04-01,21:02,48
2026-04-01,21:03,87
2026-04-01,21:04,48
2026-04-01,21:05,101
2026-04-01,21:06,77
2026-04-01,21:07,106
2026-04-01,21:08,101
2026-04-01,21:09,93
2026-04-01,21:10,90
2026-04-01,21:11,27
2026-04-01,21:12,51
2026-04-01,21:13,37
2026-04-01,21:14,40
2026-04-01,21:15,5
2026-04-01,21:17,77
2026-04-01,21:22,3
2026-04-01,21:23,28
2026-04-01,21:24,98
2026-04-01,21:25,29
2026-04-01,21:26,48
2026-04-01,21:27,52
2026-04-01,21:28,22
2026-04-01,21:29,25
2026-04-01,21:30,16
2026-04-01,23:04,13
2026-04-01,23:05,28
2026-04-02,00:49,6
2026-04-02,08:57,7
2026-04-02,09:01,20
2026-04-02,09:21,7
2026-04-02,09:23,16
2026-04-02,09:24,14
2026-04-02,09:25,23
2026-04-02,10:03,6
2026-04-02,11:03,9
2026-04-02,11:04,32
2026-04-02,11:05,13
2026-04-02,11:58,13
2026-04-02,12:01,12
2026-04-02,12:28,13
2026-04-02,13:51,13
2026-04-02,13:56,35
2026-04-02,13:57,17
2026-04-02,14:20,12
2026-04-02,14:21,31
2026-04-02,14:22,69
2026-04-02,14:25,84
2026-04-02,14:26,65
2026-04-02,14:32,8
2026-04-02,14:33,67
2026-04-02,14:36,5
2026-04-02,14:39,60
2026-04-02,14:46,57
2026-04-02,14:47,50
2026-04-02,14:48,43
2026-04-02,14:49,17
2026-04-02,14:52,7
2026-04-02,15:04,6
2026-04-02,15:05,1
2026-04-02,15:31,7
2026-04-02,15:32,19
2026-04-02,15:33,1
2026-04-02,15:34,54
2026-04-02,15:35,1
2026-04-02,15:36,10
2026-04-02,15:37,106
2026-04-02,15:38,35
2026-04-02,15:41,7
2026-04-02,15:55,32
2026-04-02,15:56,18
2026-04-02,16:00,10
2026-04-02,16:01,10
2026-04-02,17:13,5
2026-04-02,17:14,20
2026-04-02,17:19,9
2026-04-02,17:28,8
2026-04-02,17:36,6
2026-04-02,17:47,5
2026-04-02,17:51,48
2026-04-02,17:52,1
2026-04-02,18:13,18
2026-04-02,18:14,99
2026-04-02,18:15,57
2026-04-02,18:16,55
2026-04-02,18:19,36
2026-04-02,18:20,49
2026-04-02,18:24,32
2026-04-02,18:26,51
2026-04-02,18:27,16
2026-04-02,18:28,22
2026-04-02,18:29,19
2026-04-02,19:19,27
2026-04-02,19:21,17
2026-04-02,19:49,6
2026-04-02,19:51,13
2026-04-02,19:52,9
2026-04-02,19:53,58
2026-04-02,20:00,38
2026-04-02,20:01,43
2026-04-02,20:02,3
2026-04-02,20:24,7
2026-04-02,20:27,56
2026-04-02,20:46,18
2026-04-02,20:47,27
2026-04-02,20:49,30
2026-04-02,21:02,49
2026-04-02,21:03,31
2026-04-02,21:04,27
2026-04-02,21:31,36
2026-04-02,21:58,8
2026-04-02,22:52,19
2026-04-02,22:53,15
2026-04-02,23:02,55
2026-04-02,23:03,6
2026-04-02,23:07,7
2026-04-02,23:13,20
2026-04-03,00:02,7
2026-04-03,00:03,37
2026-04-03,00:04,21
2026-04-03,00:05,34
2026-04-03,00:07,52
2026-04-03,08:42,9
2026-04-03,08:48,23
2026-04-03,08:49,34
2026-04-03,08:50,17
2026-04-03,08:52,38
2026-04-03,08:53,2
2026-04-03,09:19,26
2026-04-03,09:21,31
2026-04-03,09:22,1
2026-04-03,09:23,36
2026-04-03,09:24,17
2026-04-03,09:25,20
2026-04-03,09:27,33
2026-04-03,09:28,28
2026-04-03,09:29,64
2026-04-03,09:30,6
2026-04-03,09:33,8
2026-04-03,09:34,3
2026-04-03,09:56,6
2026-04-03,09:58,19
2026-04-03,09:59,14
2026-04-03,10:12,12
2026-04-03,10:15,13
2026-04-03,10:16,8
2026-04-03,10:17,20
2026-04-03,10:18,57
2026-04-03,10:19,43
2026-04-03,10:33,53
2026-04-03,10:34,92
2026-04-03,10:35,7
2026-04-03,10:37,40
2026-04-03,12:29,21
2026-04-03,13:34,80
2026-04-03,13:35,19
2026-04-03,13:40,20
2026-04-03,13:43,17
2026-04-03,13:46,21
2026-04-03,14:06,5
2026-04-03,14:17,10
2026-04-03,14:26,29
2026-04-03,14:27,1
2026-04-03,14:28,19
2026-04-03,14:30,19
2026-04-03,14:31,48
2026-04-03,14:34,3
2026-04-03,14:36,6
2026-04-03,14:39,8
2026-04-03,14:44,9
2026-04-03,14:49,8
2026-04-03,14:56,20
2026-04-03,14:59,12
2026-04-03,15:02,17
2026-04-03,15:03,3
2026-04-03,15:19,12
2026-04-03,15:20,82
2026-04-03,15:21,34
2026-04-03,15:22,64
2026-04-03,15:23,49
2026-04-03,15:27,4
2026-04-03,15:28,1
2026-04-03,15:56,11
2026-04-03,15:57,47
2026-04-03,15:58,82
2026-04-03,15:59,96
2026-04-03,16:00,51
2026-04-03,16:01,27
2026-04-03,16:02,46
2026-04-03,16:03,22
2026-04-03,16:06,14
2026-04-03,16:08,60
2026-04-03,16:09,36
2026-04-03,16:10,14
2026-04-03,16:11,5
2026-04-03,16:13,5
2026-04-03,16:14,42
2026-04-03,16:15,32
2026-04-03,16:17,43
2026-04-03,16:18,20
2026-04-03,16:19,33
2026-04-03,16:21,65
2026-04-03,16:22,88
2026-04-03,16:24,9
2026-04-03,16:28,37
2026-04-03,16:29,51
2026-04-03,16:30,93
2026-04-03,16:31,77
2026-04-03,16:32,99
2026-04-03,16:33,42
2026-04-03,16:34,18
2026-04-03,16:35,36
2026-04-03,16:36,10
2026-04-03,16:37,28
2026-04-03,16:39,14
2026-04-03,16:40,10
2026-04-03,16:41,61
2026-04-03,16:42,36
2026-04-03,16:45,6
2026-04-03,16:46,1
2026-04-03,17:15,14
2026-04-03,17:19,15
2026-04-03,17:20,4
2026-04-03,18:09,14
2026-04-03,18:10,71
2026-04-03,18:11,73
2026-04-03,18:12,61
2026-04-03,18:13,16
2026-04-03,18:18,6
2026-04-03,18:39,15
2026-04-03,18:40,4
2026-04-03,18:52,7
2026-04-03,19:02,22
2026-04-03,19:04,7
2026-04-03,19:29,6
2026-04-03,19:47,21
2026-04-03,19:48,21
2026-04-03,20:28,7
2026-04-03,20:30,5
2026-04-03,20:34,18
2026-04-03,20:35,10
2026-04-03,20:36,15
2026-04-03,20:38,13
2026-04-03,20:39,6
2026-04-03,20:40,16
2026-04-03,20:44,8
2026-04-03,21:03,7
2026-04-03,21:04,5
2026-04-03,21:06,9
2026-04-03,21:21,11
2026-04-03,21:26,6
2026-04-03,21:27,1
2026-04-03,21:34,9
2026-04-03,21:45,32
2026-04-03,22:57,20
2026-04-03,23:27,17
2026-04-03,23:29,12
2026-04-03,23:37,7
2026-04-03,23:52,12
2026-04-03,23:53,8
2026-04-03,23:56,6
2026-04-03,23:57,6
2026-04-03,23:58,33
2026-04-03,23:59,28
2026-04-04,00:00,8
2026-04-04,00:21,8
2026-04-04,04:09,8
2026-04-04,08:09,6
2026-04-04,08:14,8
2026-04-04,08:15,14
2026-04-04,08:16,1
2026-04-04,08:18,5
2026-04-04,08:23,14
2026-04-04,08:24,7
2026-04-04,08:31,22
2026-04-04,08:34,20
2026-04-04,08:45,32
2026-04-04,08:46,82
2026-04-04,08:47,55
2026-04-04,08:48,7
2026-04-04,08:49,7
2026-04-04,08:50,33
2026-04-04,08:52,27
2026-04-04,08:53,44
2026-04-04,08:55,23
2026-04-04,08:56,33
2026-04-04,08:57,21
2026-04-04,08:58,25
2026-04-04,08:59,28
2026-04-04,09:01,30
2026-04-04,09:02,39
2026-04-04,09:04,4
2026-04-04,09:18,35
2026-04-04,09:19,119
2026-04-04,09:20,125
2026-04-04,09:21,102
2026-04-04,09:22,38
2026-04-04,09:23,5
2026-04-04,09:24,43
2026-04-04,10:15,6
2026-04-04,10:16,3
2026-04-04,10:28,38
2026-04-04,10:34,29
2026-04-04,10:38,74
2026-04-04,10:39,58
2026-04-04,10:40,7
2026-04-04,10:42,61
2026-04-04,10:43,30
2026-04-04,10:44,12
2026-04-04,10:45,7
2026-04-04,10:46,30
2026-04-04,10:47,33
2026-04-04,10:48,29
2026-04-04,10:49,91
2026-04-04,10:53,6
2026-04-04,10:54,12
2026-04-04,10:55,69
2026-04-04,10:56,79
2026-04-04,10:57,5
2026-04-04,10:58,13
2026-04-04,10:59,29
2026-04-04,11:00,9
2026-04-04,11:01,14
2026-04-04,11:02,15
2026-04-04,11:03,7
2026-04-04,11:04,29
2026-04-04,11:05,2
2026-04-04,11:06,28
2026-04-04,11:10,11
2026-04-04,11:11,32
2026-04-04,11:13,46
2026-04-04,11:14,7
2026-04-04,11:15,36
2026-04-04,11:16,69
2026-04-04,11:19,81
2026-04-04,11:20,53
2026-04-04,11:22,62
2026-04-04,11:23,64
2026-04-04,11:27,29
2026-04-04,11:28,11
2026-04-04,11:29,36
2026-04-04,11:30,44
2026-04-04,11:31,6
2026-04-04,11:32,10
2026-04-04,11:33,11
2026-04-04,11:34,18
2026-04-04,11:35,19
2026-04-04,11:36,20
2026-04-04,11:37,70
2026-04-04,11:38,32
2026-04-04,11:41,33
2026-04-04,11:42,30
2026-04-04,11:44,40
2026-04-04,11:45,106
2026-04-04,11:46,8
2026-04-04,11:47,31
2026-04-04,11:48,93
2026-04-04,11:49,34
2026-04-04,11:50,48
2026-04-04,11:51,32
2026-04-04,11:52,72
2026-04-04,11:57,65
2026-04-04,11:58,36
2026-04-04,11:59,27
2026-04-04,12:01,29
2026-04-04,12:03,68
2026-04-04,12:04,55
2026-04-04,12:10,88
2026-04-04,12:11,9
2026-04-04,12:12,7
2026-04-04,12:13,19
2026-04-04,12:14,39
2026-04-04,12:16,33
2026-04-04,12:17,55
2026-04-04,12:18,17
2026-04-04,12:19,11
2026-04-04,12:20,25
2026-04-04,12:22,76
2026-04-04,12:23,56
2026-04-04,12:24,33
2026-04-04,12:25,66
2026-04-04,12:26,52
2026-04-04,12:27,23
2026-04-04,12:28,15
2026-04-04,12:29,53
2026-04-04,12:32,40
2026-04-04,12:33,74
2026-04-04,12:34,69
2026-04-04,12:35,52
2026-04-04,12:36,10
2026-04-04,12:37,16
2026-04-04,12:38,26
2026-04-04,12:40,6
2026-04-04,12:41,34
2026-04-04,12:42,41
2026-04-04,12:44,15
2026-04-04,12:45,23
2026-04-04,12:46,47
2026-04-04,12:47,21
2026-04-04,12:48,12
2026-04-04,12:49,13
2026-04-04,12:50,24
2026-04-04,12:51,12
2026-04-04,12:52,18
2026-04-04,12:53,35
2026-04-04,12:54,26
2026-04-04,12:55,1
2026-04-04,12:57,11
2026-04-04,12:58,24
2026-04-04,12:59,63
2026-04-04,13:00,8
2026-04-04,13:01,34
2026-04-04,13:02,62
2026-04-04,13:03,44
2026-04-04,13:04,51
2026-04-04,13:06,15
2026-04-04,13:07,46
2026-04-04,13:09,37
2026-04-04,13:10,48
2026-04-04,13:11,33
2026-04-04,13:12,16
2026-04-04,13:13,5
2026-04-04,13:17,5
2026-04-04,13:18,9
2026-04-04,13:19,11
2026-04-04,13:21,44
2026-04-04,13:22,37
2026-04-04,13:24,38
2026-04-04,13:25,46
2026-04-04,13:26,11
2026-04-04,13:29,36
2026-04-04,13:30,30
2026-04-04,13:31,6
2026-04-04,13:32,42
2026-04-04,13:34,61
2026-04-04,13:35,80
2026-04-04,13:36,47
2026-04-04,13:38,41
2026-04-04,13:40,31
2026-04-04,13:41,48
2026-04-04,13:42,20
2026-04-04,13:43,69
2026-04-04,13:44,42
2026-04-04,13:45,31
2026-04-04,13:46,15
2026-04-04,13:47,32
2026-04-04,13:48,70
2026-04-04,13:52,28
2026-04-04,13:53,10
2026-04-04,13:54,34
2026-04-04,13:55,20
2026-04-04,13:56,24
2026-04-04,13:57,21
2026-04-04,14:01,5
2026-04-04,14:03,5
2026-04-04,14:04,26
2026-04-04,14:07,19
2026-04-04,14:08,42
2026-04-04,14:09,7
2026-04-04,14:17,26
2026-04-04,14:18,24
2026-04-04,14:19,35
2026-04-04,14:20,84
2026-04-04,14:21,50
2026-04-04,14:22,42
2026-04-04,14:23,3
2026-04-04,14:24,4
2026-04-04,14:26,7
2026-04-04,14:27,49
2026-04-04,14:28,21
2026-04-04,14:29,5
2026-04-04,14:30,9
2026-04-04,14:35,20
2026-04-04,14:36,26
2026-04-04,14:37,13
2026-04-04,14:38,9
2026-04-04,14:41,12
2026-04-04,14:43,37
2026-04-04,14:44,30
2026-04-04,14:46,8
2026-04-04,14:47,46
2026-04-04,14:48,2
2026-04-04,14:51,24
2026-04-04,14:54,37
2026-04-04,14:55,57
2026-04-04,14:56,44
2026-04-04,14:57,48
2026-04-04,14:58,31
2026-04-04,14:59,43
2026-04-04,15:00,62
2026-04-04,15:05,21
2026-04-04,15:07,15
2026-04-04,15:08,66
2026-04-04,15:09,48
2026-04-04,15:10,5
2026-04-04,15:11,24
2026-04-04,15:12,12
2026-04-04,15:13,97
2026-04-04,15:14,35
2026-04-04,15:18,42
2026-04-04,15:19,22
2026-04-04,15:20,32
2026-04-04,15:21,8
2026-04-04,15:22,86
2026-04-04,15:23,68
2026-04-04,15:24,6
2026-04-04,15:26,20
2026-04-04,15:28,57
2026-04-04,15:29,49
2026-04-04,15:30,42
2026-04-04,15:31,14
2026-04-04,15:32,74
2026-04-04,15:33,75
2026-04-04,15:34,37
2026-04-04,15:35,27
2026-04-04,15:36,32
2026-04-04,15:37,5
2026-04-04,15:44,5
2026-04-04,15:45,17
2026-04-04,15:48,17
2026-04-04,15:49,50
2026-04-04,15:50,89
2026-04-04,15:51,67
2026-04-04,15:52,13
2026-04-04,15:55,16
2026-04-04,15:56,18
2026-04-04,15:57,15
2026-04-04,16:00,6
2026-04-04,16:01,19
2026-04-04,16:02,51
2026-04-04,16:03,27
2026-04-04,16:04,23
2026-04-04,16:11,22
2026-04-04,16:12,13
2026-04-04,16:15,35
2026-04-04,16:16,8
2026-04-04,16:17,24
2026-04-04,16:18,62
2026-04-04,16:19,48
2026-04-04,16:20,44
2026-04-04,16:24,45
2026-04-04,16:25,45
2026-04-04,16:26,56
2026-04-04,16:30,6
2026-04-04,16:39,8
2026-04-04,16:40,3
2026-04-04,16:42,10
2026-04-04,16:43,25
2026-04-04,16:49,5
2026-04-04,16:50,27
2026-04-04,16:51,17
2026-04-04,16:52,10
2026-04-04,16:53,26
2026-04-04,16:54,35
2026-04-04,16:55,51
2026-04-04,16:57,26
2026-04-04,16:58,35
2026-04-04,17:00,39
2026-04-04,17:01,81
2026-04-04,17:02,27
2026-04-04,17:05,22
2026-04-04,17:06,43
2026-04-04,17:08,20
2026-04-04,17:09,76
2026-04-04,17:11,22
2026-04-04,17:12,12
2026-04-04,17:14,27
2026-04-04,17:15,14
2026-04-04,17:16,70
2026-04-04,17:17,52
2026-04-04,17:18,67
2026-04-04,17:19,30
2026-04-04,17:20,2
2026-04-04,17:21,14
2026-04-04,17:22,39
2026-04-04,17:23,9
2026-04-04,17:24,25
2026-04-04,17:25,64
2026-04-04,17:38,6
2026-04-04,17:44,12
2026-04-04,17:45,1
2026-04-04,18:04,49
2026-04-04,18:05,32
2026-04-04,18:06,2
2026-04-04,18:19,7
2026-04-04,18:20,1
2026-04-04,19:19,44
2026-04-04,19:20,26
2026-04-04,19:21,20
2026-04-04,19:22,11
2026-04-04,19:23,13
2026-04-04,19:24,99
2026-04-04,19:25,3
2026-04-04,19:26,39
2026-04-04,19:27,54
2026-04-04,19:28,57
2026-04-04,19:29,19
2026-04-04,19:30,66
2026-04-04,19:31,11
2026-04-04,19:39,6
2026-04-04,19:46,54
2026-04-04,19:47,80
2026-04-04,19:49,16
2026-04-04,19:50,48
2026-04-04,19:51,7
2026-04-04,19:52,7
2026-04-04,19:55,29
2026-04-04,20:03,35
2026-04-04,20:04,2
2026-04-04,20:05,35
2026-04-04,20:06,32
2026-04-04,20:07,25
2026-04-04,20:08,50
2026-04-04,20:09,5
2026-04-04,20:10,82
2026-04-04,20:11,23
2026-04-04,20:12,25
2026-04-04,20:13,1
2026-04-04,20:14,5
2026-04-04,20:16,7
2026-04-04,20:22,7
2026-04-04,20:23,15
2026-04-04,20:24,19
2026-04-04,20:27,11
2026-04-04,20:28,17
2026-04-04,20:29,3
2026-04-04,20:33,34
2026-04-04,20:34,1
2026-04-04,20:35,8
2026-04-04,20:36,11
2026-04-04,20:37,61
2026-04-04,20:38,20
2026-04-04,20:39,5
2026-04-04,20:40,12
2026-04-04,20:41,28
2026-04-04,20:49,7
2026-04-04,20:50,16
2026-04-04,20:52,19
2026-04-04,20:53,11
2026-04-04,20:55,62
2026-04-04,21:03,27
2026-04-04,21:04,54
2026-04-04,21:05,22
2026-04-04,21:06,12
2026-04-04,21:07,40
2026-04-04,21:08,31
2026-04-04,21:11,15
2026-04-04,21:12,41
2026-04-04,21:13,35
2026-04-04,21:14,23
2026-04-04,21:16,12
2026-04-04,21:18,11
2026-04-04,21:20,8
2026-04-04,21:22,12
2026-04-04,21:24,35
2026-04-04,21:26,5
2026-04-04,21:29,7
2026-04-04,21:31,32
2026-04-04,21:33,13
2026-04-04,21:37,35
2026-04-04,21:39,14
2026-04-04,21:40,25
2026-04-04,21:41,8
2026-04-04,21:46,9
2026-04-04,21:47,35
2026-04-04,21:48,27
2026-04-04,21:49,11
2026-04-04,21:50,1
2026-04-04,21:51,9
2026-04-04,21:52,11
2026-04-04,21:55,13
2026-04-04,21:56,16
2026-04-04,21:59,6
2026-04-04,22:01,12
2026-04-04,22:03,34
2026-04-04,22:08,8
2026-04-04,22:09,15
2026-04-04,22:10,1
2026-04-04,22:11,15
2026-04-04,22:12,8
2026-04-04,22:13,12
2026-04-04,22:15,21
2026-04-04,22:16,1
2026-04-04,22:17,7
2026-04-04,22:18,7
2026-04-04,22:19,79
2026-04-04,22:20,10
2026-04-04,22:22,25
2026-04-04,22:26,8
2026-04-04,22:32,11
2026-04-04,22:35,8
2026-04-04,22:37,9
2026-04-04,22:38,33
2026-04-04,22:39,13
2026-04-04,22:40,6
2026-04-04,22:41,5
2026-04-04,22:42,18
2026-04-04,22:45,7
2026-04-04,22:46,10
2026-04-04,22:47,7
2026-04-04,22:48,12
2026-04-04,22:53,9
2026-04-04,22:58,7
2026-04-04,23:05,12
2026-04-04,23:10,16
2026-04-04,23:14,7
2026-04-04,23:15,21
2026-04-04,23:17,82
2026-04-04,23:19,8
2026-04-04,23:21,7
2026-04-04,23:30,6
2026-04-04,23:38,18
2026-04-04,23:45,6
2026-04-04,23:53,34
2026-04-04,23:54,3
2026-04-05,00:03,6
2026-04-05,00:04,1
2026-04-05,00:07,7
2026-04-05,00:08,7
2026-04-05,00:12,59
2026-04-05,00:13,70
2026-04-05,00:14,45
2026-04-05,00:15,32
2026-04-05,00:17,34
2026-04-05,00:19,18
2026-04-05,00:20,3
2026-04-05,00:22,16
2026-04-05,00:23,42
2026-04-05,00:24,98
2026-04-05,00:25,1
2026-04-05,00:30,25
2026-04-05,00:34,20
2026-04-05,00:35,7
2026-04-05,00:36,14
2026-04-05,00:37,34
2026-04-05,00:40,10
2026-04-05,00:41,11
2026-04-05,00:42,1
2026-04-05,00:50,25
2026-04-05,00:51,19
2026-04-05,01:02,68
2026-04-05,01:03,52
2026-04-05,01:04,6
2026-04-05,01:11,7
2026-04-05,01:26,57
2026-04-05,01:27,47
2026-04-05,01:28,49
2026-04-05,01:29,20
2026-04-05,01:30,17
2026-04-05,01:37,7
2026-04-05,01:38,12
2026-04-05,01:42,9
2026-04-05,01:44,23
2026-04-05,01:45,38
2026-04-05,01:46,28
2026-04-05,01:48,32
2026-04-05,01:49,63
2026-04-05,01:50,52
2026-04-05,01:51,7
2026-04-05,01:52,19
2026-04-05,01:53,13
2026-04-05,01:54,32
2026-04-05,01:56,7
2026-04-05,02:01,3
2026-04-05,02:09,9
2026-04-05,02:10,10
2026-04-05,02:11,31
2026-04-05,02:12,9
2026-04-05,02:14,36
2026-04-05,02:15,82
2026-04-05,02:16,55
2026-04-05,02:17,45
2026-04-05,02:18,27
2026-04-05,02:19,3
2026-04-05,02:20,3
2026-04-05,02:22,6
2026-04-05,02:23,7
2026-04-05,02:24,39
2026-04-05,02:25,22
2026-04-05,02:26,98
2026-04-05,02:27,10
2026-04-05,02:31,15
2026-04-05,02:33,9
2026-04-05,02:35,22
2026-04-05,02:41,8
2026-04-05,02:42,5
2026-04-05,02:44,6
2026-04-05,02:46,38
2026-04-05,02:47,95
2026-04-05,03:13,9
2026-04-05,03:17,5
2026-04-05,03:55,10
2026-04-05,04:36,7
2026-04-05,04:42,18
2026-04-05,04:44,87
2026-04-05,04:45,13
2026-04-05,04:46,17
2026-04-05,04:47,24
2026-04-05,04:48,6
2026-04-05,04:49,11
2026-04-05,04:50,64
2026-04-05,04:51,17
2026-04-05,04:52,31
2026-04-05,04:53,25
2026-04-05,04:54,44
2026-04-05,04:55,16
2026-04-05,04:56,3
2026-04-05,04:58,23
2026-04-05,05:00,19
2026-04-05,05:01,24
2026-04-05,05:02,13
2026-04-05,05:08,6
2026-04-05,05:09,2
2026-04-05,05:16,16
2026-04-05,05:19,12
2026-04-05,05:20,8
2026-04-05,05:21,9
2026-04-05,05:23,80
2026-04-05,05:24,44
2026-04-05,05:25,19
2026-04-05,05:28,20
2026-04-05,05:29,26
2026-04-05,05:30,18
2026-04-05,05:31,46
2026-04-05,05:32,81
2026-04-05,05:33,42
2026-04-05,05:35,18
2026-04-05,05:36,20
2026-04-05,05:37,68
2026-04-05,05:38,5
2026-04-05,05:39,20
2026-04-05,05:40,28
2026-04-05,05:41,49
2026-04-05,05:45,31
2026-04-05,05:54,10
2026-04-05,05:55,23
2026-04-05,05:56,9
2026-04-05,05:59,7
2026-04-05,06:02,5
2026-04-05,06:03,21
2026-04-05,06:04,33
2026-04-05,06:05,38
2026-04-05,06:06,61
2026-04-05,06:07,46
2026-04-05,06:08,29
2026-04-05,06:09,73
2026-04-05,06:10,103
2026-04-05,06:11,18
2026-04-05,06:12,19
2026-04-05,06:29,10
2026-04-05,06:31,25
2026-04-05,06:32,90
2026-04-05,06:33,48
2026-04-05,06:34,39
2026-04-05,06:35,39
2026-04-05,06:36,57
2026-04-05,06:37,42
2026-04-05,06:38,1
2026-04-05,06:46,50
2026-04-05,06:47,15
2026-04-05,06:48,17
2026-04-05,06:49,18
2026-04-05,06:50,27
2026-04-05,06:55,22
2026-04-05,06:56,6
2026-04-05,06:57,6
2026-04-05,06:58,16
2026-04-05,07:11,3
2026-04-05,07:13,10
2026-04-05,13:01,8
2026-04-05,13:03,6
2026-04-05,13:05,7
2026-04-05,13:07,10
2026-04-05,13:08,6
2026-04-05,13:09,5
2026-04-05,13:10,14
2026-04-05,13:17,20
2026-04-05,13:18,8
2026-04-05,13:19,23
2026-04-05,13:20,19
2026-04-05,13:21,6
2026-04-05,14:43,34
2026-04-05,14:44,3
2026-04-05,14:54,13
2026-04-05,15:20,49
2026-04-05,15:49,6
2026-04-05,16:07,43
2026-04-05,16:08,35
2026-04-05,16:09,85
2026-04-05,16:10,75
2026-04-05,16:12,26
2026-04-05,16:13,69
2026-04-05,16:14,60
2026-04-05,16:15,50
2026-04-05,16:16,64
2026-04-05,16:17,100
2026-04-05,16:18,96
2026-04-05,16:19,104
2026-04-05,16:20,97
2026-04-05,16:21,46
2026-04-05,16:22,58
2026-04-05,16:24,23
2026-04-05,16:25,55
2026-04-05,16:28,6
2026-04-05,17:04,8
2026-04-05,17:06,5
2026-04-05,17:50,16
2026-04-05,17:54,14
2026-04-05,17:55,10
2026-04-05,18:24,7
2026-04-05,18:53,10
2026-04-05,19:47,14
2026-04-05,19:50,49
2026-04-05,19:51,1
2026-04-05,20:17,5
2026-04-05,21:30,39
2026-04-05,21:32,19
2026-04-05,21:50,8
2026-04-05,23:18,5
2026-04-05,23:19,23
2026-04-05,23:20,43
2026-04-05,23:21,18
2026-04-06,00:19,10
2026-04-06,00:20,13
2026-04-06,00:22,17
2026-04-06,00:24,30
2026-04-06,00:27,6
2026-04-06,00:31,8
2026-04-06,00:33,7
2026-04-06,00:34,12
2026-04-06,08:42,7
2026-04-06,08:57,6
2026-04-06,09:03,9
2026-04-06,09:04,10
2026-04-06,09:05,7
2026-04-06,09:12,4
2026-04-06,09:13,20
2026-04-06,17:08,8
2026-04-06,17:09,18
2026-04-06,17:10,10
2026-04-06,17:59,14
2026-04-06,18:00,10
2026-04-06,18:01,43
2026-04-06,18:23,20
2026-04-06,18:26,12
2026-04-06,18:27,3
2026-04-06,18:36,16
2026-04-06,18:37,5
2026-04-06,18:38,52
2026-04-06,18:39,85
2026-04-06,18:40,68
2026-04-06,18:55,80
2026-04-06,18:56,29
2026-04-06,19:39,15
2026-04-06,20:08,38
2026-04-06,20:09,39
2026-04-06,20:13,5
2026-04-06,20:16,5
2026-04-06,20:19,14
2026-04-06,20:27,16
2026-04-06,20:28,19
2026-04-06,20:29,50
2026-04-06,20:31,12
2026-04-06,20:42,8
2026-04-06,20:51,7
2026-04-06,21:02,87
2026-04-06,21:04,31
2026-04-06,21:05,9
2026-04-06,21:06,5
2026-04-06,21:11,8
2026-04-06,21:23,5
2026-04-06,21:28,11
2026-04-06,23:02,8
2026-04-06,23:03,1
2026-04-07,00:00,21
2026-04-07,00:05,9
2026-04-07,00:09,6
2026-04-07,00:10,24
2026-04-07,00:11,12
2026-04-07,00:13,7
2026-04-07,08:57,28
2026-04-07,08:58,6
2026-04-07,08:59,7
2026-04-07,09:02,36
2026-04-07,09:03,21
2026-04-07,09:52,8
2026-04-07,09:58,67
2026-04-07,09:59,28
2026-04-07,10:04,13
2026-04-07,10:05,18
2026-04-07,10:06,12
2026-04-07,10:07,23
2026-04-07,10:08,14
2026-04-07,10:09,18
2026-04-07,10:10,42
2026-04-07,10:11,58
2026-04-07,10:12,55
2026-04-07,10:13,11
2026-04-07,10:15,76
2026-04-07,10:16,90
2026-04-07,10:17,8
2026-04-07,10:30,37
2026-04-07,10:31,108
2026-04-07,10:32,122
2026-04-07,10:33,105
2026-04-07,10:34,26
2026-04-07,11:01,11
2026-04-07,11:02,100
2026-04-07,11:05,10
2026-04-07,11:06,41
2026-04-07,11:07,101
2026-04-07,11:08,68
2026-04-07,11:09,110
2026-04-07,11:10,111
2026-04-07,11:11,87
2026-04-07,11:12,52
2026-04-07,11:18,16
2026-04-07,11:19,30
2026-04-07,11:56,5
2026-04-07,12:01,5
2026-04-07,12:02,4
2026-04-07,12:03,5
2026-04-07,12:04,13
2026-04-07,12:14,7
2026-04-07,12:17,13
2026-04-07,12:18,6
2026-04-07,12:20,15
2026-04-07,12:21,7
2026-04-07,17:49,5
2026-04-07,17:51,15
2026-04-07,18:00,10
2026-04-07,18:01,14
2026-04-07,18:02,7
2026-04-07,18:35,21
2026-04-07,18:36,42
2026-04-07,18:37,44
2026-04-07,18:38,66
2026-04-07,18:39,109
2026-04-07,18:40,108
2026-04-07,18:41,104
2026-04-07,18:42,64
2026-04-07,18:43,95
2026-04-07,18:44,16
2026-04-07,18:45,76
2026-04-07,18:46,96
2026-04-07,18:47,4
2026-04-07,18:48,42
2026-04-07,18:49,10
2026-04-07,18:50,6
2026-04-07,18:52,28
2026-04-07,18:53,4
2026-04-07,19:01,22
2026-04-07,19:08,40
2026-04-07,19:09,50
2026-04-07,19:15,65
2026-04-07,19:16,64
2026-04-07,19:17,35
2026-04-07,19:25,24
2026-04-07,19:29,65
2026-04-07,19:30,22
2026-04-07,19:31,31
2026-04-07,19:32,49
2026-04-07,19:33,6
2026-04-07,19:34,30
2026-04-07,19:35,28
2026-04-07,19:37,17
2026-04-07,19:38,40
2026-04-07,19:48,13
2026-04-07,19:49,42
2026-04-07,19:50,31
2026-04-07,19:51,31
2026-04-07,19:52,41
2026-04-07,19:54,94
2026-04-07,19:55,107
2026-04-07,19:56,107
2026-04-07,19:57,112
2026-04-07,19:58,102
2026-04-07,19:59,107
2026-04-07,20:00,94
2026-04-07,20:05,12
2026-04-07,20:06,90
2026-04-07,20:07,105
2026-04-07,20:08,67
2026-04-07,20:09,101
2026-04-07,20:10,103
2026-04-07,20:11,70
2026-04-07,20:12,45
2026-04-07,20:14,11
2026-04-07,20:15,2
2026-04-07,20:42,74
2026-04-07,20:43,109
2026-04-07,20:44,106
2026-04-07,20:45,9
2026-04-07,20:47,26
2026-04-07,20:54,43
2026-04-07,20:55,54
2026-04-07,20:56,89
2026-04-07,20:57,10
2026-04-07,20:58,9
2026-04-07,20:59,25
2026-04-07,21:00,66
2026-04-07,23:26,10
2026-04-07,23:27,8
2026-04-07,23:28,51
2026-04-07,23:29,25
2026-04-07,23:30,14
2026-04-07,23:31,24
2026-04-07,23:33,3
2026-04-07,23:34,12
2026-04-07,23:35,10
2026-04-07,23:36,8
2026-04-08,00:05,4
2026-04-08,00:47,7
2026-04-08,00:49,29
2026-04-08,09:11,13
2026-04-08,09:16,14
2026-04-08,09:17,6
2026-04-08,09:19,21
2026-04-08,09:20,16
2026-04-08,14:28,29
2026-04-08,14:29,33
2026-04-08,14:31,11
2026-04-08,14:32,51
2026-04-08,14:33,18
2026-04-08,14:34,33
2026-04-08,14:35,41
2026-04-08,14:36,36
2026-04-08,14:37,43
2026-04-08,14:38,21
2026-04-08,14:39,19
2026-04-08,14:40,37
2026-04-08,14:41,26
2026-04-08,14:42,30
2026-04-08,14:43,7
2026-04-08,14:44,34
2026-04-08,14:46,9
2026-04-08,14:47,40
2026-04-08,14:48,14
2026-04-08,14:53,53
2026-04-08,14:54,33
2026-04-08,14:55,105
2026-04-08,14:56,96
2026-04-08,14:58,32
2026-04-08,14:59,13
2026-04-08,15:01,6
2026-04-08,15:15,8
2026-04-08,15:19,49
2026-04-08,15:20,93
2026-04-08,15:21,68
2026-04-08,15:22,20
2026-04-08,15:24,55
2026-04-08,15:25,8
2026-04-08,15:26,30
2026-04-08,15:27,8
2026-04-08,15:28,25
2026-04-08,15:29,8
2026-04-08,15:34,21
2026-04-08,15:35,29
2026-04-08,15:47,24
2026-04-08,15:48,24
2026-04-08,15:54,68
2026-04-08,15:55,11
2026-04-08,15:58,41
2026-04-08,15:59,11
2026-04-08,16:00,6
2026-04-08,16:10,13
2026-04-08,16:11,14
2026-04-08,16:12,11
2026-04-08,16:13,62
2026-04-08,16:14,95
2026-04-08,16:15,10
2026-04-08,16:19,41
2026-04-08,16:20,101
2026-04-08,16:21,38
2026-04-08,16:22,51
2026-04-08,16:23,57
2026-04-08,16:24,47
2026-04-08,16:25,6
2026-04-08,17:32,4
2026-04-08,17:33,45
2026-04-08,17:34,101
2026-04-08,17:35,104
2026-04-08,17:36,10
2026-04-08,17:52,3
2026-04-08,17:54,5
2026-04-08,17:59,12
2026-04-08,18:01,37
2026-04-08,18:13,3
2026-04-08,18:16,53
2026-04-08,18:17,25
2026-04-08,18:18,14
2026-04-08,18:19,4
2026-04-08,18:20,8
2026-04-08,18:21,13
2026-04-08,18:26,5
2026-04-08,18:27,32
2026-04-08,18:31,12
2026-04-08,18:32,31
2026-04-08,18:50,46
2026-04-08,18:56,8
2026-04-08,18:57,20
2026-04-08,19:22,7
2026-04-08,19:23,27
2026-04-08,19:24,24
2026-04-08,19:49,7
2026-04-08,22:19,13
2026-04-08,22:26,17
2026-04-08,22:27,5
2026-04-08,22:28,11
2026-04-08,22:29,5
2026-04-08,22:31,9
2026-04-08,22:32,17
2026-04-08,22:38,22
2026-04-08,22:42,3
2026-04-08,23:20,36
2026-04-08,23:23,7
2026-04-08,23:24,37
2026-04-08,23:26,33
2026-04-08,23:27,1
2026-04-09,00:20,5
2026-04-09,00:54,3
2026-04-09,00:55,29
2026-04-09,00:56,36
2026-04-09,09:04,12
2026-04-09,09:07,13
2026-04-09,09:08,20
2026-04-09,09:09,1
2026-04-09,09:14,12
2026-04-09,09:16,9
2026-04-09,09:17,16
2026-04-09,09:26,20
2026-04-09,09:27,21
2026-04-09,09:28,12
2026-04-09,09:29,20
2026-04-09,09:37,10
2026-04-09,10:31,5
2026-04-09,10:46,25
2026-04-09,10:52,16
2026-04-09,10:55,33
2026-04-09,10:56,67
2026-04-09,10:57,3
2026-04-09,10:59,39
2026-04-09,11:05,5
2026-04-09,11:06,7
2026-04-09,11:35,14
2026-04-09,11:36,11
2026-04-09,11:39,5
2026-04-09,11:48,5
2026-04-09,11:49,15
2026-04-09,11:50,9
2026-04-09,11:51,35
2026-04-09,11:52,15
2026-04-09,11:53,3
2026-04-09,11:54,16
2026-04-09,11:55,1
2026-04-09,11:56,11
2026-04-09,11:57,59
2026-04-09,11:58,60
2026-04-09,11:59,9
2026-04-09,12:00,61
2026-04-09,12:01,102
2026-04-09,12:02,82
2026-04-09,12:04,7
2026-04-09,12:05,1
2026-04-09,12:08,15
2026-04-09,12:16,6
2026-04-09,12:19,8
2026-04-09,12:33,23
2026-04-09,12:34,104
2026-04-09,12:35,97
2026-04-09,12:36,96
2026-04-09,12:37,98
2026-04-09,12:38,40
2026-04-09,12:41,78
2026-04-09,13:09,28
2026-04-09,13:10,64
2026-04-09,13:11,112
2026-04-09,13:12,111
2026-04-09,13:13,106
2026-04-09,13:14,1
2026-04-09,13:15,9
2026-04-09,13:20,94
2026-04-09,13:21,109
2026-04-09,13:22,116
2026-04-09,13:23,112
2026-04-09,13:24,104
2026-04-09,13:25,35
2026-04-09,13:37,7
2026-04-09,13:40,20
2026-04-09,13:41,61
2026-04-09,13:42,1
2026-04-09,13:51,14
2026-04-09,13:52,62
2026-04-09,13:53,95
2026-04-09,13:54,6
2026-04-09,13:55,86
2026-04-09,13:56,101
2026-04-09,13:57,110
2026-04-09,13:58,111
2026-04-09,13:59,107
2026-04-09,14:00,70
2026-04-09,14:01,15
2026-04-09,14:03,14
2026-04-09,14:04,110
2026-04-09,14:05,118
2026-04-09,14:06,114
2026-04-09,14:07,113
2026-04-09,14:08,102
2026-04-09,14:09,99
2026-04-09,14:10,12
2026-04-09,14:11,78
2026-04-09,14:12,5
2026-04-09,14:30,8
2026-04-09,14:31,4
2026-04-09,14:48,32
2026-04-09,15:24,8
2026-04-09,15:33,13
2026-04-09,15:34,54
2026-04-09,15:37,21
2026-04-09,17:44,8
2026-04-09,17:47,9
2026-04-09,18:07,5
2026-04-09,18:15,15
2026-04-09,18:16,6
2026-04-09,18:32,8
2026-04-09,18:38,10
2026-04-09,18:44,33
2026-04-09,18:45,4
2026-04-09,18:46,2
2026-04-09,20:06,17
2026-04-09,20:07,1
2026-04-09,20:09,14
2026-04-09,20:10,10
2026-04-09,20:18,6
2026-04-09,20:22,25
2026-04-09,20:30,5
2026-04-09,20:31,23
2026-04-09,20:32,15
2026-04-09,20:33,33
2026-04-09,20:34,93
2026-04-09,20:35,70
2026-04-09,20:36,32
2026-04-09,20:44,8
2026-04-09,20:45,32
2026-04-09,20:46,115
2026-04-09,20:47,110
2026-04-09,20:49,100
2026-04-09,20:50,69
2026-04-09,21:16,6
2026-04-09,21:17,43
2026-04-09,21:18,101
2026-04-09,21:19,101
2026-04-09,21:20,95
2026-04-09,21:21,101
2026-04-09,21:22,69
2026-04-09,21:32,6
2026-04-09,21:41,20
2026-04-09,21:42,54
2026-04-09,21:43,12
2026-04-09,21:45,15
2026-04-09,21:46,8
2026-04-09,21:54,6
2026-04-09,22:05,10
2026-04-09,22:08,20
2026-04-10,00:30,35
2026-04-10,00:31,71
2026-04-10,00:32,26
2026-04-10,00:33,45
2026-04-10,00:34,5
2026-04-10,09:45,13
2026-04-10,09:50,23
2026-04-10,09:52,6
2026-04-10,09:53,60
2026-04-10,09:54,32
2026-04-10,11:41,64
2026-04-10,11:44,3
2026-04-10,11:45,28
2026-04-10,11:46,18
2026-04-10,11:48,14
2026-04-10,11:49,6
2026-04-10,11:52,14
2026-04-10,11:53,3
2026-04-10,12:17,4
2026-04-10,12:18,18
2026-04-10,12:19,34
2026-04-10,12:20,20
2026-04-10,12:21,40
2026-04-10,12:22,34
2026-04-10,12:23,21
2026-04-10,12:24,58
2026-04-10,12:25,67
2026-04-10,12:27,56
2026-04-10,12:28,105
2026-04-10,12:29,87
2026-04-10,12:31,40
2026-04-10,12:40,10
2026-04-10,12:41,109
2026-04-10,12:42,36
2026-04-10,13:09,84
2026-04-10,13:10,9
2026-04-10,13:11,91
2026-04-10,13:12,110
2026-04-10,13:13,77
2026-04-10,13:14,81
2026-04-10,13:15,17
2026-04-10,13:20,97
2026-04-10,13:21,92
2026-04-10,13:22,113
2026-04-10,13:23,109
2026-04-10,13:24,110
2026-04-10,13:25,74
2026-04-10,13:35,8
2026-04-10,13:38,16
2026-04-10,13:40,85
2026-04-10,13:41,9
2026-04-10,13:59,39
2026-04-10,14:00,15
2026-04-10,14:01,94
2026-04-10,14:02,93
2026-04-10,14:03,100
2026-04-10,14:04,104
2026-04-10,14:05,101
2026-04-10,14:06,97
2026-04-10,14:07,87
2026-04-10,14:08,92
2026-04-10,14:09,87
2026-04-10,14:10,86
2026-04-10,14:11,95
2026-04-10,14:12,83
2026-04-10,14:13,106
2026-04-10,14:14,2
2026-04-10,14:16,17
2026-04-10,14:17,26
2026-04-10,14:39,51
2026-04-10,14:40,50
2026-04-10,19:09,17
2026-04-10,19:10,17
2026-04-10,19:11,81
2026-04-10,19:12,9
2026-04-10,19:13,103
2026-04-10,19:14,107
2026-04-10,19:15,111
2026-04-10,19:16,117
2026-04-10,19:17,76
2026-04-10,19:18,104
2026-04-10,19:19,108
2026-04-10,19:20,37
2026-04-10,19:27,77
2026-04-10,19:28,115
2026-04-10,19:29,46
2026-04-10,19:30,44
2026-04-10,19:31,100
2026-04-10,19:32,104
2026-04-10,19:33,70
2026-04-10,19:40,59
2026-04-10,19:41,91
2026-04-10,19:42,85
2026-04-10,19:46,22
2026-04-10,20:18,9
2026-04-10,20:19,98
2026-04-10,20:20,107
2026-04-10,20:21,69
2026-04-10,20:38,15
2026-04-10,20:39,62
2026-04-10,20:40,20
2026-04-10,20:50,9
2026-04-10,20:52,24
2026-04-10,20:53,39
2026-04-10,20:54,18
2026-04-10,20:56,6
2026-04-10,20:57,28
2026-04-10,20:58,13
2026-04-10,20:59,18
2026-04-10,21:00,31
2026-04-10,21:02,51
2026-04-10,21:03,65
2026-04-10,21:04,48
2026-04-10,21:06,70
2026-04-10,21:07,32
2026-04-10,21:08,5
2026-04-10,21:09,3
2026-04-10,21:10,10
2026-04-10,21:21,22
2026-04-10,21:24,7
2026-04-10,21:34,12
2026-04-10,21:35,6
2026-04-10,21:37,6
2026-04-10,21:41,5
2026-04-10,21:42,65
2026-04-10,21:43,33
2026-04-10,21:44,73
2026-04-10,21:45,25
2026-04-10,21:47,40
2026-04-10,21:48,63
2026-04-10,22:07,39
2026-04-10,22:08,30
2026-04-10,22:09,20
2026-04-10,22:10,16
2026-04-10,22:11,42
2026-04-10,22:12,24
2026-04-10,22:13,23
2026-04-10,22:15,16
2026-04-10,22:17,18
2026-04-10,22:18,6
2026-04-10,22:24,18
2026-04-10,22:25,11
2026-04-10,22:26,16
2026-04-11,00:02,17
2026-04-11,00:03,17
2026-04-11,00:04,8
2026-04-11,01:02,19
2026-04-11,08:25,8
2026-04-11,08:45,10
2026-04-11,08:47,9
2026-04-11,08:56,22
2026-04-11,08:57,26
2026-04-11,08:58,3
2026-04-11,10:44,6
2026-04-11,10:45,55
2026-04-11,10:46,20
2026-04-11,10:49,21
2026-04-11,10:50,11
2026-04-11,10:51,46
2026-04-11,10:52,10
2026-04-11,10:53,50
2026-04-11,10:54,44
2026-04-11,10:55,33
2026-04-11,10:56,10
2026-04-11,10:57,59
2026-04-11,10:58,1
2026-04-11,11:15,7
2026-04-11,11:23,104
2026-04-11,11:24,87
2026-04-11,11:31,126
2026-04-11,11:32,4
2026-04-11,11:58,21
2026-04-11,11:59,83
2026-04-11,12:04,44
2026-04-11,12:05,116
2026-04-11,12:06,115
2026-04-11,12:07,68
2026-04-11,12:10,63
2026-04-11,12:11,115
2026-04-11,12:12,118
2026-04-11,12:13,84
2026-04-11,12:14,61
2026-04-11,12:15,15
2026-04-11,12:16,11
2026-04-11,13:04,35
2026-04-11,13:11,7
2026-04-11,13:12,13
2026-04-11,13:13,25
2026-04-11,13:37,6
2026-04-11,13:42,8
2026-04-11,14:04,10
2026-04-11,14:10,16
2026-04-11,14:11,18
2026-04-11,14:48,9
2026-04-11,15:20,17
2026-04-11,15:23,5
2026-04-11,15:34,62
2026-04-11,15:35,29
2026-04-11,15:36,12
2026-04-11,15:37,15
2026-04-11,15:38,55
2026-04-11,15:56,8
2026-04-11,15:58,8
2026-04-11,16:00,9
2026-04-11,16:01,1
2026-04-11,16:02,5
2026-04-11,16:05,6
2026-04-11,16:08,6
2026-04-11,16:18,10
2026-04-11,16:19,8
2026-04-11,16:29,3
2026-04-11,16:31,4
2026-04-11,16:37,6
2026-04-11,16:40,34
2026-04-11,16:41,63
2026-04-11,16:42,8
2026-04-11,16:44,43
2026-04-11,16:45,90
2026-04-11,16:46,100
2026-04-11,16:47,60
2026-04-11,16:48,104
2026-04-11,16:49,104
2026-04-11,16:50,104
2026-04-11,16:51,46
2026-04-11,16:52,107
2026-04-11,16:53,108
2026-04-11,16:54,100
2026-04-11,16:55,107
2026-04-11,16:56,75
2026-04-11,16:57,105
2026-04-11,16:58,104
2026-04-11,16:59,75
2026-04-11,17:00,104
2026-04-11,17:01,94
2026-04-11,17:02,109
2026-04-11,17:03,93
2026-04-11,17:04,102
2026-04-11,17:05,82
2026-04-11,17:06,106
2026-04-11,17:07,105
2026-04-11,17:08,104
2026-04-11,17:09,66
2026-04-11,17:10,101
2026-04-11,17:11,97
2026-04-11,17:12,101
2026-04-11,17:13,96
2026-04-11,17:14,97
2026-04-11,17:15,109
2026-04-11,17:16,104
2026-04-11,17:17,101
2026-04-11,17:18,102
2026-04-11,17:19,38
2026-04-11,17:20,32
2026-04-11,17:21,84
2026-04-11,17:22,81
2026-04-11,17:23,22
2026-04-11,17:27,17
2026-04-11,17:32,14
2026-04-11,17:33,75
2026-04-11,17:34,79
2026-04-11,17:35,35
2026-04-11,17:36,26
2026-04-11,17:37,51
2026-04-11,17:38,88
2026-04-11,17:39,88
2026-04-11,17:40,106
2026-04-11,17:41,52
2026-04-11,17:45,16
2026-04-11,17:49,7
2026-04-11,17:52,8
2026-04-11,17:53,12
2026-04-11,17:54,11
2026-04-11,17:55,24
2026-04-11,17:56,105
2026-04-11,17:57,108
2026-04-11,17:58,108
2026-04-11,17:59,108
2026-04-11,18:00,68
2026-04-11,18:01,102
2026-04-11,18:02,107
2026-04-11,18:03,103
2026-04-11,18:04,103
2026-04-11,18:05,107
2026-04-11,18:06,105
2026-04-11,18:07,106
2026-04-11,18:08,107
2026-04-11,18:09,90
2026-04-11,18:10,100
2026-04-11,18:11,105
2026-04-11,18:12,105
2026-04-11,18:13,106
2026-04-11,18:14,103
2026-04-11,18:15,102
2026-04-11,18:16,107
2026-04-11,18:17,107
2026-04-11,18:18,98
2026-04-11,18:19,67
2026-04-11,18:20,107
2026-04-11,18:21,105
2026-04-11,18:22,105
2026-04-11,18:23,63
2026-04-11,18:24,6
2026-04-11,18:25,64
2026-04-11,18:26,90
2026-04-11,18:27,77
2026-04-11,18:28,87
2026-04-11,18:29,56
2026-04-11,18:30,91
2026-04-11,18:31,51
2026-04-11,18:32,62
2026-04-11,18:33,46
2026-04-11,18:36,3
2026-04-11,18:41,3
2026-04-11,18:53,6
2026-04-11,18:59,52
2026-04-11,19:00,97
2026-04-11,19:01,111
2026-04-11,19:02,5
2026-04-11,19:03,93
2026-04-11,19:04,111
2026-04-11,19:05,108
2026-04-11,19:06,110
2026-04-11,19:07,17
2026-04-11,19:14,6
2026-04-11,19:20,5
2026-04-11,19:29,10
2026-04-11,19:30,6
2026-04-11,19:34,52
2026-04-11,19:35,61
2026-04-11,19:36,92
2026-04-11,19:37,32
2026-04-11,19:39,72
2026-04-11,19:40,103
2026-04-11,19:41,40
2026-04-11,19:42,84
2026-04-11,19:43,87
2026-04-11,19:44,101
2026-04-11,19:45,103
2026-04-11,19:46,102
2026-04-11,19:47,98
2026-04-11,19:48,94
2026-04-11,19:49,100
2026-04-11,19:50,102
2026-04-11,19:51,105
2026-04-11,19:52,103
2026-04-11,19:53,106
2026-04-11,19:54,63
2026-04-11,19:55,21
2026-04-11,19:56,108
2026-04-11,19:57,102
2026-04-11,19:58,102
2026-04-11,19:59,101
2026-04-11,20:00,102
2026-04-11,20:01,28
2026-04-11,20:02,106
2026-04-11,20:03,104
2026-04-11,20:04,114
2026-04-11,20:05,78
2026-04-11,20:06,108
2026-04-11,20:07,101
2026-04-11,20:08,67
2026-04-11,20:09,59
2026-04-11,20:10,20
2026-04-11,20:15,4
2026-04-11,20:35,98
2026-04-11,20:36,14
2026-04-11,21:29,37
2026-04-11,21:35,8
2026-04-11,21:41,33
2026-04-11,21:42,9
2026-04-11,21:57,9
2026-04-11,22:08,26
2026-04-11,22:09,102
2026-04-11,22:10,111
2026-04-11,22:11,111
2026-04-11,22:12,106
2026-04-11,22:13,116
2026-04-11,22:14,47
2026-04-11,22:15,9
2026-04-11,22:16,6
2026-04-11,22:17,3
2026-04-11,22:23,69
2026-04-11,22:24,5
2026-04-11,22:29,16
2026-04-11,22:31,6
2026-04-11,22:58,16
2026-04-11,22:59,98
2026-04-11,23:00,95
2026-04-11,23:01,84
2026-04-11,23:14,38
2026-04-11,23:15,77
2026-04-11,23:16,53
2026-04-11,23:17,18
2026-04-11,23:18,18
2026-04-11,23:19,5
2026-04-12,08:46,10
2026-04-12,08:47,38
2026-04-12,08:48,38
2026-04-12,08:49,17
2026-04-12,08:50,10
2026-04-12,08:52,55
2026-04-12,08:53,74
2026-04-12,08:54,69
2026-04-12,08:55,6
2026-04-12,09:10,58
2026-04-12,09:11,75
2026-04-12,09:14,31
2026-04-12,09:15,8
2026-04-12,09:16,12
2026-04-12,09:17,44
2026-04-12,09:18,97
2026-04-12,09:19,22
2026-04-12,09:22,44
2026-04-12,09:23,87
2026-04-12,09:30,13
2026-04-12,09:31,2
2026-04-12,09:32,24
2026-04-12,09:33,1
2026-04-12,09:35,17
2026-04-12,09:43,10
2026-04-12,09:44,5
2026-04-12,09:46,12
2026-04-12,09:49,12
2026-04-12,09:56,15
2026-04-12,09:57,41
2026-04-12,09:58,17
2026-04-12,09:59,53
2026-04-12,10:00,37
2026-04-12,10:01,5
2026-04-12,10:02,6
2026-04-12,10:03,29
2026-04-12,10:05,5
2026-04-12,10:06,13
2026-04-12,10:07,7
2026-04-12,10:08,22
2026-04-12,10:09,1
2026-04-12,10:11,8
2026-04-12,10:12,23
2026-04-12,10:13,102
2026-04-12,10:14,116
2026-04-12,10:15,110
2026-04-12,10:16,70
2026-04-12,10:17,47
2026-04-12,10:18,84
2026-04-12,10:19,108
2026-04-12,10:20,103
2026-04-12,10:21,73
2026-04-12,10:25,57
2026-04-12,10:26,93
2026-04-12,10:27,87
2026-04-12,10:28,60
2026-04-12,10:29,3
2026-04-12,10:30,48
2026-04-12,10:31,15
2026-04-12,10:35,9
2026-04-12,10:40,27
2026-04-12,10:41,32
2026-04-12,10:42,13
2026-04-12,10:43,3
2026-04-12,10:44,44
2026-04-12,10:45,97
2026-04-12,10:46,20
2026-04-12,10:47,43
2026-04-12,10:48,8
2026-04-12,10:50,27
2026-04-12,11:56,13
2026-04-12,12:03,26
2026-04-12,12:08,7
2026-04-12,12:16,20
2026-04-12,12:19,18
2026-04-12,12:22,15
2026-04-12,12:23,15
2026-04-12,12:24,7
2026-04-12,12:28,6
2026-04-12,12:29,9
2026-04-12,12:31,24
2026-04-12,12:32,10
2026-04-12,12:33,41
2026-04-12,12:35,28
2026-04-12,12:36,107
2026-04-12,12:37,15
2026-04-12,12:41,6
2026-04-12,12:42,60
2026-04-12,12:43,58
2026-04-12,12:50,7
2026-04-12,13:08,16
2026-04-12,13:10,105
2026-04-12,13:14,34
2026-04-12,13:15,75
2026-04-12,13:16,58
2026-04-12,13:17,63
2026-04-12,13:18,110
2026-04-12,13:19,111
2026-04-12,13:20,112
2026-04-12,13:21,106
2026-04-12,13:22,66
2026-04-12,13:35,5
2026-04-12,13:44,27
2026-04-12,13:45,10
2026-04-12,14:29,8
2026-04-12,14:31,101
2026-04-12,14:32,18
2026-04-12,14:33,58
2026-04-12,14:34,46
2026-04-12,14:37,8
2026-04-12,14:39,5
2026-04-12,14:40,18
2026-04-12,14:44,20
2026-04-12,14:45,66
2026-04-12,14:46,6
2026-04-12,14:49,27
2026-04-12,14:51,72
2026-04-12,14:54,16
2026-04-12,14:55,113
2026-04-12,14:56,38
2026-04-12,14:58,64
2026-04-12,14:59,25
2026-04-12,15:00,95
2026-04-12,15:01,9
2026-04-12,15:02,70
2026-04-12,15:03,98
2026-04-12,15:04,70
2026-04-12,15:05,26
2026-04-12,15:06,65
2026-04-12,15:08,39
2026-04-12,15:09,33
2026-04-12,15:11,7
2026-04-12,15:15,17
2026-04-12,15:25,18
2026-04-12,15:26,18
2026-04-12,15:30,28
2026-04-12,15:40,16
2026-04-12,15:41,3
2026-04-12,15:42,6
2026-04-12,15:48,31
2026-04-12,16:47,16
2026-04-12,16:48,22
2026-04-12,17:21,6
2026-04-12,17:41,42
2026-04-12,17:42,52
2026-04-12,17:43,19
2026-04-12,17:44,66
2026-04-12,17:46,19
2026-04-12,17:48,13
2026-04-12,17:59,6
2026-04-12,18:00,8
2026-04-12,18:16,29
2026-04-12,18:17,11
2026-04-12,18:18,1
2026-04-12,18:27,5
2026-04-12,18:28,1
2026-04-12,18:30,33
2026-04-12,18:36,10
2026-04-12,18:37,93
2026-04-12,18:38,111
2026-04-12,18:39,111
2026-04-12,18:40,112
2026-04-12,18:41,107
2026-04-12,18:42,107
2026-04-12,18:43,28
2026-04-12,18:44,16
2026-04-12,18:48,73
2026-04-12,18:51,50
2026-04-12,18:52,69
2026-04-12,18:53,99
2026-04-12,18:54,114
2026-04-12,18:55,113
2026-04-12,18:56,101
2026-04-12,18:57,117
2026-04-12,18:58,103
2026-04-12,18:59,101
2026-04-12,19:00,74
2026-04-12,19:25,8
2026-04-12,19:26,108
2026-04-12,19:27,51
2026-04-12,19:28,81
2026-04-12,19:29,63
2026-04-12,19:30,95
2026-04-12,19:31,100
2026-04-12,19:32,108
2026-04-12,19:33,109
2026-04-12,19:35,104
2026-04-12,19:36,101
2026-04-12,19:39,117
2026-04-12,19:45,46
2026-04-12,19:46,60
2026-04-12,19:47,58
2026-04-12,19:49,53
2026-04-12,19:50,91
2026-04-12,19:51,17
2026-04-12,20:10,40
2026-04-12,20:11,41
2026-04-12,20:12,46
2026-04-12,20:13,1
2026-04-12,20:17,6
2026-04-12,20:20,9
2026-04-12,20:21,14
2026-04-12,20:22,11
2026-04-12,20:26,8
2026-04-12,20:27,25
2026-04-12,20:51,13
2026-04-12,20:52,18
2026-04-12,21:17,3
2026-04-13,00:18,7
2026-04-13,00:19,20
2026-04-13,00:20,7
2026-04-13,00:37,8
2026-04-13,00:40,31
2026-04-13,00:41,7
2026-04-13,08:59,25
2026-04-13,09:11,11
2026-04-13,09:12,17
2026-04-13,11:20,20
2026-04-13,11:21,1
2026-04-13,11:23,6
2026-04-13,11:37,10
2026-04-13,11:38,31
2026-04-13,11:39,13
2026-04-13,11:40,48
2026-04-13,11:41,16
2026-04-13,11:42,38
2026-04-13,11:43,79
2026-04-13,11:44,100
2026-04-13,11:45,113
2026-04-13,11:46,28
2026-04-13,11:59,63
2026-04-13,12:00,2
2026-04-13,12:19,21
2026-04-13,12:20,73
2026-04-13,12:21,98
2026-04-13,12:22,103
2026-04-13,12:23,98
2026-04-13,12:24,7
2026-04-13,12:33,49
2026-04-13,12:34,111
2026-04-13,12:35,115
2026-04-13,12:36,55
2026-04-13,12:37,114
2026-04-13,12:38,114
2026-04-13,12:39,111
2026-04-13,12:40,106
2026-04-13,12:41,13
2026-04-13,13:00,53
2026-04-13,13:01,101
2026-04-13,13:02,105
2026-04-13,13:03,83
2026-04-13,13:04,105
2026-04-13,13:05,106
2026-04-13,13:06,103
2026-04-13,13:07,105
2026-04-13,13:08,108
2026-04-13,13:09,101
2026-04-13,13:10,31
2026-04-13,13:11,95
2026-04-13,13:12,75
2026-04-13,13:13,42
2026-04-13,13:25,5
2026-04-13,13:26,107
2026-04-13,13:27,108
2026-04-13,13:28,109
2026-04-13,13:29,67
2026-04-13,13:30,93
2026-04-13,13:31,108
2026-04-13,13:32,109
2026-04-13,13:33,109
2026-04-13,13:34,106
2026-04-13,13:35,62
2026-04-13,13:39,8
2026-04-13,13:42,58
2026-04-13,13:43,12
2026-04-13,13:46,14
2026-04-13,15:06,3
2026-04-13,15:52,8
2026-04-13,16:15,17
2026-04-13,17:00,5
2026-04-13,17:01,11
2026-04-13,17:14,6
2026-04-13,17:15,10
2026-04-13,17:17,6
2026-04-13,17:18,9
2026-04-13,17:22,7
2026-04-13,17:39,20
2026-04-13,18:49,7
2026-04-13,19:37,7
2026-04-13,19:57,8
2026-04-13,19:58,5
2026-04-13,19:59,3
2026-04-13,20:05,13
2026-04-13,20:06,12
2026-04-13,20:07,7
2026-04-13,20:08,34
2026-04-13,20:09,86
2026-04-13,20:10,96
2026-04-13,20:11,109
2026-04-13,20:12,112
2026-04-13,20:13,116
2026-04-13,20:14,59
2026-04-13,20:16,76
2026-04-13,20:17,32
2026-04-13,20:18,90
2026-04-13,20:19,19
2026-04-13,20:26,12
2026-04-13,20:30,63
2026-04-13,20:31,7
2026-04-13,20:32,15
2026-04-13,20:42,18
2026-04-13,20:43,49
2026-04-13,20:45,20
2026-04-13,20:46,36
2026-04-13,20:48,17
2026-04-13,20:50,31
2026-04-13,20:51,5
2026-04-13,20:57,52
2026-04-13,20:58,42
2026-04-13,20:59,98
2026-04-13,21:00,45
2026-04-13,21:01,109
2026-04-13,21:02,90
2026-04-13,21:03,18
2026-04-13,21:12,39
2026-04-13,21:13,46
2026-04-13,21:14,103
2026-04-13,21:15,106
2026-04-13,21:16,116
2026-04-13,21:17,100
2026-04-13,21:18,52
2026-04-13,21:42,24
2026-04-13,21:43,89
2026-04-13,21:44,43
2026-04-13,21:51,51
2026-04-13,21:52,64
2026-04-13,21:53,33
2026-04-13,21:54,12
2026-04-13,21:55,20
2026-04-13,22:29,25
2026-04-13,22:30,8
2026-04-13,22:31,30
2026-04-13,22:43,13
2026-04-13,22:44,20
2026-04-13,23:29,8
2026-04-13,23:30,93
2026-04-13,23:31,27
2026-04-13,23:32,17
2026-04-13,23:48,7
2026-04-14,00:40,9
2026-04-14,00:41,14
2026-04-14,10:10,17
2026-04-14,10:11,56
2026-04-14,10:12,21
2026-04-14,10:13,31
2026-04-14,10:14,4
2026-04-14,11:02,7
2026-04-14,11:03,15
2026-04-14,11:04,1
2026-04-14,11:09,32
2026-04-14,11:50,37
2026-04-14,11:51,1
2026-04-14,11:52,7
2026-04-14,11:53,20
2026-04-14,11:57,20
2026-04-14,11:58,27
2026-04-14,11:59,16
2026-04-14,12:35,34
2026-04-14,12:36,3
2026-04-14,12:37,11
2026-04-14,12:40,8
2026-04-14,12:41,25
2026-04-14,14:03,44
2026-04-14,14:04,11
2026-04-14,14:05,35
2026-04-14,14:26,66
2026-04-14,14:27,29
2026-04-14,14:32,6
2026-04-14,14:33,1
2026-04-14,14:45,6
2026-04-14,14:46,22
2026-04-14,14:54,11
2026-04-14,14:55,6
2026-04-14,14:56,10
2026-04-14,14:57,34
2026-04-14,14:58,77
2026-04-14,14:59,72
2026-04-14,15:01,7
2026-04-14,15:08,55
2026-04-14,15:09,102
2026-04-14,15:10,97
2026-04-14,15:11,57
2026-04-14,15:12,17
2026-04-14,15:13,77
2026-04-14,15:14,4
2026-04-14,15:17,12
2026-04-14,15:18,7
2026-04-14,15:19,4
2026-04-14,15:22,80
2026-04-14,15:23,97
2026-04-14,15:24,101
2026-04-14,15:25,83
2026-04-14,15:26,25
2026-04-14,15:27,41
2026-04-14,15:28,106
2026-04-14,15:29,58
2026-04-14,15:38,43
2026-04-14,15:39,79
2026-04-14,15:40,97
2026-04-14,15:41,68
2026-04-14,15:42,97
2026-04-14,15:43,55
2026-04-14,15:50,10
2026-04-14,15:55,15
2026-04-14,15:56,107
2026-04-14,15:57,47
2026-04-14,16:18,5
2026-04-14,16:19,6
2026-04-14,16:21,101
2026-04-14,16:22,34
2026-04-14,16:23,37
2026-04-14,16:24,13
2026-04-14,16:25,12
2026-04-14,16:31,5
2026-04-14,16:32,23
2026-04-14,16:33,1
2026-04-14,16:38,30
2026-04-14,16:39,36
2026-04-14,16:40,1
2026-04-14,16:47,16
2026-04-14,16:52,6
2026-04-14,16:54,16
2026-04-14,17:18,3
2026-04-14,17:19,5
2026-04-14,17:42,56
2026-04-14,17:43,104
2026-04-14,17:44,98
2026-04-14,17:45,66
2026-04-14,17:46,46
2026-04-14,17:47,35
2026-04-14,17:48,92
2026-04-14,17:49,45
2026-04-14,17:50,6
2026-04-14,17:51,88
2026-04-14,17:52,46
2026-04-14,17:53,22
2026-04-14,17:54,84
2026-04-14,17:55,86
2026-04-14,17:56,83
2026-04-14,17:57,72
2026-04-14,17:58,96
2026-04-14,17:59,18
2026-04-14,18:01,6
2026-04-14,18:02,36
2026-04-14,18:05,12
2026-04-14,18:06,19
2026-04-14,18:34,34
2026-04-14,18:38,12
2026-04-14,18:39,21
2026-04-14,18:40,7
2026-04-14,18:56,42
2026-04-14,18:57,60
2026-04-14,18:58,71
2026-04-14,18:59,46
2026-04-14,19:00,48
2026-04-14,19:01,119
2026-04-14,19:02,65
2026-04-14,19:12,18
2026-04-14,19:13,99
2026-04-14,19:14,29
2026-04-14,19:25,10
2026-04-14,19:26,8
2026-04-14,19:33,35
2026-04-14,19:34,102
2026-04-14,19:35,6
2026-04-14,19:36,1
2026-04-14,19:38,89
2026-04-14,19:58,113
2026-04-14,19:59,105
2026-04-14,20:00,105
2026-04-14,20:01,95
2026-04-14,20:02,76
2026-04-14,20:03,6
2026-04-14,20:29,4
2026-04-14,20:30,11
2026-04-14,20:36,43
2026-04-14,20:37,29
2026-04-14,20:38,39
2026-04-14,21:03,6
2026-04-14,21:09,7
2026-04-14,21:10,9
2026-04-14,21:11,9
2026-04-14,21:12,40
2026-04-14,21:15,15
2026-04-14,21:17,26
2026-04-14,21:18,1
2026-04-14,21:19,40
2026-04-14,21:25,54
2026-04-14,22:55,5
2026-04-14,22:56,6
2026-04-14,23:59,17
2026-04-15,00:01,6
2026-04-15,03:14,7
2026-04-15,09:15,18
2026-04-15,09:34,35
2026-04-15,10:15,14
2026-04-15,10:36,18
2026-04-15,11:25,14
2026-04-15,11:26,22
2026-04-15,11:27,23
2026-04-15,11:28,10
2026-04-15,11:29,45
2026-04-15,11:30,43
2026-04-15,11:31,24
2026-04-15,11:32,14
2026-04-15,11:33,5
2026-04-15,11:35,60
2026-04-15,11:36,28
2026-04-15,11:37,7
2026-04-15,11:39,29
2026-04-15,11:40,4
2026-04-15,11:41,26
2026-04-15,11:42,67
2026-04-15,11:43,89
2026-04-15,11:44,111
2026-04-15,11:45,72
2026-04-15,11:59,65
2026-04-15,12:00,23
2026-04-15,12:02,6
2026-04-15,12:03,5
2026-04-15,12:17,8
2026-04-15,12:18,82
2026-04-15,12:19,105
2026-04-15,12:20,91
2026-04-15,12:27,42
2026-04-15,12:28,115
2026-04-15,12:29,112
2026-04-15,12:30,105
2026-04-15,12:31,109
2026-04-15,12:32,98
2026-04-15,12:33,20
2026-04-15,12:34,7
2026-04-15,12:55,10
2026-04-15,12:56,9
2026-04-15,12:57,20
2026-04-15,12:58,67
2026-04-15,12:59,101
2026-04-15,13:01,108
2026-04-15,13:02,104
2026-04-15,13:03,71
2026-04-15,13:13,7
2026-04-15,13:31,32
2026-04-15,13:37,12
2026-04-15,13:38,1
2026-04-15,13:47,57
2026-04-15,13:48,97
2026-04-15,13:49,99
2026-04-15,13:50,80
2026-04-15,13:51,100
2026-04-15,13:52,94
2026-04-15,13:53,101
2026-04-15,13:54,106
2026-04-15,13:55,104
2026-04-15,13:56,48
2026-04-15,13:57,100
2026-04-15,13:58,104
2026-04-15,13:59,98
2026-04-15,14:00,67
2026-04-15,14:01,83
2026-04-15,14:02,27
2026-04-15,14:03,74
2026-04-15,16:29,23
2026-04-15,16:30,47
2026-04-15,16:31,81
2026-04-15,16:33,7
2026-04-15,16:44,14
2026-04-15,17:40,5
2026-04-15,17:55,22
2026-04-15,17:56,10
2026-04-15,18:10,8
2026-04-15,18:19,8
2026-04-15,18:49,15
2026-04-15,18:52,62
2026-04-15,18:53,29
2026-04-15,18:54,76
2026-04-15,18:55,101
2026-04-15,18:56,107
2026-04-15,18:57,86
2026-04-15,19:08,53
2026-04-15,19:09,2
2026-04-15,19:20,15
2026-04-15,19:21,89
2026-04-15,19:22,118
2026-04-15,19:23,112
2026-04-15,19:24,119
2026-04-15,19:25,110
2026-04-15,19:26,107
2026-04-15,19:27,69
2026-04-15,19:28,109
2026-04-15,19:29,106
2026-04-15,19:30,109
2026-04-15,19:31,1
2026-04-15,19:33,57
2026-04-15,19:34,57
2026-04-15,19:36,8
2026-04-15,20:30,12
2026-04-15,20:49,7
2026-04-15,20:50,14
2026-04-15,20:52,7
2026-04-15,20:58,12
2026-04-15,21:09,8
2026-04-15,21:10,29
2026-04-15,21:11,6
2026-04-15,21:12,1
2026-04-15,21:19,13
2026-04-15,21:21,34
2026-04-15,21:22,84
2026-04-15,21:23,88
2026-04-15,21:24,110
2026-04-15,21:25,111
2026-04-15,21:26,121
2026-04-15,21:27,119
2026-04-15,21:28,6
2026-04-15,21:41,76
2026-04-15,21:42,82
2026-04-15,21:43,116
2026-04-15,21:44,59
2026-04-15,22:10,7
2026-04-15,22:11,10
2026-04-15,22:12,82
2026-04-15,22:13,95
2026-04-15,22:14,11
2026-04-15,22:19,10
2026-04-15,22:20,6
2026-04-15,22:21,47
2026-04-15,22:22,100
2026-04-15,22:23,32
2026-04-15,22:24,49
2026-04-15,22:26,71
2026-04-16,00:47,6
2026-04-16,08:52,5
2026-04-16,08:54,13
2026-04-16,08:57,13
2026-04-16,08:58,8
2026-04-16,08:59,4
2026-04-16,09:02,8
2026-04-16,09:03,19
2026-04-16,10:33,10
2026-04-16,11:09,11
2026-04-16,11:10,25
2026-04-16,11:11,37
2026-04-16,11:12,26
2026-04-16,11:16,4
2026-04-16,11:17,14
2026-04-16,11:18,8
2026-04-16,11:20,22
2026-04-16,11:21,23
2026-04-16,11:22,33
2026-04-16,11:23,3
2026-04-16,11:24,23
2026-04-16,11:25,45
2026-04-16,11:26,50
2026-04-16,11:28,87
2026-04-16,11:29,103
2026-04-16,11:30,56
2026-04-16,11:32,18
2026-04-16,11:34,6
2026-04-16,11:36,8
2026-04-16,11:39,8
2026-04-16,11:42,21
2026-04-16,11:44,32
2026-04-16,11:45,11
2026-04-16,12:11,24
2026-04-16,12:12,5
2026-04-16,12:39,17
2026-04-16,12:40,9
2026-04-16,12:41,92
2026-04-16,12:42,108
2026-04-16,12:43,77
2026-04-16,12:44,109
2026-04-16,12:45,15
2026-04-16,12:46,13
2026-04-16,12:54,17
2026-04-16,12:55,69
2026-04-16,12:56,8
2026-04-16,12:57,70
2026-04-16,12:58,55
2026-04-16,12:59,103
2026-04-16,13:00,44
2026-04-16,13:01,8
2026-04-16,13:30,16
2026-04-16,13:31,17
2026-04-16,13:40,13
2026-04-16,13:41,62
2026-04-16,13:42,36
2026-04-16,13:43,10
2026-04-16,13:44,64
2026-04-16,13:45,40
2026-04-16,13:46,97
2026-04-16,13:47,96
2026-04-16,13:48,100
2026-04-16,13:49,103
2026-04-16,13:50,102
2026-04-16,13:51,64
2026-04-16,13:52,15
2026-04-16,14:09,33
2026-04-16,14:10,76
2026-04-16,14:11,10
2026-04-16,14:13,3
2026-04-16,18:18,9
2026-04-16,19:12,12
2026-04-16,19:13,77
2026-04-16,19:14,8
2026-04-16,19:15,14
2026-04-16,19:16,38
2026-04-16,19:17,29
2026-04-16,19:18,28
2026-04-16,19:23,43
2026-04-16,19:24,104
2026-04-16,19:25,100
2026-04-16,19:26,104
2026-04-16,19:27,109
2026-04-16,19:28,115
2026-04-16,19:29,115
2026-04-16,19:30,110
2026-04-16,19:31,111
2026-04-16,19:32,110
2026-04-16,19:33,66
2026-04-16,19:34,88
2026-04-16,19:35,1
2026-04-16,19:46,70
2026-04-16,19:47,11
2026-04-16,20:27,9
2026-04-16,20:36,8
2026-04-16,20:37,6
2026-04-16,20:52,32
2026-04-16,20:54,38
2026-04-16,20:55,92
2026-04-16,20:56,111
2026-04-16,20:57,110
2026-04-16,20:58,115
2026-04-16,20:59,91
2026-04-16,21:00,42
2026-04-16,21:01,66
2026-04-16,21:02,55
2026-04-16,21:03,12
2026-04-16,21:04,6
2026-04-16,21:07,11
2026-04-16,21:17,18
2026-04-16,21:18,36
2026-04-16,21:21,47
2026-04-16,21:22,45
2026-04-16,21:23,27
2026-04-16,21:24,61
2026-04-16,21:25,42
2026-04-16,21:26,113
2026-04-16,21:27,112
2026-04-16,21:28,110
2026-04-16,21:29,57
2026-04-16,21:31,11
2026-04-16,21:36,11
2026-04-16,21:39,79
2026-04-16,21:41,78
2026-04-16,21:42,6
2026-04-16,21:50,13
2026-04-16,21:51,22
2026-04-16,22:17,51
2026-04-16,22:18,108
2026-04-16,22:19,69
2026-04-16,22:34,90
2026-04-16,22:35,37
2026-04-16,22:36,46
2026-04-16,22:37,16
2026-04-16,22:38,22
2026-04-17,00:05,17
2026-04-17,00:48,7
2026-04-17,00:49,14
2026-04-17,04:03,8
2026-04-17,09:01,14
2026-04-17,09:05,8
2026-04-17,09:06,4
2026-04-17,09:07,1
2026-04-17,09:12,19
2026-04-17,09:13,24
2026-04-17,09:14,11
2026-04-17,09:15,27
2026-04-17,09:16,1
2026-04-17,09:45,14
2026-04-17,09:46,16
2026-04-17,11:05,16
2026-04-17,11:06,69
2026-04-17,11:10,8
2026-04-17,11:11,1
2026-04-17,11:12,6
2026-04-17,11:14,5
2026-04-17,11:16,15
2026-04-17,11:17,19
2026-04-17,11:18,11
2026-04-17,11:19,8
2026-04-17,11:20,11
2026-04-17,11:21,22
2026-04-17,11:22,61
2026-04-17,11:23,37
2026-04-17,11:24,52
2026-04-17,11:27,23
2026-04-17,11:46,23
2026-04-17,11:47,29
2026-04-17,11:48,23
2026-04-17,11:49,58
2026-04-17,11:50,69
2026-04-17,11:51,42
2026-04-17,12:08,94
2026-04-17,12:09,93
2026-04-17,12:10,29
2026-04-17,12:12,10
2026-04-17,12:40,40
2026-04-17,12:41,87
2026-04-17,12:42,112
2026-04-17,12:43,85
2026-04-17,12:44,96
2026-04-17,12:57,15
2026-04-17,12:58,106
2026-04-17,12:59,77
2026-04-17,13:00,59
2026-04-17,13:01,108
2026-04-17,13:02,103
2026-04-17,13:03,104
2026-04-17,13:04,96
2026-04-17,13:05,15
2026-04-17,13:29,8
2026-04-17,13:30,29
2026-04-17,13:31,1
2026-04-17,13:37,40
2026-04-17,13:38,32
2026-04-17,13:39,98
2026-04-17,13:40,109
2026-04-17,13:41,114
2026-04-17,13:42,108
2026-04-17,13:43,107
2026-04-17,13:44,109
2026-04-17,13:45,102
2026-04-17,13:46,70
2026-04-17,13:47,7
2026-04-17,13:48,73
2026-04-17,13:49,15
2026-04-17,14:02,8
2026-04-17,14:20,53
2026-04-17,14:21,108
2026-04-17,14:22,108
2026-04-17,14:23,63
2026-04-17,14:24,15
2026-04-17,14:27,5
2026-04-17,14:28,49
2026-04-17,14:29,6
2026-04-17,14:52,7
2026-04-17,14:53,11
2026-04-17,14:57,7
2026-04-17,14:58,8
2026-04-17,14:59,82
2026-04-17,15:00,40
2026-04-17,15:06,91
2026-04-17,15:07,108
2026-04-17,15:08,108
2026-04-17,15:09,107
2026-04-17,15:10,97
2026-04-17,15:11,55
2026-04-17,15:12,72
2026-04-17,15:13,37
2026-04-17,15:14,15
2026-04-17,15:15,107
2026-04-17,15:16,68
2026-04-17,15:17,30
2026-04-17,15:18,17
2026-04-17,15:24,12
2026-04-17,15:25,11
2026-04-17,15:26,11
2026-04-17,15:28,108
2026-04-17,15:29,108
2026-04-17,15:30,15
2026-04-17,15:32,5
2026-04-17,15:33,7
2026-04-17,15:35,28
2026-04-17,15:37,7
2026-04-17,15:54,26
2026-04-17,15:55,34
2026-04-17,15:57,25
2026-04-17,18:37,8
2026-04-17,18:38,16
2026-04-17,18:39,24
2026-04-17,18:40,16
2026-04-17,18:41,103
2026-04-17,18:42,106
2026-04-17,18:43,109
2026-04-17,18:44,109
2026-04-17,18:45,110
2026-04-17,18:46,109
2026-04-17,18:47,106
2026-04-17,18:48,109
2026-04-17,18:49,112
2026-04-17,18:50,108
2026-04-17,18:51,106
2026-04-17,18:52,107
2026-04-17,18:53,101
2026-04-17,18:54,54
2026-04-17,18:55,111
2026-04-17,18:56,67
2026-04-17,18:57,42
2026-04-17,19:00,83
2026-04-17,19:01,14
2026-04-17,19:06,56
2026-04-17,19:07,121
2026-04-17,19:08,89
2026-04-17,19:09,85
2026-04-17,19:10,79
2026-04-17,19:15,6
2026-04-17,19:16,20
2026-04-17,19:47,34
2026-04-17,19:48,115
2026-04-17,19:49,105
2026-04-17,19:50,107
2026-04-17,19:51,102
2026-04-17,19:52,1
2026-04-17,19:53,9
2026-04-17,20:13,88
2026-04-17,20:14,9
2026-04-17,20:16,71
2026-04-17,20:17,1
2026-04-17,20:19,14
2026-04-17,20:26,6
2026-04-17,20:56,7
2026-04-17,20:59,9
2026-04-17,21:05,44
2026-04-17,21:07,10
2026-04-17,21:14,15
2026-04-17,21:15,67
2026-04-17,21:20,19
2026-04-17,21:22,9
2026-04-17,21:23,17
2026-04-17,21:24,13
2026-04-17,21:27,44
2026-04-17,21:28,45
2026-04-17,21:29,52
2026-04-17,21:30,74
2026-04-17,21:31,31
2026-04-17,21:32,6
2026-04-17,21:36,10
2026-04-17,21:43,3
2026-04-17,21:47,5
2026-04-17,21:51,61
2026-04-17,21:52,6
2026-04-17,21:53,53
2026-04-17,21:54,8
2026-04-17,21:55,27
2026-04-17,21:56,15
2026-04-17,21:58,9
2026-04-17,21:59,9
2026-04-17,22:11,8
2026-04-17,22:13,12
2026-04-17,22:14,25
2026-04-17,22:16,7
2026-04-17,22:17,15
2026-04-17,22:22,19
2026-04-17,22:23,12
2026-04-17,22:47,15
2026-04-17,22:48,13
2026-04-17,23:39,27
2026-04-17,23:40,5
2026-04-18,00:49,18
2026-04-18,01:05,9
2026-04-18,01:08,3
2026-04-18,05:32,5
2026-04-18,08:39,5
2026-04-18,08:40,5
2026-04-18,08:41,34
2026-04-18,08:42,18
2026-04-18,08:43,17
2026-04-18,08:45,7
2026-04-18,08:46,3
2026-04-18,08:47,15
2026-04-18,08:48,3
2026-04-18,08:50,13
2026-04-18,08:51,41
2026-04-18,09:06,20
2026-04-18,09:07,20
2026-04-18,09:09,7
2026-04-18,09:10,29
2026-04-18,09:11,1
2026-04-18,09:13,36
2026-04-18,09:14,16
2026-04-18,09:15,108
2026-04-18,09:16,112
2026-04-18,09:17,8
2026-04-18,09:18,11
2026-04-18,09:19,36
2026-04-18,09:32,61
2026-04-18,09:33,48
2026-04-18,09:42,9
2026-04-18,09:45,41
2026-04-18,09:48,7
2026-04-18,09:51,6
2026-04-18,10:06,10
2026-04-18,10:10,37
2026-04-18,10:11,47
2026-04-18,10:12,22
2026-04-18,10:14,8
2026-04-18,10:15,13
2026-04-18,10:27,5
2026-04-18,10:52,5
2026-04-18,11:20,10
2026-04-18,11:52,9
2026-04-18,12:58,3
2026-04-18,13:01,6
2026-04-18,13:02,1
2026-04-18,13:05,6
2026-04-18,13:06,1
2026-04-18,13:08,19
2026-04-18,13:10,6
2026-04-18,13:19,13
2026-04-18,13:20,6
2026-04-18,13:22,12
2026-04-18,13:24,53
2026-04-18,13:25,72
2026-04-18,13:26,1
2026-04-18,13:46,45
2026-04-18,13:47,22
2026-04-18,13:48,46
2026-04-18,13:49,44
2026-04-18,13:51,17
2026-04-18,13:53,30
2026-04-18,13:54,14
2026-04-18,13:55,23
2026-04-18,13:56,20
2026-04-18,13:58,30
2026-04-18,13:59,10
2026-04-18,14:00,6
2026-04-18,14:03,16
2026-04-18,14:14,7
2026-04-18,14:48,10
2026-04-18,14:49,16
2026-04-18,14:50,22
2026-04-18,14:51,8
2026-04-18,16:02,9
2026-04-18,16:10,20
2026-04-18,16:53,14
2026-04-18,16:54,11
2026-04-18,16:55,5
2026-04-18,16:57,25
2026-04-18,17:05,6
2026-04-18,18:07,5
2026-04-18,18:26,13
2026-04-18,19:59,13
2026-04-18,20:00,30
2026-04-18,20:01,1
2026-04-18,20:31,11
2026-04-18,20:32,6
2026-04-18,20:41,8
2026-04-18,20:50,8
2026-04-18,20:51,15
2026-04-18,20:52,22
2026-04-18,20:54,10
2026-04-18,20:55,18
2026-04-18,20:57,23
2026-04-18,20:58,46
2026-04-18,20:59,40
2026-04-18,21:04,33
2026-04-18,21:05,7
2026-04-18,21:18,4
2026-04-18,21:32,23
2026-04-18,21:33,1
2026-04-18,21:35,5
2026-04-18,22:21,42
2026-04-18,22:23,11
2026-04-18,22:24,28
2026-04-18,22:25,1
2026-04-18,22:27,37
2026-04-18,22:57,23
2026-04-18,22:59,65
2026-04-18,23:00,1
2026-04-19,00:23,23
2026-04-19,00:29,44
2026-04-19,00:30,6
2026-04-19,00:34,5
2026-04-19,00:51,10
2026-04-19,00:52,7
2026-04-19,00:53,48
2026-04-19,00:54,1
2026-04-19,01:13,12
2026-04-19,05:51,5
2026-04-19,07:41,6
2026-04-19,08:01,27
2026-04-19,08:04,16
2026-04-19,08:05,6
2026-04-19,08:06,34
2026-04-19,08:07,4
2026-04-19,08:13,5
2026-04-19,08:14,27
2026-04-19,08:16,9
2026-04-19,08:27,26
2026-04-19,08:28,25
2026-04-19,08:48,15
2026-04-19,08:49,26
2026-04-19,08:50,29
2026-04-19,08:51,32
2026-04-19,08:52,29
2026-04-19,08:53,20
2026-04-19,08:54,25
2026-04-19,08:55,56
2026-04-19,08:56,116
2026-04-19,08:57,84
2026-04-19,08:58,126
2026-04-19,08:59,1
2026-04-19,09:05,8
2026-04-19,09:10,39
2026-04-19,09:11,87
2026-04-19,09:13,45
2026-04-19,09:14,60
2026-04-19,09:15,66
2026-04-19,09:18,36
2026-04-19,09:19,8
2026-04-19,09:23,8
2026-04-19,09:24,56
2026-04-19,09:25,33
2026-04-19,09:26,24
2026-04-19,09:27,26
2026-04-19,09:29,8
2026-04-19,09:32,50
2026-04-19,09:33,7
2026-04-19,09:34,5
2026-04-19,09:36,32
2026-04-19,09:37,15
2026-04-19,09:38,10
2026-04-19,09:39,54
2026-04-19,09:40,29
2026-04-19,09:41,18
2026-04-19,09:42,41
2026-04-19,09:43,39
2026-04-19,09:47,54
2026-04-19,09:48,72
2026-04-19,09:49,20
2026-04-19,09:50,43
2026-04-19,09:51,42
2026-04-19,09:52,10
2026-04-19,09:53,3
2026-04-19,09:55,16
2026-04-19,09:56,7
2026-04-19,09:57,25
2026-04-19,09:58,32
2026-04-19,10:01,40
2026-04-19,10:02,12
2026-04-19,10:03,5
2026-04-19,10:05,7
2026-04-19,10:06,20
2026-04-19,10:07,100
2026-04-19,10:08,85
2026-04-19,10:09,52
2026-04-19,10:10,40
2026-04-19,10:11,29
2026-04-19,10:13,48
2026-04-19,10:14,54
2026-04-19,10:15,36
2026-04-19,10:16,102
2026-04-19,10:17,101
2026-04-19,10:18,90
2026-04-19,10:19,40
2026-04-19,10:20,110
2026-04-19,10:21,105
2026-04-19,10:22,117
2026-04-19,10:23,4
2026-04-19,10:24,6
2026-04-19,10:25,9
2026-04-19,10:26,8
2026-04-19,10:27,20
2026-04-19,10:30,34
2026-04-19,10:31,86
2026-04-19,10:32,83
2026-04-19,10:33,117
2026-04-19,10:34,81
2026-04-19,10:35,8
2026-04-19,10:37,14
2026-04-19,10:38,9
2026-04-19,10:40,26
2026-04-19,10:41,21
2026-04-19,10:42,7
2026-04-19,10:43,12
2026-04-19,10:44,14
2026-04-19,10:45,10
2026-04-19,11:58,42
2026-04-19,12:08,10
2026-04-19,12:11,27
2026-04-19,12:14,29
2026-04-19,12:15,9
2026-04-19,12:16,28
2026-04-19,12:17,64
2026-04-19,12:18,9
2026-04-19,12:19,10
2026-04-19,12:21,6
2026-04-19,12:22,12
2026-04-19,12:24,7
2026-04-19,12:25,26
2026-04-19,12:35,7
2026-04-19,12:40,5
2026-04-19,12:52,3
2026-04-19,12:55,5
2026-04-19,12:56,1
2026-04-19,13:07,22
2026-04-19,13:08,38
2026-04-19,13:09,59
2026-04-19,13:10,28
2026-04-19,13:11,38
2026-04-19,13:13,29
2026-04-19,13:14,54
2026-04-19,13:15,21
2026-04-19,13:16,31
2026-04-19,13:17,32
2026-04-19,13:18,100
2026-04-19,13:19,61
2026-04-19,13:20,55
2026-04-19,13:21,119
2026-04-19,13:22,102
2026-04-19,13:23,37
2026-04-19,13:24,48
2026-04-19,13:25,79
2026-04-19,13:26,17
2026-04-19,13:29,12
2026-04-19,13:32,7
2026-04-19,13:36,30
2026-04-19,13:38,10
2026-04-19,13:39,6
2026-04-19,13:40,32
2026-04-19,13:55,5
2026-04-19,14:05,70
2026-04-19,14:06,42
2026-04-19,14:14,20
2026-04-19,14:15,15
2026-04-19,14:16,18
2026-04-19,14:18,42
2026-04-19,14:19,32
2026-04-19,14:30,11
2026-04-19,14:33,5
2026-04-19,14:34,7
2026-04-19,14:41,7
2026-04-19,14:44,24
2026-04-19,14:46,9
2026-04-19,15:07,56
2026-04-19,15:08,18
2026-04-19,15:09,5
2026-04-19,15:15,29
2026-04-19,15:59,9
2026-04-19,16:00,3
2026-04-19,16:13,7
2026-04-19,16:14,62
2026-04-19,16:16,22
2026-04-19,17:07,39
2026-04-19,17:12,5
2026-04-19,18:38,15
2026-04-19,18:39,75
2026-04-19,18:40,1
2026-04-19,19:03,50
2026-04-19,19:10,14
2026-04-19,19:11,26
2026-04-19,19:12,10
2026-04-19,19:14,14
2026-04-19,19:15,31
2026-04-19,19:16,3
2026-04-19,20:14,41
2026-04-19,20:15,8
2026-04-19,20:16,58
2026-04-19,20:17,35
2026-04-19,20:37,5
2026-04-19,20:41,14
2026-04-19,20:42,11
2026-04-19,20:46,10
2026-04-19,20:47,44
2026-04-19,21:24,18
2026-04-19,21:35,6
2026-04-19,21:36,1
2026-04-19,21:37,24
2026-04-19,22:29,13
2026-04-19,22:30,17
2026-04-19,22:32,51
2026-04-19,22:33,20
2026-04-19,23:00,5
2026-04-19,23:01,15
2026-04-19,23:03,36
2026-04-19,23:18,14
2026-04-19,23:49,3
2026-04-20,00:03,29
2026-04-20,00:05,6
2026-04-20,08:03,11
2026-04-20,08:28,7
2026-04-20,08:33,14
2026-04-20,08:34,1
2026-04-20,08:35,13
2026-04-20,08:38,9
2026-04-20,08:43,17
2026-04-20,08:44,18
2026-04-20,08:50,7
2026-04-20,09:18,13
2026-04-20,09:19,38
2026-04-20,10:18,6
2026-04-20,13:21,7
2026-04-20,13:57,15
2026-04-20,13:58,67
2026-04-20,13:59,82
2026-04-20,14:01,13
2026-04-20,14:02,74
2026-04-20,14:03,30
2026-04-20,14:04,1
2026-04-20,14:05,7
2026-04-20,14:06,5
2026-04-20,14:07,7
2026-04-20,14:10,18
2026-04-20,14:11,8
2026-04-20,14:12,12
2026-04-20,14:13,57
2026-04-20,14:14,71
2026-04-20,14:15,92
2026-04-20,14:16,23
2026-04-20,14:18,87
2026-04-20,14:19,68
2026-04-20,14:20,89
2026-04-20,14:21,101
2026-04-20,14:22,92
2026-04-20,14:23,97
2026-04-20,14:24,94
2026-04-20,14:25,94
2026-04-20,14:26,77
2026-04-20,14:27,54
2026-04-20,14:28,80
2026-04-20,14:29,24
2026-04-20,14:33,8
2026-04-20,14:34,7
2026-04-20,14:37,7
2026-04-20,14:39,54
2026-04-20,14:40,76
2026-04-20,14:41,33
2026-04-20,14:42,33
2026-04-20,14:46,18
2026-04-20,14:48,9
2026-04-20,14:54,36
2026-04-20,15:58,25
2026-04-20,16:00,9
2026-04-20,16:03,18
2026-04-20,16:06,7
2026-04-20,16:07,13
2026-04-20,16:08,20
2026-04-20,16:19,25
2026-04-20,16:20,5
2026-04-20,16:23,11
2026-04-20,16:24,7
2026-04-20,16:30,9
2026-04-20,16:34,20
2026-04-20,16:35,2
2026-04-20,18:24,6
2026-04-20,18:25,15
2026-04-20,18:45,10
2026-04-20,18:46,8
2026-04-20,18:47,23
2026-04-20,18:48,15
2026-04-20,18:49,52
2026-04-20,18:50,76
2026-04-20,19:48,13
2026-04-20,20:18,18
2026-04-20,20:40,12
2026-04-20,21:14,13
2026-04-20,21:25,8
2026-04-20,21:41,25
2026-04-20,21:42,14
2026-04-20,21:43,9
2026-04-20,21:50,11
2026-04-20,21:51,9
2026-04-20,21:54,11
2026-04-20,21:55,21
2026-04-20,22:03,24
2026-04-20,22:04,30
2026-04-20,22:34,22
2026-04-20,22:36,49
2026-04-20,22:37,17
2026-04-20,23:01,21
2026-04-20,23:02,29
2026-04-20,23:03,11
2026-04-20,23:15,4
2026-04-20,23:19,6
2026-04-20,23:31,11
2026-04-20,23:37,19
2026-04-20,23:38,10
2026-04-20,23:44,7
2026-04-20,23:45,19
2026-04-20,23:49,16
2026-04-20,23:50,15
2026-04-21,03:22,3
2026-04-21,08:31,11
2026-04-21,08:34,6
2026-04-21,08:36,6
2026-04-21,08:37,13
2026-04-21,08:38,6
2026-04-21,11:47,10
2026-04-21,11:50,19
2026-04-21,11:51,8
2026-04-21,11:52,42
2026-04-21,11:53,17
2026-04-21,12:42,11
2026-04-21,12:43,1
2026-04-21,12:47,17
2026-04-21,12:49,11
2026-04-21,12:50,15
2026-04-21,12:51,9
2026-04-21,12:53,67
2026-04-21,12:55,31
2026-04-21,12:56,25
2026-04-21,12:57,51
2026-04-21,12:59,32
2026-04-21,13:00,21
2026-04-21,13:01,115
2026-04-21,13:02,94
2026-04-21,13:03,11
2026-04-21,13:13,50
2026-04-21,13:14,114
2026-04-21,13:15,118
2026-04-21,13:17,82
2026-04-21,13:18,6
2026-04-21,13:40,55
2026-04-21,13:41,102
2026-04-21,13:42,115
2026-04-21,13:43,116
2026-04-21,13:44,109
2026-04-21,13:45,21
2026-04-21,13:49,75
2026-04-21,13:50,111
2026-04-21,13:51,105
2026-04-21,13:52,111
2026-04-21,13:53,108
2026-04-21,13:54,35
2026-04-21,13:56,8
2026-04-21,13:57,88
2026-04-21,13:58,5
2026-04-21,13:59,3
2026-04-21,14:24,8
2026-04-21,15:06,6
2026-04-21,16:52,50
2026-04-21,16:53,41
2026-04-21,17:10,7
2026-04-21,17:14,5
2026-04-21,17:17,17
2026-04-21,17:18,70
2026-04-21,17:19,114
2026-04-21,17:20,82
2026-04-21,17:21,29
2026-04-21,17:22,58
2026-04-21,17:23,112
2026-04-21,17:24,105
2026-04-21,17:25,1
2026-04-21,17:58,49
2026-04-21,18:06,52
2026-04-21,18:07,7
2026-04-21,18:08,99
2026-04-21,18:09,71
2026-04-21,18:11,11
2026-04-21,18:12,36
2026-04-21,18:13,23
2026-04-21,18:14,57
2026-04-21,18:20,20
2026-04-21,18:21,18
2026-04-21,18:22,18
2026-04-21,18:26,13
2026-04-21,18:27,4
2026-04-21,18:28,1
2026-04-21,18:29,17
2026-04-21,18:30,104
2026-04-21,18:31,107
2026-04-21,18:32,27
2026-04-21,18:35,29
2026-04-21,18:36,105
2026-04-21,18:37,106
2026-04-21,18:38,106
2026-04-21,18:39,101
2026-04-21,18:40,6
2026-04-21,18:41,38
2026-04-21,18:42,45
2026-04-21,18:43,33
2026-04-21,18:44,26
2026-04-21,18:45,42
2026-04-21,18:46,67
2026-04-21,18:47,87
2026-04-21,18:48,76
2026-04-21,18:51,10
2026-04-21,18:55,36
2026-04-21,18:56,109
2026-04-21,18:57,93
2026-04-21,18:58,88
2026-04-21,18:59,97
2026-04-21,19:00,104
2026-04-21,19:01,90
2026-04-21,19:09,39
2026-04-21,19:10,57
2026-04-21,19:12,8
2026-04-21,19:42,6
2026-04-21,19:43,62
2026-04-21,19:44,118
2026-04-21,19:45,111
2026-04-21,19:46,106
2026-04-21,19:47,94
2026-04-21,19:48,93
2026-04-21,19:49,105
2026-04-21,19:50,62
2026-04-21,19:51,108
2026-04-21,19:52,107
2026-04-21,19:53,109
2026-04-21,19:54,94
2026-04-21,19:55,97
2026-04-21,19:56,89
2026-04-21,19:57,93
2026-04-21,19:58,93
2026-04-21,19:59,100
2026-04-21,20:00,91
2026-04-21,20:16,6
2026-04-21,20:20,28
2026-04-21,20:21,53
2026-04-21,20:23,55
2026-04-21,20:26,8
2026-04-21,20:37,27
2026-04-21,20:38,17
2026-04-21,23:49,24
2026-04-22,00:34,5
2026-04-22,05:17,5
2026-04-22,08:36,13
2026-04-22,08:38,20
2026-04-22,08:40,5
2026-04-22,08:44,29
2026-04-22,08:51,16
2026-04-22,09:06,5
2026-04-22,10:04,8
2026-04-22,10:41,6
2026-04-22,10:44,26
2026-04-22,10:45,25
2026-04-22,10:46,18
2026-04-22,10:47,36
2026-04-22,10:48,19
2026-04-22,11:03,23
2026-04-22,11:04,5
2026-04-22,11:05,42
2026-04-22,11:08,8
2026-04-22,11:09,17
2026-04-22,11:10,8
2026-04-22,11:11,46
2026-04-22,11:12,65
2026-04-22,11:13,42
2026-04-22,11:14,105
2026-04-22,11:15,82
2026-04-22,11:16,8
2026-04-22,11:25,3
2026-04-22,11:29,3
2026-04-22,11:30,5
2026-04-22,11:32,70
2026-04-22,11:33,105
2026-04-22,11:34,103
2026-04-22,11:35,7
2026-04-22,11:43,6
2026-04-22,12:11,8
2026-04-22,12:12,42
2026-04-22,12:13,92
2026-04-22,12:14,105
2026-04-22,12:15,106
2026-04-22,12:16,80
2026-04-22,12:17,6
2026-04-22,12:25,26
2026-04-22,12:26,102
2026-04-22,12:27,106
2026-04-22,12:28,89
2026-04-22,12:29,99
2026-04-22,12:30,91
2026-04-22,12:31,106
2026-04-22,12:32,107
2026-04-22,12:33,77
2026-04-22,12:34,106
2026-04-22,12:35,105
2026-04-22,12:36,107
2026-04-22,12:37,107
2026-04-22,12:38,104
2026-04-22,12:39,95
2026-04-22,12:40,12
2026-04-22,12:41,98
2026-04-22,12:42,101
2026-04-22,12:43,69
2026-04-22,12:44,14
2026-04-22,12:45,51
2026-04-22,12:53,9
2026-04-22,13:07,83
2026-04-22,13:08,82
2026-04-22,13:09,95
2026-04-22,13:10,110
2026-04-22,13:11,97
2026-04-22,13:12,105
2026-04-22,13:13,114
2026-04-22,13:14,108
2026-04-22,13:15,103
2026-04-22,13:16,19
2026-04-22,13:17,106
2026-04-22,13:18,103
2026-04-22,13:19,38
2026-04-22,13:20,68
2026-04-22,13:21,108
2026-04-22,13:22,81
2026-04-22,13:25,29
2026-04-22,13:26,47
2026-04-22,13:28,14
2026-04-22,13:39,10
2026-04-22,13:47,4
2026-04-22,13:48,56
2026-04-22,13:49,74
2026-04-22,13:50,98
2026-04-22,13:51,95
2026-04-22,13:52,106
2026-04-22,13:53,108
2026-04-22,13:54,101
2026-04-22,13:55,102
2026-04-22,13:56,98
2026-04-22,13:57,100
2026-04-22,13:58,97
2026-04-22,13:59,95
2026-04-22,14:01,2
2026-04-22,14:02,21
2026-04-22,14:03,104
2026-04-22,14:04,99
2026-04-22,14:05,105
2026-04-22,14:06,102
2026-04-22,14:07,48
2026-04-22,14:08,79
2026-04-22,14:09,88
2026-04-22,14:10,103
2026-04-22,14:11,103
2026-04-22,14:12,102
2026-04-22,14:13,90
2026-04-22,14:14,104
2026-04-22,14:15,104
2026-04-22,14:16,90
2026-04-22,14:17,54
2026-04-22,14:20,5
2026-04-22,14:22,14
2026-04-22,14:31,12
2026-04-22,14:32,24
2026-04-22,14:52,58
2026-04-22,14:53,14
2026-04-22,14:54,65
2026-04-22,14:55,100
2026-04-22,14:56,105
2026-04-22,14:57,66
2026-04-22,14:58,100
2026-04-22,14:59,70
2026-04-22,15:13,29
2026-04-22,15:14,50
2026-04-22,15:15,25
2026-04-22,15:17,8
2026-04-22,15:22,80
2026-04-22,15:23,90
2026-04-22,15:24,1
2026-04-22,15:57,57
2026-04-22,15:58,88
2026-04-22,15:59,79
2026-04-22,16:00,105
2026-04-22,16:01,102
2026-04-22,16:02,103
2026-04-22,16:03,114
2026-04-22,16:04,73
2026-04-22,16:05,31
2026-04-22,16:06,11
2026-04-22,16:07,68
2026-04-22,16:08,30
2026-04-22,16:09,103
2026-04-22,16:10,92
2026-04-22,16:11,26
2026-04-22,16:12,22
2026-04-22,16:20,30
2026-04-22,16:21,98
2026-04-22,16:22,56
2026-04-22,16:23,103
2026-04-22,16:24,79
2026-04-22,16:25,54
2026-04-22,16:26,81
2026-04-22,16:27,85
2026-04-22,16:28,81
2026-04-22,16:29,44
2026-04-22,16:30,36
2026-04-22,16:31,106
2026-04-22,16:32,105
2026-04-22,16:33,107
2026-04-22,16:34,107
2026-04-22,16:35,9
2026-04-22,16:46,6
2026-04-22,16:47,30
2026-04-22,16:48,109
2026-04-22,16:49,109
2026-04-22,16:50,106
2026-04-22,16:51,107
2026-04-22,16:52,96
2026-04-22,16:53,71
2026-04-22,16:54,55
2026-04-22,16:57,85
2026-04-22,16:58,103
2026-04-22,16:59,49
2026-04-22,17:00,38
2026-04-22,17:07,52
2026-04-22,17:08,11
2026-04-22,17:09,23
2026-04-22,17:16,56
2026-04-22,17:17,10
2026-04-22,17:18,73
2026-04-22,17:19,46
2026-04-22,17:20,36
2026-04-22,17:35,22
2026-04-22,17:38,50
2026-04-22,17:39,15
2026-04-22,17:40,54
2026-04-22,17:41,26
2026-04-22,17:42,21
2026-04-22,17:43,93
2026-04-22,17:44,31
2026-04-22,17:45,12
2026-04-22,17:46,43
2026-04-22,17:47,32
2026-04-22,17:48,9
2026-04-22,17:49,1
2026-04-22,17:59,38
2026-04-22,18:00,104
2026-04-22,18:01,110
2026-04-22,18:02,107
2026-04-22,18:03,60
2026-04-22,18:04,82
2026-04-22,18:05,105
2026-04-22,18:06,111
2026-04-22,18:07,84
2026-04-22,18:08,106
2026-04-22,18:09,107
2026-04-22,18:10,41
2026-04-22,18:11,7
2026-04-22,18:12,98
2026-04-22,18:13,25
2026-04-22,18:14,1
2026-04-22,18:15,28
2026-04-22,18:16,8
2026-04-22,18:47,21
2026-04-22,18:48,44
2026-04-22,18:49,103
2026-04-22,18:50,99
2026-04-22,18:51,63
2026-04-22,19:02,6
2026-04-22,19:05,74
2026-04-22,19:07,26
2026-04-22,19:08,7
2026-04-22,19:09,31
2026-04-22,19:10,16
2026-04-22,19:11,12
2026-04-22,19:12,12
2026-04-22,19:13,52
2026-04-22,23:28,16
2026-04-22,23:29,5
2026-04-22,23:36,8
2026-04-23,00:02,12
2026-04-23,00:03,11
2026-04-23,00:13,6
2026-04-23,05:02,3
2026-04-23,06:25,4
2026-04-23,06:26,9
2026-04-23,06:29,18
2026-04-23,06:31,32
2026-04-23,06:41,13
2026-04-23,06:42,38
2026-04-23,06:44,7
2026-04-23,06:46,17
2026-04-23,06:47,19
2026-04-23,06:48,14
2026-04-23,06:49,4
2026-04-23,06:50,42
2026-04-23,06:52,6
2026-04-23,06:54,19
2026-04-23,06:55,76
2026-04-23,06:57,28
2026-04-23,07:12,80
2026-04-23,07:14,8
2026-04-23,07:15,42
2026-04-23,07:42,74
2026-04-23,07:43,77
2026-04-23,07:44,107
2026-04-23,07:45,113
2026-04-23,07:46,117
2026-04-23,07:47,115
2026-04-23,07:48,108
2026-04-23,07:49,26
2026-04-23,07:50,100
2026-04-23,07:51,1
2026-04-23,07:54,6
2026-04-23,07:56,47
2026-04-23,07:58,42
2026-04-23,07:59,26
2026-04-23,08:00,98
2026-04-23,08:01,1
2026-04-23,09:46,13
2026-04-23,10:24,18
2026-04-23,10:25,64
2026-04-23,10:26,72
2026-04-23,10:27,67
2026-04-23,10:28,46
2026-04-23,10:29,30
2026-04-23,10:30,97
2026-04-23,10:31,112
2026-04-23,10:32,95
2026-04-23,10:33,72
2026-04-23,10:34,114
2026-04-23,10:35,114
2026-04-23,10:36,114
2026-04-23,10:37,109
2026-04-23,10:38,108
2026-04-23,10:39,24
2026-04-23,10:41,8
2026-04-23,10:42,10
2026-04-23,11:16,104
2026-04-23,11:17,99
2026-04-23,11:18,71
2026-04-23,11:41,5
2026-04-23,11:43,7
2026-04-23,11:45,28
2026-04-23,11:46,40
2026-04-23,11:54,16
2026-04-23,12:12,25
2026-04-23,12:13,82
2026-04-23,12:14,101
2026-04-23,12:15,38
2026-04-23,12:36,24
2026-04-23,12:43,81
2026-04-23,12:44,15
2026-04-23,12:45,79
2026-04-23,12:46,69
2026-04-23,12:47,7
2026-04-23,13:18,3
2026-04-23,13:23,11
2026-04-23,13:30,51
2026-04-23,13:31,32
2026-04-23,13:32,103
2026-04-23,13:33,102
2026-04-23,13:34,104
2026-04-23,13:35,101
2026-04-23,13:36,76
2026-04-23,13:39,6
2026-04-23,14:19,47
2026-04-23,14:20,103
2026-04-23,14:21,106
2026-04-23,14:22,108
2026-04-23,14:23,107
2026-04-23,14:24,108
2026-04-23,14:25,101
2026-04-23,14:26,104
2026-04-23,14:27,107
2026-04-23,14:28,107
2026-04-23,14:29,113
2026-04-23,14:30,108
2026-04-23,14:31,83
2026-04-23,14:32,108
2026-04-23,14:33,81
2026-04-23,14:34,13
2026-04-23,14:35,43
2026-04-23,14:38,50
2026-04-23,14:39,60
2026-04-23,14:40,49
2026-04-23,14:41,8
2026-04-23,14:42,45
2026-04-23,14:43,6
2026-04-23,14:44,91
2026-04-23,14:47,51
2026-04-23,14:48,43
2026-04-23,18:06,42
2026-04-23,18:07,41
2026-04-23,18:08,67
2026-04-23,18:09,31
2026-04-23,18:10,68
2026-04-23,18:11,99
2026-04-23,18:12,108
2026-04-23,18:13,110
2026-04-23,18:14,113
2026-04-23,18:15,23
2026-04-23,18:16,3
2026-04-23,18:17,6
2026-04-23,18:24,37
2026-04-23,18:25,14
2026-04-23,18:27,27
2026-04-23,18:28,86
2026-04-23,18:29,65
2026-04-23,18:30,113
2026-04-23,18:31,110
2026-04-23,18:32,47
2026-04-23,18:37,14
2026-04-23,18:38,55
2026-04-23,18:42,7
2026-04-23,18:43,33
2026-04-23,18:44,85
2026-04-23,18:45,94
2026-04-23,18:46,112
2026-04-23,18:47,74
2026-04-23,18:48,102
2026-04-23,18:49,10
2026-04-23,18:50,14
2026-04-23,18:53,8
2026-04-23,18:55,90
2026-04-23,18:56,106
2026-04-23,19:02,34
2026-04-23,19:03,74
2026-04-23,19:04,100
2026-04-23,19:05,98
2026-04-23,19:06,101
2026-04-23,19:07,37
2026-04-23,19:08,19
2026-04-23,19:12,12
2026-04-23,19:13,20
2026-04-23,19:15,30
2026-04-23,19:16,13
2026-04-23,19:23,81
2026-04-23,19:24,118
2026-04-23,19:25,108
2026-04-23,19:26,110
2026-04-23,19:27,100
2026-04-23,19:28,99
2026-04-23,19:29,99
2026-04-23,19:30,22
2026-04-23,19:39,32
2026-04-23,19:40,81
2026-04-23,19:41,44
2026-04-23,19:42,83
2026-04-23,19:43,12
2026-04-23,19:46,29
2026-04-23,19:47,4
2026-04-23,20:12,61
2026-04-23,20:13,117
2026-04-23,20:14,104
2026-04-23,20:15,105
2026-04-23,20:16,77
2026-04-23,20:17,108
2026-04-23,20:18,110
2026-04-23,20:19,107
2026-04-23,20:20,102
2026-04-23,20:21,94
2026-04-23,20:22,108
2026-04-23,20:23,108
2026-04-23,20:24,103
2026-04-23,20:25,108
2026-04-23,20:26,73
2026-04-23,20:27,96
2026-04-23,20:28,19
2026-04-23,20:29,8
2026-04-23,20:30,26
2026-04-23,20:31,60
2026-04-23,20:33,62
2026-04-23,20:34,23
2026-04-23,20:35,24
2026-04-23,20:36,40
2026-04-23,20:37,88
2026-04-23,20:38,19
2026-04-23,20:39,107
2026-04-23,20:40,15
2026-04-23,20:41,59
2026-04-23,20:42,84
2026-04-23,20:49,12
2026-04-23,20:50,88
2026-04-23,20:51,37
2026-04-23,20:52,87
2026-04-23,20:53,10
2026-04-23,20:54,15
2026-04-23,20:55,9
2026-04-23,20:56,11
2026-04-24,03:39,6
2026-04-24,08:13,3
2026-04-24,08:21,15
2026-04-24,08:22,15
2026-04-24,08:23,20
2026-04-24,08:32,9
2026-04-24,11:23,14
2026-04-24,11:24,57
2026-04-24,11:25,17
2026-04-24,11:49,7
2026-04-24,12:27,9
2026-04-24,12:58,35
2026-04-24,12:59,33
2026-04-24,13:01,13
2026-04-24,13:03,8
2026-04-24,13:05,5
2026-04-24,13:08,24
2026-04-24,13:09,13
2026-04-24,13:11,29
2026-04-24,13:12,12
2026-04-24,13:23,14
2026-04-24,13:25,16
2026-04-24,13:26,18
2026-04-24,13:27,9
2026-04-24,13:28,18
2026-04-24,13:29,36
2026-04-24,13:30,33
2026-04-24,13:33,86
2026-04-24,13:34,42
2026-04-24,13:42,9
2026-04-24,13:43,105
2026-04-24,13:44,45
2026-04-24,13:45,52
2026-04-24,13:46,98
2026-04-24,13:47,14
2026-04-24,13:48,6
2026-04-24,13:49,6
2026-04-24,13:50,1
2026-04-24,13:52,21
2026-04-24,13:53,59
2026-04-24,15:10,28
2026-04-24,15:11,24
2026-04-24,15:12,33
2026-04-24,15:13,19
2026-04-24,15:14,95
2026-04-24,15:15,62
2026-04-24,15:25,63
2026-04-24,15:26,106
2026-04-24,15:27,6
2026-04-24,15:28,110
2026-04-24,15:29,34
2026-04-24,15:33,11
2026-04-24,15:34,15
2026-04-24,15:37,81
2026-04-24,15:38,39
2026-04-24,15:40,22
2026-04-24,15:41,35
2026-04-24,15:43,36
2026-04-24,15:44,28
2026-04-24,15:47,47
2026-04-24,16:01,5
2026-04-24,16:06,67
2026-04-24,16:58,5
2026-04-24,17:01,8
2026-04-24,17:02,24
2026-04-24,17:03,10
2026-04-24,18:45,16
2026-04-24,18:46,10
2026-04-24,18:47,20
2026-04-24,18:49,79
2026-04-24,18:50,67
2026-04-24,18:51,52
2026-04-24,19:01,8
2026-04-24,19:09,87
2026-04-24,19:10,44
2026-04-24,19:38,34
2026-04-24,19:39,1
2026-04-24,19:54,13
2026-04-24,20:09,44
2026-04-24,20:10,34
2026-04-24,20:12,48
2026-04-24,20:13,24
2026-04-24,20:14,55
2026-04-24,20:15,12
2026-04-24,20:17,9
2026-04-24,20:18,35
2026-04-24,20:19,51
2026-04-24,20:20,53
2026-04-24,20:23,13
2026-04-24,20:24,1
2026-04-24,20:26,3
2026-04-24,20:27,5
2026-04-24,20:28,8
2026-04-24,20:29,15
2026-04-24,20:30,23
2026-04-24,20:31,30
2026-04-24,20:32,38
2026-04-24,20:33,33
2026-04-24,20:34,42
2026-04-24,20:35,31
2026-04-24,20:36,60
2026-04-24,20:37,61
2026-04-24,20:38,6
2026-04-24,20:41,12
2026-04-24,20:42,20
2026-04-24,20:44,11
2026-04-24,20:54,8
2026-04-24,21:00,13
2026-04-24,21:07,49
2026-04-24,21:08,1
2026-04-24,21:10,11
2026-04-24,21:14,6
2026-04-24,21:18,15
2026-04-24,21:19,51
2026-04-24,21:20,14
2026-04-24,21:32,6
2026-04-24,21:38,13
2026-04-24,21:56,15
2026-04-24,21:57,62
2026-04-24,22:24,9
2026-04-24,22:35,5
2026-04-24,22:36,18
2026-04-24,22:49,113
2026-04-24,22:50,110
2026-04-24,22:51,75
2026-04-24,22:52,30
2026-04-24,22:53,1
2026-04-24,22:58,65
2026-04-24,22:59,44
2026-04-24,23:01,33
2026-04-24,23:02,114
2026-04-24,23:03,114
2026-04-24,23:04,42
2026-04-24,23:05,28
2026-04-24,23:06,57
2026-04-24,23:07,100
2026-04-24,23:08,15
2026-04-24,23:09,40
2026-04-24,23:10,58
2026-04-24,23:11,15
2026-04-24,23:14,21
2026-04-24,23:15,5
2026-04-24,23:16,1
2026-04-24,23:23,11
2026-04-24,23:24,45
2026-04-24,23:46,3
2026-04-25,01:11,11
2026-04-25,01:13,8
2026-04-25,08:53,9
2026-04-25,08:54,10
2026-04-25,09:01,16
2026-04-25,09:07,37
2026-04-25,09:08,12
2026-04-25,09:14,24
2026-04-25,09:16,18
2026-04-25,10:19,6
2026-04-25,10:20,19
2026-04-25,10:21,7
2026-04-25,10:23,21
2026-04-25,10:30,15
2026-04-25,10:31,9
2026-04-25,10:37,4
2026-04-25,10:38,18
2026-04-25,11:04,9
2026-04-25,11:05,7
2026-04-25,11:08,7
2026-04-25,11:11,8
2026-04-25,12:08,20
2026-04-25,12:22,9
2026-04-25,12:23,7
2026-04-25,12:24,19
2026-04-25,12:29,6
2026-04-25,12:30,10
2026-04-25,12:32,13
2026-04-25,13:10,8
2026-04-25,13:11,22
2026-04-25,14:06,26
2026-04-25,14:26,12
2026-04-25,14:27,15
2026-04-25,14:28,24
2026-04-25,14:29,36
2026-04-25,14:30,5
2026-04-25,17:24,6
2026-04-25,17:26,19
2026-04-25,17:28,40
2026-04-25,17:29,1
2026-04-25,18:15,7
2026-04-25,18:17,9
2026-04-25,18:18,19
2026-04-25,18:19,16
2026-04-25,18:31,33
2026-04-25,18:32,33
2026-04-25,18:34,32
2026-04-25,18:35,28
2026-04-25,18:36,5
2026-04-25,19:24,38
2026-04-25,19:25,24
2026-04-25,19:26,22
2026-04-25,19:27,85
2026-04-25,19:28,71
2026-04-25,19:29,42
2026-04-25,19:30,23
2026-04-25,19:31,90
2026-04-25,19:35,127
2026-04-25,19:38,115
2026-04-25,19:40,76
2026-04-25,19:42,114
2026-04-25,19:43,121
2026-04-25,19:45,54
2026-04-25,19:46,45
2026-04-25,19:47,20
2026-04-25,19:48,9
2026-04-25,19:49,5
2026-04-25,19:50,8
2026-04-25,19:52,27
2026-04-25,20:07,5
2026-04-25,20:09,18
2026-04-25,20:10,1
2026-04-25,20:14,9
2026-04-25,20:19,11
2026-04-25,20:20,28
2026-04-25,20:21,9
2026-04-25,20:22,5
2026-04-25,20:23,10
2026-04-25,20:24,35
2026-04-25,20:27,54
2026-04-25,20:28,59
2026-04-25,20:35,9
2026-04-25,20:36,18
2026-04-25,20:37,13
2026-04-25,20:38,15
2026-04-25,20:43,16
2026-04-25,20:47,6
2026-04-25,20:57,18
2026-04-25,20:59,29
2026-04-25,21:11,7
2026-04-25,21:12,6
2026-04-25,21:13,9
2026-04-25,21:15,24
2026-04-25,21:32,35
2026-04-25,21:33,7
2026-04-25,21:34,15
2026-04-25,21:35,24
2026-04-25,21:56,26
2026-04-25,21:57,21
2026-04-25,22:21,50
2026-04-25,22:22,42
2026-04-25,22:23,34
2026-04-26,00:26,13
2026-04-26,00:27,10
2026-04-26,00:51,17
2026-04-26,00:52,5
2026-04-26,01:16,10
2026-04-26,07:52,9
2026-04-26,07:54,10
2026-04-26,07:57,7
2026-04-26,07:58,9
2026-04-26,07:59,18
2026-04-26,08:00,17
2026-04-26,08:01,12
2026-04-26,08:12,23
2026-04-26,08:13,35
2026-04-26,08:14,26
2026-04-26,08:15,49
2026-04-26,08:16,77
2026-04-26,08:17,22
2026-04-26,08:18,27
2026-04-26,08:19,45
2026-04-26,08:20,64
2026-04-26,08:21,10
2026-04-26,08:22,11
2026-04-26,08:23,8
2026-04-26,08:24,5
2026-04-26,08:27,7
2026-04-26,08:28,55
2026-04-26,08:29,7
2026-04-26,08:30,17
2026-04-26,08:31,54
2026-04-26,08:32,59
2026-04-26,08:33,61
2026-04-26,08:46,26
2026-04-26,08:47,6
2026-04-26,08:48,17
2026-04-26,08:49,9
2026-04-26,08:50,82
2026-04-26,08:53,6
2026-04-26,08:57,8
2026-04-26,08:58,30
2026-04-26,09:01,5
2026-04-26,09:06,7
2026-04-26,09:09,7
2026-04-26,09:10,1
2026-04-26,09:13,59
2026-04-26,09:14,18
2026-04-26,09:15,72
2026-04-26,09:16,23
2026-04-26,09:17,4
2026-04-26,09:18,30
2026-04-26,09:19,35
2026-04-26,09:20,25
2026-04-26,09:23,16
2026-04-26,09:27,13
2026-04-26,09:36,7
2026-04-26,09:38,19
2026-04-26,09:44,12
2026-04-26,09:46,16
2026-04-26,09:47,42
2026-04-26,09:50,27
2026-04-26,09:52,6
2026-04-26,09:53,35
2026-04-26,09:54,6
2026-04-26,09:55,10
2026-04-26,09:56,9
2026-04-26,09:57,22
2026-04-26,09:58,99
2026-04-26,09:59,102
2026-04-26,10:00,25
2026-04-26,10:01,100
2026-04-26,10:02,62
2026-04-26,10:03,94
2026-04-26,10:04,95
2026-04-26,10:05,98
2026-04-26,10:06,104
2026-04-26,10:07,40
2026-04-26,10:08,95
2026-04-26,10:09,87
2026-04-26,10:10,27
2026-04-26,10:11,38
2026-04-26,10:12,25
2026-04-26,10:13,20
2026-04-26,10:14,75
2026-04-26,10:16,74
2026-04-26,10:17,114
2026-04-26,10:18,117
2026-04-26,10:19,89
2026-04-26,10:20,21
2026-04-26,10:21,19
2026-04-26,10:22,11
2026-04-26,10:26,6
2026-04-26,10:28,20
2026-04-26,10:29,47
2026-04-26,10:30,32
2026-04-26,10:31,35
2026-04-26,10:32,38
2026-04-26,10:33,26
2026-04-26,10:34,46
2026-04-26,10:35,54
2026-04-26,10:37,8
2026-04-26,10:38,45
2026-04-26,10:39,87
2026-04-26,10:40,29
2026-04-26,10:42,3
2026-04-26,11:05,3
2026-04-26,11:07,7
2026-04-26,11:08,12
2026-04-26,11:21,5
2026-04-26,11:40,26
2026-04-26,11:41,11
2026-04-26,11:51,10
2026-04-26,11:52,7
2026-04-26,11:53,13
2026-04-26,11:57,6
2026-04-26,11:58,52
2026-04-26,12:00,5
2026-04-26,12:01,2
2026-04-26,12:03,7
2026-04-26,12:04,8
2026-04-26,12:07,6
2026-04-26,12:13,16
2026-04-26,12:14,27
2026-04-26,12:19,5
2026-04-26,12:22,5
2026-04-26,12:23,9
2026-04-26,12:27,4
2026-04-26,12:29,20
2026-04-26,12:44,33
2026-04-26,12:45,103
2026-04-26,12:46,89
2026-04-26,12:47,53
2026-04-26,12:48,22
2026-04-26,13:06,42
2026-04-26,13:07,88
2026-04-26,13:09,40
2026-04-26,13:10,10
2026-04-26,13:11,1
2026-04-26,13:36,10
2026-04-26,13:37,35
2026-04-26,13:38,16
2026-04-26,13:40,11
2026-04-26,13:41,18
2026-04-26,13:42,38
2026-04-26,13:45,11
2026-04-26,13:46,11
2026-04-26,13:47,21
2026-04-26,13:48,9
2026-04-26,14:02,7
2026-04-26,14:03,7
2026-04-26,14:08,6
2026-04-26,14:25,23
2026-04-26,14:26,7
2026-04-26,14:31,5
2026-04-26,14:47,36
2026-04-26,14:48,36
2026-04-26,14:49,8
2026-04-26,15:04,8
2026-04-26,15:05,13
2026-04-26,15:35,14
2026-04-26,15:36,34
2026-04-26,15:53,5
2026-04-26,15:54,6
2026-04-26,16:22,15
2026-04-26,16:23,3
2026-04-26,16:24,14
2026-04-26,16:25,36
2026-04-26,16:26,8
2026-04-26,16:32,54
2026-04-26,16:33,17
2026-04-26,16:34,34
2026-04-26,16:35,69
2026-04-26,16:39,28
2026-04-26,16:44,24
2026-04-26,16:45,91
2026-04-26,16:46,97
2026-04-26,16:47,83
2026-04-26,16:48,32
2026-04-26,16:51,73
2026-04-26,16:52,28
2026-04-26,16:55,21
2026-04-26,16:56,49
2026-04-26,16:57,65
2026-04-26,16:58,28
2026-04-26,16:59,46
2026-04-26,17:00,69
2026-04-26,17:01,57
2026-04-26,17:02,70
2026-04-26,17:03,75
2026-04-26,17:04,29
2026-04-26,17:05,11
2026-04-26,17:06,35
2026-04-26,17:07,26
2026-04-26,17:08,74
2026-04-26,17:09,94
2026-04-26,17:10,19
2026-04-26,17:11,59
2026-04-26,17:12,69
2026-04-26,17:16,6
2026-04-26,17:17,76
2026-04-26,17:18,31
2026-04-26,17:23,25
2026-04-26,17:24,94
2026-04-26,17:25,53
2026-04-26,17:27,9
2026-04-26,17:28,95
2026-04-26,17:29,71
2026-04-26,17:30,25
2026-04-26,17:32,10
2026-04-26,17:33,32
2026-04-26,17:34,19
2026-04-26,17:35,6
2026-04-26,17:42,3
2026-04-26,17:47,14
2026-04-26,17:48,34
2026-04-26,17:49,28
2026-04-26,17:52,10
2026-04-26,17:53,9
2026-04-26,17:54,11
2026-04-26,17:56,56
2026-04-26,17:59,19
2026-04-26,18:00,2
2026-04-26,18:02,18
2026-04-26,18:04,26
2026-04-26,18:05,22
2026-04-26,18:06,18
2026-04-26,18:08,10
2026-04-26,18:23,23
2026-04-26,18:24,91
2026-04-26,18:25,94
2026-04-26,18:26,103
2026-04-26,18:27,45
2026-04-26,18:36,59
2026-04-26,18:37,59
2026-04-26,18:38,18
2026-04-26,18:39,39
2026-04-26,19:46,55
2026-04-26,19:47,40
2026-04-26,19:48,47
2026-04-26,20:45,17
2026-04-26,20:48,9
2026-04-26,21:18,9
2026-04-26,21:25,13
2026-04-26,21:26,16
2026-04-26,21:27,53
2026-04-26,21:28,13
2026-04-26,22:20,36
2026-04-26,22:21,26
2026-04-26,22:23,25
2026-04-26,22:24,11
2026-04-26,22:25,19
2026-04-26,22:26,23
2026-04-26,22:27,3
2026-04-26,23:03,34
2026-04-26,23:04,33
2026-04-26,23:05,1
2026-04-26,23:10,15
2026-04-26,23:17,6
2026-04-26,23:18,31
2026-04-26,23:59,9
2026-04-27,00:00,6
2026-04-27,00:01,9
2026-04-27,00:17,12
2026-04-27,00:22,22
2026-04-27,06:37,11
2026-04-27,06:39,7
2026-04-27,06:44,21
2026-04-27,06:46,33
2026-04-27,06:47,1
2026-04-27,06:50,7
2026-04-27,06:51,31
2026-04-27,06:52,45
2026-04-27,06:53,15
2026-04-27,06:56,7
2026-04-27,07:45,15
2026-04-27,07:47,5
2026-04-27,07:48,23
2026-04-27,08:49,8
2026-04-27,08:50,20
2026-04-27,08:54,8
2026-04-27,09:32,14
2026-04-27,09:38,11
2026-04-27,09:44,20
2026-04-27,09:52,21
2026-04-27,10:38,5
2026-04-27,10:39,60
2026-04-27,10:40,36
2026-04-27,10:52,23
2026-04-27,10:53,3
2026-04-27,10:54,27
2026-04-27,10:55,33
2026-04-27,10:56,1
2026-04-27,11:00,19
2026-04-27,11:01,1
2026-04-27,11:20,16
2026-04-27,11:21,27
2026-04-27,11:23,62
2026-04-27,11:24,10
2026-04-27,11:25,14
2026-04-27,11:26,19
2026-04-27,11:30,14
2026-04-27,11:31,19
2026-04-27,11:32,88
2026-04-27,11:33,28
2026-04-27,11:34,2
2026-04-27,11:36,7
2026-04-27,11:43,123
2026-04-27,11:44,98
2026-04-27,12:01,101
2026-04-27,12:02,97
2026-04-27,12:03,80
2026-04-27,12:05,5
2026-04-27,12:06,7
2026-04-27,12:12,32
2026-04-27,12:40,62
2026-04-27,12:41,112
2026-04-27,12:42,115
2026-04-27,12:43,96
2026-04-27,12:44,94
2026-04-27,12:45,44
2026-04-27,12:46,49
2026-04-27,12:47,65
2026-04-27,12:48,70
2026-04-27,12:49,110
2026-04-27,12:50,42
2026-04-27,12:54,62
2026-04-27,12:55,102
2026-04-27,12:56,107
2026-04-27,12:57,107
2026-04-27,12:58,103
2026-04-27,12:59,105
2026-04-27,13:00,29
2026-04-27,13:02,54
2026-04-27,13:03,55
2026-04-27,13:07,4
2026-04-27,13:33,36
2026-04-27,13:41,50
2026-04-27,13:42,28
2026-04-27,13:43,101
2026-04-27,13:44,104
2026-04-27,13:45,103
2026-04-27,13:46,53
2026-04-27,13:49,14
2026-04-27,13:58,66
2026-04-27,13:59,103
2026-04-27,14:01,10
2026-04-27,14:11,95
2026-04-27,14:12,105
2026-04-27,14:13,108
2026-04-27,14:14,99
2026-04-27,14:15,94
2026-04-27,14:16,19
2026-04-27,14:20,30
2026-04-27,14:51,78
2026-04-27,14:52,93
2026-04-27,14:53,95
2026-04-27,14:54,58
2026-04-27,14:55,61
2026-04-27,14:56,89
2026-04-27,15:15,4
2026-04-27,15:16,1
2026-04-27,15:18,88
2026-04-27,15:19,97
2026-04-27,15:20,105
2026-04-27,15:21,105
2026-04-27,15:22,31
2026-04-27,15:31,104
2026-04-27,15:32,112
2026-04-27,15:33,37
2026-04-27,15:34,65
2026-04-27,15:35,17
2026-04-27,15:36,40
2026-04-27,15:37,68
2026-04-27,15:38,52
2026-04-27,15:39,58
2026-04-27,15:40,55
2026-04-27,15:41,59
2026-04-27,15:42,41
2026-04-27,16:16,34
2026-04-27,16:20,13
2026-04-27,16:21,36
2026-04-27,19:12,97
2026-04-27,19:13,53
2026-04-27,19:14,90
2026-04-27,19:15,98
2026-04-27,19:16,100
2026-04-27,19:17,100
2026-04-27,19:18,95
2026-04-27,19:19,70
2026-04-27,19:20,12
2026-04-27,19:21,4
2026-04-27,19:22,88
2026-04-27,19:23,108
2026-04-27,19:24,104
2026-04-27,19:25,102
2026-04-27,19:26,96
2026-04-27,19:27,59
2026-04-27,19:28,58
2026-04-27,19:29,12
2026-04-27,20:29,67
2026-04-27,20:30,78
2026-04-27,20:32,34
2026-04-27,20:33,86
2026-04-27,20:34,118
2026-04-27,20:35,89
2026-04-27,20:36,11
2026-04-27,20:41,90
2026-04-27,20:42,108
2026-04-27,20:43,85
2026-04-27,20:44,116
2026-04-27,20:45,3
2026-04-27,21:15,12
2026-04-27,21:16,35
2026-04-27,21:17,106
2026-04-27,21:18,97
2026-04-27,21:19,98
2026-04-27,21:20,94
2026-04-27,21:21,87
2026-04-27,21:22,23
2026-04-27,21:39,6
2026-04-27,21:41,69
2026-04-27,21:42,24
2026-04-27,21:43,56
2026-04-27,21:44,21
2026-04-27,21:45,5
2026-04-27,21:46,9
2026-04-27,21:47,8
2026-04-27,21:48,10
2026-04-27,21:51,17
2026-04-28,00:19,17
2026-04-28,00:20,5
2026-04-28,00:21,22
2026-04-28,00:22,21
2026-04-28,02:54,9
2026-04-28,09:11,19
2026-04-28,09:12,7
2026-04-28,09:14,16
2026-04-28,09:20,5
2026-04-28,09:21,9
2026-04-28,09:44,9
2026-04-28,09:48,48
2026-04-28,09:49,22
2026-04-28,11:40,7
2026-04-28,12:01,15
2026-04-28,12:02,19
2026-04-28,12:03,20
2026-04-28,12:04,51
2026-04-28,12:05,6
2026-04-28,12:06,8
2026-04-28,12:07,45
2026-04-28,12:08,7
2026-04-28,12:15,6
2026-04-28,13:04,30
2026-04-28,13:06,16
2026-04-28,13:08,19
2026-04-28,13:09,1
2026-04-28,15:30,16
2026-04-28,15:31,5
2026-04-28,15:32,22
2026-04-28,15:37,21
2026-04-28,15:42,8
2026-04-28,15:43,21
2026-04-28,16:51,8
2026-04-28,17:51,13
2026-04-28,17:52,18
2026-04-28,17:55,8
2026-04-28,17:56,15
2026-04-28,17:57,10
2026-04-28,17:59,8
2026-04-28,18:00,6
2026-04-28,18:27,5
2026-04-28,18:28,12
2026-04-28,18:42,40
2026-04-28,18:44,11
2026-04-28,18:54,7
2026-04-28,18:55,83
2026-04-28,18:56,108
2026-04-28,18:57,88
2026-04-28,18:58,49
2026-04-28,18:59,30
2026-04-28,19:00,36
2026-04-28,19:01,34
2026-04-28,19:02,13
2026-04-28,19:12,62
2026-04-28,19:13,69
2026-04-28,19:26,25
2026-04-28,19:27,1
2026-04-28,19:33,42
2026-04-28,19:34,64
2026-04-28,19:47,6
2026-04-28,19:49,47
2026-04-28,19:50,78
2026-04-28,19:51,55
2026-04-28,19:52,28
2026-04-28,19:53,61
2026-04-28,19:54,102
2026-04-28,19:55,97
2026-04-28,19:56,98
2026-04-28,19:57,110
2026-04-28,19:58,78
2026-04-28,19:59,86
2026-04-28,20:04,11
2026-04-28,20:05,77
2026-04-28,20:06,1
2026-04-28,20:09,10
2026-04-28,20:15,77
2026-04-28,20:23,42
2026-04-28,20:24,21
2026-04-28,20:25,54
2026-04-28,20:27,9
2026-04-28,20:39,13
2026-04-28,20:40,59
2026-04-28,20:41,18
2026-04-28,20:44,19
2026-04-28,20:45,59
2026-04-28,20:46,42
2026-04-28,20:47,61
2026-04-28,21:28,85
2026-04-28,21:29,87
2026-04-28,21:30,40
2026-04-28,21:54,67
2026-04-28,21:55,38
2026-04-28,21:56,6
2026-04-28,22:08,9
2026-04-28,22:12,10
2026-04-28,22:13,25
2026-04-28,22:14,9
2026-04-28,22:15,9
2026-04-28,22:16,46
2026-04-29,00:10,6
2026-04-29,00:13,34
2026-04-29,00:14,11
2026-04-29,00:15,11
2026-04-29,00:16,7
2026-04-29,00:17,23
2026-04-29,00:18,14
2026-04-29,00:20,12
2026-04-29,03:05,21
2026-04-29,09:21,6
2026-04-29,09:23,8
2026-04-29,09:27,19
2026-04-29,09:28,40
2026-04-29,09:46,17
2026-04-29,09:47,23
2026-04-29,09:56,17
2026-04-29,09:57,24
2026-04-29,10:17,13
2026-04-29,10:27,12
2026-04-29,10:28,11
2026-04-29,10:29,13
2026-04-29,10:44,5
2026-04-29,11:59,17
2026-04-29,14:10,27
2026-04-29,14:12,23
2026-04-29,14:13,19
2026-04-29,14:14,27
2026-04-29,14:36,36
2026-04-29,14:37,51
2026-04-29,14:38,11
2026-04-29,14:39,5
2026-04-29,14:42,19
2026-04-29,14:47,10
2026-04-29,15:06,11
2026-04-29,15:07,4
2026-04-29,15:09,39
2026-04-29,15:10,28
2026-04-29,15:12,41
2026-04-29,15:13,11
2026-04-29,15:14,39
2026-04-29,15:15,86
2026-04-29,15:19,58
2026-04-29,15:20,106
2026-04-29,15:21,101
2026-04-29,15:22,8
2026-04-29,15:40,9
2026-04-29,15:41,1
2026-04-29,15:45,66
2026-04-29,15:46,79
2026-04-29,15:47,66
2026-04-29,15:48,25
2026-04-29,15:49,99
2026-04-29,15:50,100
2026-04-29,15:51,77
2026-04-29,15:52,42
2026-04-29,15:53,52
2026-04-29,16:00,16
2026-04-29,16:02,23
2026-04-29,16:03,47
2026-04-29,16:04,33
2026-04-29,16:05,57
2026-04-29,16:06,71
2026-04-29,16:07,42
2026-04-29,16:14,62
2026-04-29,16:15,14
2026-04-29,16:16,10
2026-04-29,16:17,73
2026-04-29,16:18,47
2026-04-29,16:19,65
2026-04-29,16:25,17
2026-04-29,16:26,59
2026-04-29,16:27,4
2026-04-29,16:33,9
2026-04-29,16:34,1
2026-04-29,16:36,12
2026-04-29,16:37,21
2026-04-29,16:38,64
2026-04-29,16:39,94
2026-04-29,16:40,17
2026-04-29,16:41,21
2026-04-29,16:42,9
2026-04-29,16:43,88
2026-04-29,16:44,108
2026-04-29,16:45,110
2026-04-29,16:46,112
2026-04-29,16:47,113
2026-04-29,16:48,114
2026-04-29,16:49,110
2026-04-29,16:50,110
2026-04-29,16:51,113
2026-04-29,16:52,99
2026-04-29,16:53,62
2026-04-29,16:54,7
2026-04-29,16:55,43
2026-04-29,18:16,41
2026-04-29,18:17,113
2026-04-29,18:18,112
2026-04-29,18:19,113
2026-04-29,18:20,116
2026-04-29,18:21,116
2026-04-29,18:22,111
2026-04-29,18:23,117
2026-04-29,18:24,1
2026-04-29,18:43,65
2026-04-29,18:44,100
2026-04-29,18:45,14
2026-04-29,18:48,7
2026-04-29,18:49,18
2026-04-29,19:14,14
2026-04-29,19:15,10
2026-04-29,19:16,33
2026-04-29,19:17,31
2026-04-29,19:18,17
2026-04-29,19:19,4
2026-04-29,19:20,44
2026-04-29,19:21,18
2026-04-29,19:22,23
2026-04-29,19:24,6
2026-04-29,19:25,25
2026-04-29,19:26,8
2026-04-29,19:36,16
2026-04-29,19:42,5
2026-04-29,19:43,38
2026-04-29,22:41,18
2026-04-29,22:42,1
2026-04-29,22:58,11
2026-04-29,23:00,12
2026-04-29,23:52,13
2026-04-29,23:53,11
2026-04-30,00:27,9
2026-04-30,00:29,11
2026-04-30,00:30,18
2026-04-30,00:31,1
2026-04-30,00:39,8
2026-04-30,06:54,11
2026-04-30,08:07,9
2026-04-30,08:18,19
2026-04-30,08:23,26
2026-04-30,08:27,19
2026-04-30,08:28,20
2026-04-30,08:29,17
2026-04-30,08:30,20
2026-04-30,08:31,1
2026-04-30,08:35,3
2026-04-30,08:54,33
2026-04-30,08:55,13
2026-04-30,09:03,6
2026-04-30,10:04,7
2026-04-30,10:05,14
2026-04-30,10:44,19
2026-04-30,10:45,25
2026-04-30,10:46,17
2026-04-30,10:47,36
2026-04-30,10:48,42
2026-04-30,10:49,9
2026-04-30,10:50,5
2026-04-30,10:55,19
2026-04-30,10:56,19
2026-04-30,10:59,39
2026-04-30,11:00,1
2026-04-30,11:01,9
2026-04-30,11:04,40
2026-04-30,11:05,47
2026-04-30,11:06,22
2026-04-30,11:07,47
2026-04-30,11:08,42
2026-04-30,11:09,55
2026-04-30,11:10,72
2026-04-30,11:11,7
2026-04-30,11:12,13
2026-04-30,11:17,7
2026-04-30,11:20,3
2026-04-30,11:25,82
2026-04-30,11:26,109
2026-04-30,11:27,91
2026-04-30,11:44,39
2026-04-30,12:13,30
2026-04-30,12:14,83
2026-04-30,12:15,116
2026-04-30,12:16,110
2026-04-30,12:17,97
2026-04-30,12:18,67
2026-04-30,12:22,18
2026-04-30,12:26,28
2026-04-30,12:27,112
2026-04-30,12:28,96
2026-04-30,12:29,111
2026-04-30,12:30,111
2026-04-30,12:31,99
2026-04-30,12:32,43
2026-04-30,12:33,7
2026-04-30,12:34,23
2026-04-30,12:35,44
2026-04-30,12:36,72
2026-04-30,12:59,63
2026-04-30,13:01,115
2026-04-30,13:02,110
2026-04-30,13:03,33
2026-04-30,13:15,7
2026-04-30,13:35,15
2026-04-30,13:36,19
2026-04-30,13:37,27
2026-04-30,13:39,5
2026-04-30,13:43,7
2026-04-30,13:46,11
2026-04-30,13:47,64
2026-04-30,13:49,15
2026-04-30,13:50,102
2026-04-30,13:51,110
2026-04-30,13:52,112
2026-04-30,13:53,111
2026-04-30,13:54,109
2026-04-30,13:55,106
2026-04-30,13:56,108
2026-04-30,13:57,25
2026-04-30,14:03,97
2026-04-30,14:04,111
2026-04-30,14:05,41
2026-04-30,14:07,68
2026-04-30,14:08,38
2026-04-30,14:37,26
2026-04-30,15:38,8
2026-04-30,18:05,30
2026-04-30,18:06,13
2026-04-30,18:07,40
2026-04-30,18:08,35
2026-04-30,18:09,67
2026-04-30,18:10,23
2026-04-30,18:23,44
2026-04-30,18:24,64
2026-04-30,18:32,3
2026-04-30,19:43,10
2026-04-30,19:44,57
2026-04-30,19:47,64
2026-04-30,19:48,112
2026-04-30,19:49,67
2026-04-30,19:50,17
2026-04-30,19:53,9
2026-04-30,19:57,26
2026-04-30,19:58,110
2026-04-30,19:59,109
2026-04-30,20:00,106
2026-04-30,20:01,107
2026-04-30,20:02,87
2026-04-30,20:11,80
2026-04-30,20:12,67
2026-04-30,20:13,28
2026-04-30,20:47,26
2026-04-30,20:48,92
2026-04-30,20:49,122
2026-04-30,20:50,56
2026-04-30,20:56,22
2026-04-30,20:57,41
2026-04-30,20:58,54
2026-04-30,20:59,43
2026-04-30,21:01,59
2026-04-30,21:02,1
2026-04-30,21:04,46
2026-04-30,21:05,29
2026-04-30,21:06,1
2026-04-30,21:07,8
2026-04-30,21:09,9
2026-04-30,22:44,4
2026-04-30,22:46,8
2026-04-30,22:47,13
2026-04-30,22:49,26
2026-04-30,23:16,9
2026-04-30,23:39,21
