date,time,stage,hr,respiratory_rate
2026-03-02,00:20,LIGHT,63,
2026-03-02,00:21,LIGHT,63,
2026-03-02,00:22,LIGHT,62,
2026-03-02,00:23,LIGHT,63,
2026-03-02,00:24,LIGHT,67,
2026-03-02,00:25,LIGHT,72,
2026-03-02,00:26,LIGHT,69,
2026-03-02,00:27,LIGHT,64,
2026-03-02,00:28,LIGHT,64,
2026-03-02,00:29,DEEP,63,
2026-03-02,00:30,DEEP,65,
2026-03-02,00:31,DEEP,67,
2026-03-02,00:32,DEEP,62,
2026-03-02,00:33,DEEP,61,
2026-03-02,00:34,DEEP,63,
2026-03-02,00:35,DEEP,68,
2026-03-02,00:36,DEEP,69,
2026-03-02,00:37,DEEP,63,
2026-03-02,00:38,DEEP,67,
2026-03-02,00:39,DEEP,69,
2026-03-02,00:40,DEEP,65,
2026-03-02,00:41,DEEP,74,
2026-03-02,00:42,DEEP,74,
2026-03-02,00:43,DEEP,68,
2026-03-02,00:44,DEEP,66,
2026-03-02,00:45,DEEP,62,
2026-03-02,00:46,DEEP,63,
2026-03-02,00:47,DEEP,68,
2026-03-02,00:48,DEEP,63,
2026-03-02,00:49,DEEP,60,
2026-03-02,00:50,DEEP,62,
2026-03-02,00:51,DEEP,69,
2026-03-02,00:52,DEEP,61,
2026-03-02,00:53,DEEP,60,
2026-03-02,00:54,DEEP,60,
2026-03-02,00:55,DEEP,57,
2026-03-02,00:56,DEEP,57,
2026-03-02,00:57,DEEP,57,
2026-03-02,00:58,DEEP,57,
2026-03-02,00:59,DEEP,56,
2026-03-02,01:00,DEEP,56,
2026-03-02,01:01,DEEP,56,
2026-03-02,01:02,DEEP,56,
2026-03-02,01:03,DEEP,56,
2026-03-02,01:04,DEEP,56,
2026-03-02,01:05,DEEP,57,
2026-03-02,01:06,DEEP,57,
2026-03-02,01:07,DEEP,57,
2026-03-02,01:08,DEEP,58,
2026-03-02,01:09,DEEP,58,
2026-03-02,01:10,DEEP,58,
2026-03-02,01:11,DEEP,60,
2026-03-02,01:12,DEEP,62,
2026-03-02,01:13,DEEP,56,
2026-03-02,01:14,DEEP,56,
2026-03-02,01:15,DEEP,57,
2026-03-02,01:16,DEEP,57,
2026-03-02,01:17,DEEP,57,
2026-03-02,01:18,DEEP,58,
2026-03-02,01:19,LIGHT,59,
2026-03-02,01:20,LIGHT,59,
2026-03-02,01:21,LIGHT,59,
2026-03-02,01:22,LIGHT,59,
2026-03-02,01:23,LIGHT,58,
2026-03-02,01:24,REM,58,
2026-03-02,01:25,REM,59,
2026-03-02,01:26,REM,59,
2026-03-02,01:27,REM,59,
2026-03-02,01:28,REM,59,
2026-03-02,01:29,REM,59,
2026-03-02,01:30,REM,59,
2026-03-02,01:31,REM,69,
2026-03-02,01:32,REM,62,
2026-03-02,01:33,REM,58,
2026-03-02,01:34,REM,58,
2026-03-02,01:35,REM,58,
2026-03-02,01:36,LIGHT,59,
2026-03-02,01:37,LIGHT,59,
2026-03-02,01:38,LIGHT,59,
2026-03-02,01:39,LIGHT,61,
2026-03-02,01:40,LIGHT,61,
2026-03-02,01:41,LIGHT,62,
2026-03-02,01:42,LIGHT,62,
2026-03-02,01:43,LIGHT,72,
2026-03-02,01:44,LIGHT,61,
2026-03-02,01:45,LIGHT,61,
2026-03-02,01:46,LIGHT,65,
2026-03-02,01:47,LIGHT,65,
2026-03-02,01:48,LIGHT,65,
2026-03-02,01:49,LIGHT,67,
2026-03-02,01:50,LIGHT,70,
2026-03-02,01:51,LIGHT,62,
2026-03-02,01:52,LIGHT,64,
2026-03-02,01:53,LIGHT,59,
2026-03-02,01:54,LIGHT,59,
2026-03-02,01:55,LIGHT,61,
2026-03-02,01:56,LIGHT,70,
2026-03-02,01:57,LIGHT,66,
2026-03-02,01:58,LIGHT,59,
2026-03-02,01:59,DEEP,61,
2026-03-02,02:00,DEEP,58,
2026-03-02,02:01,DEEP,58,
2026-03-02,02:02,DEEP,59,
2026-03-02,02:03,DEEP,59,
2026-03-02,02:04,DEEP,59,
2026-03-02,02:05,DEEP,58,
2026-03-02,02:06,DEEP,58,
2026-03-02,02:07,DEEP,65,
2026-03-02,02:08,DEEP,60,
2026-03-02,02:09,DEEP,57,
2026-03-02,02:10,LIGHT,57,
2026-03-02,02:11,LIGHT,57,
2026-03-02,02:12,LIGHT,57,
2026-03-02,02:13,LIGHT,57,
2026-03-02,02:14,LIGHT,58,
2026-03-02,02:15,LIGHT,58,
2026-03-02,02:16,LIGHT,58,
2026-03-02,02:17,LIGHT,58,
2026-03-02,02:18,LIGHT,58,
2026-03-02,02:19,LIGHT,58,
2026-03-02,02:20,LIGHT,59,
2026-03-02,02:21,LIGHT,59,
2026-03-02,02:22,LIGHT,59,
2026-03-02,02:23,LIGHT,59,
2026-03-02,02:24,LIGHT,59,
2026-03-02,02:25,LIGHT,60,
2026-03-02,02:26,LIGHT,60,
2026-03-02,02:27,LIGHT,60,
2026-03-02,02:28,LIGHT,60,
2026-03-02,02:29,LIGHT,59,
2026-03-02,02:30,LIGHT,60,
2026-03-02,02:31,LIGHT,60,
2026-03-02,02:32,LIGHT,60,
2026-03-02,02:33,LIGHT,60,
2026-03-02,02:34,LIGHT,67,
2026-03-02,02:35,LIGHT,68,
2026-03-02,02:36,LIGHT,65,
2026-03-02,02:37,LIGHT,57,
2026-03-02,02:38,LIGHT,54,
2026-03-02,02:39,LIGHT,54,
2026-03-02,02:40,REM,56,
2026-03-02,02:41,REM,57,
2026-03-02,02:42,REM,62,
2026-03-02,02:43,REM,64,
2026-03-02,02:44,REM,65,
2026-03-02,02:45,REM,66,
2026-03-02,02:46,REM,69,
2026-03-02,02:47,REM,62,
2026-03-02,02:48,REM,67,
2026-03-02,02:49,REM,70,
2026-03-02,02:50,REM,72,
2026-03-02,02:51,REM,72,
2026-03-02,02:52,REM,69,
2026-03-02,02:53,REM,66,
2026-03-02,02:54,REM,60,
2026-03-02,02:55,REM,58,
2026-03-02,02:56,REM,58,
2026-03-02,02:57,REM,59,
2026-03-02,02:58,REM,59,
2026-03-02,02:59,REM,61,
2026-03-02,03:00,REM,61,
2026-03-02,03:01,LIGHT,61,
2026-03-02,03:02,LIGHT,61,
2026-03-02,03:03,LIGHT,62,
2026-03-02,03:04,LIGHT,61,
2026-03-02,03:05,LIGHT,66,
2026-03-02,03:06,LIGHT,67,
2026-03-02,03:07,LIGHT,64,
2026-03-02,03:08,LIGHT,61,
2026-03-02,03:09,LIGHT,63,
2026-03-02,03:10,LIGHT,65,
2026-03-02,03:11,LIGHT,65,
2026-03-02,03:12,LIGHT,65,
2026-03-02,03:13,LIGHT,66,
2026-03-02,03:14,LIGHT,66,
2026-03-02,03:15,LIGHT,66,
2026-03-02,03:16,LIGHT,67,
2026-03-02,03:17,LIGHT,67,
2026-03-02,03:18,LIGHT,67,
2026-03-02,03:19,LIGHT,67,
2026-03-02,03:20,LIGHT,66,
2026-03-02,03:21,LIGHT,66,
2026-03-02,03:22,LIGHT,66,
2026-03-02,03:23,LIGHT,66,
2026-03-02,03:24,LIGHT,67,
2026-03-02,03:25,LIGHT,67,
2026-03-02,03:26,LIGHT,64,
2026-03-02,03:27,LIGHT,61,
2026-03-02,03:28,LIGHT,63,
2026-03-02,03:29,LIGHT,65,
2026-03-02,03:30,LIGHT,65,
2026-03-02,03:31,LIGHT,65,
2026-03-02,03:32,LIGHT,65,
2026-03-02,03:33,LIGHT,65,
2026-03-02,03:34,LIGHT,65,
2026-03-02,03:35,LIGHT,65,
2026-03-02,03:36,LIGHT,65,
2026-03-02,03:37,LIGHT,66,
2026-03-02,03:38,LIGHT,65,
2026-03-02,03:39,LIGHT,65,
2026-03-02,03:40,LIGHT,65,
2026-03-02,03:41,LIGHT,65,
2026-03-02,03:42,LIGHT,65,
2026-03-02,03:43,LIGHT,64,
2026-03-02,03:44,LIGHT,65,
2026-03-02,03:45,LIGHT,65,
2026-03-02,03:46,LIGHT,65,
2026-03-02,03:47,LIGHT,65,
2026-03-02,03:48,LIGHT,65,
2026-03-02,03:49,LIGHT,65,
2026-03-02,03:50,LIGHT,72,
2026-03-02,03:51,LIGHT,67,
2026-03-02,03:52,LIGHT,61,
2026-03-02,03:53,LIGHT,59,
2026-03-02,03:54,LIGHT,61,
2026-03-02,03:55,LIGHT,66,
2026-03-02,03:56,LIGHT,70,
2026-03-02,03:57,LIGHT,69,
2026-03-02,03:58,LIGHT,74,
2026-03-02,03:59,LIGHT,69,
2026-03-02,04:00,LIGHT,69,
2026-03-02,04:01,LIGHT,74,
2026-03-02,04:02,LIGHT,66,
2026-03-02,04:03,LIGHT,62,
2026-03-02,04:04,LIGHT,67,
2026-03-02,04:05,LIGHT,68,
2026-03-02,04:06,LIGHT,66,
2026-03-02,04:07,LIGHT,67,
2026-03-02,04:08,LIGHT,73,
2026-03-02,04:09,LIGHT,62,
2026-03-02,04:10,LIGHT,60,
2026-03-02,04:11,LIGHT,57,
2026-03-02,04:12,DEEP,57,
2026-03-02,04:13,DEEP,64,
2026-03-02,04:14,DEEP,66,
2026-03-02,04:15,DEEP,71,
2026-03-02,04:16,DEEP,65,
2026-03-02,04:17,DEEP,65,
2026-03-02,04:18,DEEP,65,
2026-03-02,04:19,DEEP,65,
2026-03-02,04:20,DEEP,62,
2026-03-02,04:21,DEEP,63,
2026-03-02,04:22,DEEP,60,
2026-03-02,04:23,DEEP,67,
2026-03-02,04:24,DEEP,67,
2026-03-02,04:25,DEEP,62,
2026-03-02,04:26,LIGHT,62,
2026-03-02,04:27,LIGHT,61,
2026-03-02,04:28,LIGHT,70,
2026-03-02,04:29,LIGHT,68,
2026-03-02,04:30,LIGHT,61,
2026-03-02,04:31,LIGHT,61,
2026-03-02,04:32,LIGHT,60,
2026-03-02,04:33,REM,62,
2026-03-02,04:34,REM,62,
2026-03-02,04:35,REM,61,
2026-03-02,04:36,REM,68,
2026-03-02,04:37,REM,62,
2026-03-02,04:38,REM,64,
2026-03-02,04:39,REM,69,
2026-03-02,04:40,REM,61,
2026-03-02,04:41,REM,59,
2026-03-02,04:42,REM,59,
2026-03-02,04:43,REM,59,
2026-03-02,04:44,REM,60,
2026-03-02,04:45,REM,62,
2026-03-02,04:46,REM,62,
2026-03-02,04:47,REM,64,
2026-03-02,04:48,REM,64,
2026-03-02,04:49,REM,64,
2026-03-02,04:50,REM,71,
2026-03-02,04:51,REM,59,
2026-03-02,04:52,REM,56,
2026-03-02,04:53,REM,56,
2026-03-02,04:54,REM,56,
2026-03-02,04:55,REM,57,
2026-03-02,04:56,REM,57,
2026-03-02,04:57,REM,58,
2026-03-02,04:58,REM,58,
2026-03-02,04:59,REM,58,
2026-03-02,05:00,REM,58,
2026-03-02,05:01,REM,59,
2026-03-02,05:02,REM,59,
2026-03-02,05:03,REM,58,
2026-03-02,05:04,REM,59,
2026-03-02,05:05,REM,59,
2026-03-02,05:06,REM,59,
2026-03-02,05:07,REM,59,
2026-03-02,05:08,REM,59,
2026-03-02,05:09,REM,58,
2026-03-02,05:10,REM,58,
2026-03-02,05:11,REM,58,
2026-03-02,05:12,REM,58,
2026-03-02,05:13,REM,58,
2026-03-02,05:14,REM,59,
2026-03-02,05:15,REM,59,
2026-03-02,05:16,REM,58,
2026-03-02,05:17,LIGHT,58,
2026-03-02,05:18,LIGHT,58,
2026-03-02,05:19,LIGHT,58,
2026-03-02,05:20,LIGHT,58,
2026-03-02,05:21,LIGHT,59,
2026-03-02,05:22,LIGHT,59,
2026-03-02,05:23,LIGHT,59,
2026-03-02,05:24,LIGHT,59,
2026-03-02,05:25,LIGHT,59,
2026-03-02,05:26,LIGHT,59,
2026-03-02,05:27,LIGHT,59,
2026-03-02,05:28,LIGHT,59,
2026-03-02,05:29,LIGHT,59,
2026-03-02,05:30,LIGHT,59,
2026-03-02,05:31,LIGHT,59,
2026-03-02,05:32,LIGHT,59,
2026-03-02,05:33,LIGHT,59,
2026-03-02,05:34,LIGHT,59,
2026-03-02,05:35,LIGHT,59,
2026-03-02,05:36,LIGHT,59,
2026-03-02,05:37,LIGHT,59,
2026-03-02,05:38,LIGHT,59,
2026-03-02,05:39,LIGHT,59,
2026-03-02,05:40,LIGHT,59,
2026-03-02,05:41,LIGHT,59,
2026-03-02,05:42,LIGHT,59,
2026-03-02,05:43,LIGHT,59,
2026-03-02,05:44,LIGHT,59,
2026-03-02,05:45,LIGHT,59,
2026-03-02,05:46,LIGHT,68,
2026-03-02,05:47,LIGHT,69,
2026-03-02,05:48,LIGHT,63,
2026-03-02,05:49,LIGHT,57,
2026-03-02,05:50,LIGHT,59,
2026-03-02,05:51,LIGHT,61,
2026-03-02,05:52,LIGHT,65,
2026-03-02,05:53,LIGHT,62,
2026-03-02,05:54,LIGHT,62,
2026-03-02,05:55,LIGHT,61,
2026-03-02,05:56,LIGHT,63,
2026-03-02,05:57,LIGHT,67,
2026-03-02,05:58,LIGHT,63,
2026-03-02,05:59,LIGHT,60,
2026-03-02,06:00,LIGHT,67,
2026-03-02,06:01,LIGHT,69,
2026-03-02,06:02,LIGHT,67,
2026-03-02,06:03,LIGHT,67,
2026-03-02,06:04,DEEP,67,
2026-03-02,06:05,DEEP,77,
2026-03-02,06:06,DEEP,66,
2026-03-02,06:07,DEEP,68,
2026-03-02,06:08,DEEP,61,
2026-03-02,06:09,DEEP,66,
2026-03-02,06:10,DEEP,60,
2026-03-02,06:11,DEEP,65,
2026-03-02,06:12,DEEP,64,
2026-03-02,06:13,DEEP,63,
2026-03-02,06:14,DEEP,61,
2026-03-02,06:15,DEEP,60,
2026-03-02,06:16,DEEP,66,
2026-03-02,06:17,DEEP,73,
2026-03-02,06:18,DEEP,85,
2026-03-02,06:19,DEEP,79,
2026-03-02,06:20,DEEP,76,
2026-03-02,06:21,DEEP,72,
2026-03-02,06:22,DEEP,74,
2026-03-02,06:23,DEEP,66,
2026-03-02,06:24,DEEP,70,
2026-03-02,06:25,LIGHT,61,
2026-03-02,06:26,LIGHT,61,
2026-03-02,06:27,LIGHT,66,
2026-03-02,06:28,LIGHT,59,
2026-03-02,06:29,LIGHT,59,
2026-03-02,06:30,REM,62,
2026-03-02,06:31,REM,59,
2026-03-02,06:32,REM,59,
2026-03-02,06:33,REM,59,
2026-03-02,06:34,REM,65,
2026-03-02,06:35,REM,58,
2026-03-02,06:36,REM,56,
2026-03-02,06:37,REM,57,
2026-03-02,06:38,REM,60,
2026-03-02,06:39,REM,60,
2026-03-02,06:40,REM,65,
2026-03-02,06:41,REM,59,
2026-03-02,06:42,REM,62,
2026-03-02,06:43,REM,61,
2026-03-02,06:44,REM,58,
2026-03-02,06:45,REM,57,
2026-03-02,06:46,REM,57,
2026-03-02,06:47,REM,57,
2026-03-02,06:48,REM,57,
2026-03-02,06:49,REM,58,
2026-03-02,06:50,REM,58,
2026-03-02,06:51,REM,58,
2026-03-02,06:52,REM,59,
2026-03-02,06:53,REM,59,
2026-03-02,06:54,REM,60,
2026-03-02,06:55,REM,60,
2026-03-02,06:56,REM,59,
2026-03-02,06:57,REM,59,
2026-03-02,06:58,REM,59,
2026-03-02,06:59,REM,59,
2026-03-02,07:00,REM,66,
2026-03-02,07:01,REM,60,
2026-03-02,07:02,REM,57,
2026-03-02,07:03,REM,57,
2026-03-02,07:04,REM,66,
2026-03-02,07:05,REM,59,
2026-03-02,07:06,REM,62,
2026-03-02,07:07,REM,59,
2026-03-02,07:08,REM,56,
2026-03-02,07:09,REM,56,
2026-03-02,07:10,REM,56,
2026-03-02,07:11,REM,56,
2026-03-02,07:12,REM,56,
2026-03-02,07:13,REM,56,
2026-03-02,07:14,REM,56,
2026-03-02,07:15,REM,56,
2026-03-02,07:16,REM,56,
2026-03-02,07:17,REM,57,
2026-03-02,07:18,REM,64,
2026-03-02,07:19,LIGHT,58,
2026-03-02,07:20,LIGHT,57,
2026-03-02,07:21,LIGHT,66,
2026-03-02,07:22,LIGHT,60,
2026-03-02,07:23,LIGHT,59,
2026-03-02,07:24,LIGHT,59,
2026-03-02,07:25,LIGHT,62,
2026-03-02,07:26,LIGHT,68,
2026-03-02,07:27,LIGHT,66,
2026-03-02,07:28,LIGHT,68,
2026-03-02,07:29,LIGHT,73,
2026-03-02,07:30,LIGHT,68,
2026-03-02,07:31,LIGHT,70,
2026-03-02,07:32,LIGHT,63,
2026-03-02,07:33,LIGHT,63,
2026-03-02,07:34,LIGHT,59,
2026-03-02,07:35,LIGHT,60,
2026-03-02,07:36,LIGHT,62,
2026-03-02,07:37,LIGHT,66,
2026-03-02,07:38,LIGHT,61,
2026-03-02,07:39,LIGHT,60,
2026-03-02,07:40,LIGHT,57,
2026-03-02,07:41,LIGHT,57,
2026-03-02,07:42,LIGHT,54,
2026-03-02,07:43,LIGHT,61,
2026-03-02,07:44,LIGHT,65,
2026-03-03,00:55,LIGHT,62,
2026-03-03,00:56,LIGHT,62,
2026-03-03,00:57,LIGHT,63,
2026-03-03,00:58,LIGHT,63,
2026-03-03,00:59,LIGHT,61,
2026-03-03,01:00,LIGHT,70,
2026-03-03,01:01,LIGHT,61,
2026-03-03,01:02,LIGHT,58,
2026-03-03,01:03,LIGHT,57,
2026-03-03,01:04,LIGHT,57,
2026-03-03,01:05,LIGHT,56,
2026-03-03,01:06,LIGHT,56,
2026-03-03,01:07,LIGHT,56,
2026-03-03,01:08,DEEP,56,
2026-03-03,01:09,DEEP,56,
2026-03-03,01:10,DEEP,58,
2026-03-03,01:11,DEEP,56,
2026-03-03,01:12,LIGHT,58,
2026-03-03,01:13,LIGHT,68,
2026-03-03,01:14,LIGHT,60,
2026-03-03,01:15,LIGHT,58,
2026-03-03,01:16,LIGHT,57,
2026-03-03,01:17,LIGHT,60,
2026-03-03,01:18,DEEP,62,
2026-03-03,01:19,DEEP,59,
2026-03-03,01:20,DEEP,56,
2026-03-03,01:21,DEEP,56,
2026-03-03,01:22,DEEP,57,
2026-03-03,01:23,DEEP,58,
2026-03-03,01:24,DEEP,61,
2026-03-03,01:25,DEEP,59,
2026-03-03,01:26,DEEP,61,
2026-03-03,01:27,DEEP,63,
2026-03-03,01:28,DEEP,63,
2026-03-03,01:29,DEEP,58,
2026-03-03,01:30,DEEP,60,
2026-03-03,01:31,DEEP,65,
2026-03-03,01:32,DEEP,64,
2026-03-03,01:33,DEEP,64,
2026-03-03,01:34,DEEP,60,
2026-03-03,01:35,DEEP,60,
2026-03-03,01:36,DEEP,61,
2026-03-03,01:37,DEEP,67,
2026-03-03,01:38,DEEP,59,
2026-03-03,01:39,DEEP,59,
2026-03-03,01:40,DEEP,59,
2026-03-03,01:41,DEEP,61,
2026-03-03,01:42,DEEP,61,
2026-03-03,01:43,DEEP,61,
2026-03-03,01:44,LIGHT,61,
2026-03-03,01:45,LIGHT,65,
2026-03-03,01:46,LIGHT,65,
2026-03-03,01:47,LIGHT,59,
2026-03-03,01:48,REM,58,
2026-03-03,01:49,REM,58,
2026-03-03,01:50,REM,60,
2026-03-03,01:51,REM,58,
2026-03-03,01:52,LIGHT,58,
2026-03-03,01:53,LIGHT,58,
2026-03-03,01:54,LIGHT,58,
2026-03-03,01:55,LIGHT,58,
2026-03-03,01:56,LIGHT,58,
2026-03-03,01:57,WAKE,58,
2026-03-03,01:58,LIGHT,58,
2026-03-03,01:59,LIGHT,58,
2026-03-03,02:00,LIGHT,58,
2026-03-03,02:01,LIGHT,57,
2026-03-03,02:02,LIGHT,57,
2026-03-03,02:03,LIGHT,57,
2026-03-03,02:04,LIGHT,57,
2026-03-03,02:05,LIGHT,57,
2026-03-03,02:06,LIGHT,57,
2026-03-03,02:07,LIGHT,61,
2026-03-03,02:08,LIGHT,58,
2026-03-03,02:09,LIGHT,57,
2026-03-03,02:10,LIGHT,57,
2026-03-03,02:11,LIGHT,57,
2026-03-03,02:12,LIGHT,57,
2026-03-03,02:13,LIGHT,57,
2026-03-03,02:14,LIGHT,57,
2026-03-03,02:15,LIGHT,57,
2026-03-03,02:16,LIGHT,66,
2026-03-03,02:17,LIGHT,64,
2026-03-03,02:18,LIGHT,56,
2026-03-03,02:19,LIGHT,56,
2026-03-03,02:20,DEEP,56,
2026-03-03,02:21,DEEP,56,
2026-03-03,02:22,DEEP,56,
2026-03-03,02:23,DEEP,57,
2026-03-03,02:24,DEEP,57,
2026-03-03,02:25,DEEP,57,
2026-03-03,02:26,DEEP,57,
2026-03-03,02:27,DEEP,57,
2026-03-03,02:28,DEEP,57,
2026-03-03,02:29,DEEP,58,
2026-03-03,02:30,DEEP,58,
2026-03-03,02:31,DEEP,58,
2026-03-03,02:32,DEEP,57,
2026-03-03,02:33,DEEP,57,
2026-03-03,02:34,DEEP,57,
2026-03-03,02:35,DEEP,57,
2026-03-03,02:36,LIGHT,57,
2026-03-03,02:37,LIGHT,57,
2026-03-03,02:38,LIGHT,57,
2026-03-03,02:39,LIGHT,57,
2026-03-03,02:40,LIGHT,57,
2026-03-03,02:41,LIGHT,57,
2026-03-03,02:42,LIGHT,57,
2026-03-03,02:43,REM,57,
2026-03-03,02:44,REM,57,
2026-03-03,02:45,REM,59,
2026-03-03,02:46,REM,70,
2026-03-03,02:47,REM,67,
2026-03-03,02:48,LIGHT,70,
2026-03-03,02:49,LIGHT,70,
2026-03-03,02:50,LIGHT,70,
2026-03-03,02:51,WAKE,61,
2026-03-03,02:52,WAKE,57,
2026-03-03,02:53,LIGHT,57,
2026-03-03,02:54,LIGHT,59,
2026-03-03,02:55,LIGHT,61,
2026-03-03,02:56,LIGHT,64,
2026-03-03,02:57,LIGHT,64,
2026-03-03,02:58,LIGHT,69,
2026-03-03,02:59,LIGHT,68,
2026-03-03,03:00,LIGHT,64,
2026-03-03,03:01,LIGHT,63,
2026-03-03,03:02,LIGHT,63,
2026-03-03,03:03,LIGHT,68,
2026-03-03,03:04,LIGHT,69,
2026-03-03,03:05,LIGHT,69,
2026-03-03,03:06,LIGHT,62,
2026-03-03,03:07,LIGHT,61,
2026-03-03,03:08,LIGHT,63,
2026-03-03,03:09,LIGHT,60,
2026-03-03,03:10,LIGHT,60,
2026-03-03,03:11,LIGHT,61,
2026-03-03,03:12,LIGHT,59,
2026-03-03,03:13,LIGHT,61,
2026-03-03,03:14,LIGHT,58,
2026-03-03,03:15,LIGHT,60,
2026-03-03,03:16,LIGHT,60,
2026-03-03,03:17,LIGHT,68,
2026-03-03,03:18,LIGHT,60,
2026-03-03,03:19,LIGHT,57,
2026-03-03,03:20,DEEP,58,
2026-03-03,03:21,DEEP,58,
2026-03-03,03:22,DEEP,58,
2026-03-03,03:23,DEEP,58,
2026-03-03,03:24,DEEP,58,
2026-03-03,03:25,DEEP,58,
2026-03-03,03:26,DEEP,59,
2026-03-03,03:27,LIGHT,59,
2026-03-03,03:28,LIGHT,59,
2026-03-03,03:29,LIGHT,59,
2026-03-03,03:30,LIGHT,59,
2026-03-03,03:31,LIGHT,59,
2026-03-03,03:32,LIGHT,60,
2026-03-03,03:33,LIGHT,60,
2026-03-03,03:34,LIGHT,60,
2026-03-03,03:35,DEEP,72,
2026-03-03,03:36,DEEP,68,
2026-03-03,03:37,DEEP,59,
2026-03-03,03:38,DEEP,56,
2026-03-03,03:39,DEEP,56,
2026-03-03,03:40,DEEP,57,
2026-03-03,03:41,DEEP,57,
2026-03-03,03:42,DEEP,57,
2026-03-03,03:43,DEEP,58,
2026-03-03,03:44,DEEP,58,
2026-03-03,03:45,DEEP,58,
2026-03-03,03:46,DEEP,58,
2026-03-03,03:47,DEEP,58,
2026-03-03,03:48,DEEP,58,
2026-03-03,03:49,DEEP,58,
2026-03-03,03:50,LIGHT,57,
2026-03-03,03:51,LIGHT,57,
2026-03-03,03:52,LIGHT,57,
2026-03-03,03:53,LIGHT,57,
2026-03-03,03:54,LIGHT,64,
2026-03-03,03:55,LIGHT,57,
2026-03-03,03:56,REM,62,
2026-03-03,03:57,REM,56,
2026-03-03,03:58,REM,56,
2026-03-03,03:59,REM,57,
2026-03-03,04:00,REM,57,
2026-03-03,04:01,REM,57,
2026-03-03,04:02,REM,58,
2026-03-03,04:03,REM,58,
2026-03-03,04:04,REM,58,
2026-03-03,04:05,REM,58,
2026-03-03,04:06,REM,58,
2026-03-03,04:07,REM,58,
2026-03-03,04:08,REM,58,
2026-03-03,04:09,REM,60,
2026-03-03,04:10,REM,72,
2026-03-03,04:11,REM,60,
2026-03-03,04:12,REM,55,
2026-03-03,04:13,REM,54,
2026-03-03,04:14,REM,54,
2026-03-03,04:15,REM,54,
2026-03-03,04:16,REM,54,
2026-03-03,04:17,REM,54,
2026-03-03,04:18,REM,55,
2026-03-03,04:19,REM,55,
2026-03-03,04:20,REM,55,
2026-03-03,04:21,REM,55,
2026-03-03,04:22,REM,55,
2026-03-03,04:23,REM,56,
2026-03-03,04:24,REM,56,
2026-03-03,04:25,REM,56,
2026-03-03,04:26,REM,62,
2026-03-03,04:27,LIGHT,59,
2026-03-03,04:28,LIGHT,59,
2026-03-03,04:29,LIGHT,66,
2026-03-03,04:30,WAKE,59,
2026-03-03,04:31,LIGHT,59,
2026-03-03,04:32,LIGHT,57,
2026-03-03,04:33,LIGHT,57,
2026-03-03,04:34,REM,57,
2026-03-03,04:35,REM,58,
2026-03-03,04:36,REM,58,
2026-03-03,04:37,REM,58,
2026-03-03,04:38,LIGHT,59,
2026-03-03,04:39,LIGHT,58,
2026-03-03,04:40,LIGHT,71,
2026-03-03,04:41,LIGHT,60,
2026-03-03,04:42,LIGHT,57,
2026-03-03,04:43,LIGHT,55,
2026-03-03,04:44,LIGHT,60,
2026-03-03,04:45,LIGHT,55,
2026-03-03,04:46,LIGHT,59,
2026-03-03,04:47,LIGHT,61,
2026-03-03,04:48,LIGHT,60,
2026-03-03,04:49,LIGHT,60,
2026-03-03,04:50,LIGHT,58,
2026-03-03,04:51,LIGHT,65,
2026-03-03,04:52,LIGHT,74,
2026-03-03,04:53,LIGHT,61,
2026-03-03,04:54,LIGHT,59,
2026-03-03,04:55,LIGHT,63,
2026-03-03,04:56,LIGHT,62,
2026-03-03,04:57,LIGHT,62,
2026-03-03,04:58,LIGHT,63,
2026-03-03,04:59,LIGHT,62,
2026-03-03,05:00,LIGHT,59,
2026-03-03,05:01,LIGHT,61,
2026-03-03,05:02,LIGHT,69,
2026-03-03,05:03,LIGHT,61,
2026-03-03,05:04,LIGHT,57,
2026-03-03,05:05,LIGHT,62,
2026-03-03,05:06,LIGHT,68,
2026-03-03,05:07,LIGHT,67,
2026-03-03,05:08,LIGHT,60,
2026-03-03,05:09,LIGHT,70,
2026-03-03,05:10,LIGHT,65,
2026-03-03,05:11,LIGHT,65,
2026-03-03,05:12,LIGHT,68,
2026-03-03,05:13,LIGHT,58,
2026-03-03,05:14,LIGHT,61,
2026-03-03,05:15,LIGHT,65,
2026-03-03,05:16,DEEP,65,
2026-03-03,05:17,DEEP,57,
2026-03-03,05:18,DEEP,56,
2026-03-03,05:19,DEEP,57,
2026-03-03,05:20,DEEP,62,
2026-03-03,05:21,DEEP,56,
2026-03-03,05:22,DEEP,61,
2026-03-03,05:23,DEEP,63,
2026-03-03,05:24,DEEP,61,
2026-03-03,05:25,DEEP,61,
2026-03-03,05:26,DEEP,61,
2026-03-03,05:27,DEEP,55,
2026-03-03,05:28,DEEP,63,
2026-03-03,05:29,DEEP,65,
2026-03-03,05:30,DEEP,65,
2026-03-03,05:31,DEEP,62,
2026-03-03,05:32,DEEP,60,
2026-03-03,05:33,DEEP,61,
2026-03-03,05:34,DEEP,59,
2026-03-03,05:35,DEEP,67,
2026-03-03,05:36,DEEP,61,
2026-03-03,05:37,DEEP,60,
2026-03-03,05:38,DEEP,57,
2026-03-03,05:39,DEEP,58,
2026-03-03,05:40,DEEP,60,
2026-03-03,05:41,DEEP,59,
2026-03-03,05:42,DEEP,64,
2026-03-03,05:43,DEEP,61,
2026-03-03,05:44,DEEP,61,
2026-03-03,05:45,DEEP,63,
2026-03-03,05:46,DEEP,60,
2026-03-03,05:47,LIGHT,60,
2026-03-03,05:48,LIGHT,60,
2026-03-03,05:49,LIGHT,60,
2026-03-03,05:50,LIGHT,59,
2026-03-03,05:51,LIGHT,59,
2026-03-03,05:52,LIGHT,60,
2026-03-03,05:53,LIGHT,59,
2026-03-03,05:54,LIGHT,60,
2026-03-03,05:55,LIGHT,60,
2026-03-03,05:56,REM,60,
2026-03-03,05:57,REM,60,
2026-03-03,05:58,REM,60,
2026-03-03,05:59,REM,60,
2026-03-03,06:00,REM,60,
2026-03-03,06:01,REM,61,
2026-03-03,06:02,REM,61,
2026-03-03,06:03,REM,61,
2026-03-03,06:04,REM,61,
2026-03-03,06:05,REM,61,
2026-03-03,06:06,REM,60,
2026-03-03,06:07,REM,60,
2026-03-03,06:08,REM,61,
2026-03-03,06:09,REM,61,
2026-03-03,06:10,REM,61,
2026-03-03,06:11,REM,62,
2026-03-03,06:12,REM,62,
2026-03-03,06:13,REM,62,
2026-03-03,06:14,REM,61,
2026-03-03,06:15,REM,61,
2026-03-03,06:16,REM,61,
2026-03-03,06:17,REM,61,
2026-03-03,06:18,REM,61,
2026-03-03,06:19,REM,60,
2026-03-03,06:20,REM,60,
2026-03-03,06:21,REM,60,
2026-03-03,06:22,REM,60,
2026-03-03,06:23,REM,60,
2026-03-03,06:24,REM,60,
2026-03-03,06:25,REM,60,
2026-03-03,06:26,REM,60,
2026-03-03,06:27,REM,60,
2026-03-03,06:28,REM,60,
2026-03-03,06:29,REM,60,
2026-03-03,06:30,REM,60,
2026-03-03,06:31,REM,61,
2026-03-03,06:32,REM,60,
2026-03-03,06:33,LIGHT,60,
2026-03-03,06:34,LIGHT,60,
2026-03-03,06:35,LIGHT,60,
2026-03-03,06:36,LIGHT,60,
2026-03-03,06:37,LIGHT,59,
2026-03-03,06:38,LIGHT,59,
2026-03-03,06:39,LIGHT,59,
2026-03-03,06:40,LIGHT,60,
2026-03-03,06:41,LIGHT,59,
2026-03-03,06:42,LIGHT,59,
2026-03-03,06:43,LIGHT,59,
2026-03-03,06:44,LIGHT,59,
2026-03-03,06:45,LIGHT,58,
2026-03-03,06:46,LIGHT,60,
2026-03-03,06:47,LIGHT,62,
2026-03-03,06:48,LIGHT,67,
2026-03-03,06:49,LIGHT,65,
2026-03-03,06:50,LIGHT,64,
2026-03-03,06:51,LIGHT,61,
2026-03-03,06:52,LIGHT,62,
2026-03-03,06:53,LIGHT,67,
2026-03-03,06:54,LIGHT,74,
2026-03-03,06:55,LIGHT,65,
2026-03-03,06:56,LIGHT,62,
2026-03-03,06:57,LIGHT,65,
2026-03-03,06:58,LIGHT,62,
2026-03-03,06:59,LIGHT,62,
2026-03-03,07:00,LIGHT,63,
2026-03-03,07:01,LIGHT,69,
2026-03-03,07:02,LIGHT,61,
2026-03-03,07:03,LIGHT,61,
2026-03-03,07:04,LIGHT,61,
2026-03-03,07:05,LIGHT,59,
2026-03-03,07:06,LIGHT,60,
2026-03-03,07:07,LIGHT,60,
2026-03-03,07:08,LIGHT,61,
2026-03-03,07:09,LIGHT,58,
2026-03-03,07:10,LIGHT,61,
2026-03-03,07:11,LIGHT,68,
2026-03-03,07:12,LIGHT,61,
2026-03-03,07:13,LIGHT,60,
2026-03-03,07:14,LIGHT,60,
2026-03-03,07:15,LIGHT,61,
2026-03-03,07:16,LIGHT,61,
2026-03-03,07:17,LIGHT,66,
2026-03-03,07:18,LIGHT,60,
2026-03-03,07:19,LIGHT,61,
2026-03-03,07:20,LIGHT,62,
2026-03-03,07:21,LIGHT,62,
2026-03-03,07:22,LIGHT,62,
2026-03-03,07:23,LIGHT,66,
2026-03-03,07:24,LIGHT,64,
2026-03-03,07:25,LIGHT,64,
2026-03-03,07:26,LIGHT,64,
2026-03-03,07:27,REM,61,
2026-03-03,07:28,REM,61,
2026-03-03,07:29,REM,67,
2026-03-03,07:30,REM,64,
2026-03-03,07:31,REM,61,
2026-03-03,07:32,REM,58,
2026-03-03,07:33,REM,58,
2026-03-03,07:34,REM,60,
2026-03-03,07:35,REM,60,
2026-03-03,07:36,REM,60,
2026-03-03,07:37,REM,61,
2026-03-03,07:38,REM,68,
2026-03-03,07:39,REM,61,
2026-03-03,07:40,REM,59,
2026-03-03,07:41,REM,59,
2026-03-03,07:42,REM,62,
2026-03-03,07:43,REM,60,
2026-03-03,07:44,REM,64,
2026-03-03,07:45,REM,70,
2026-03-03,07:46,REM,61,
2026-03-03,07:47,REM,60,
2026-03-03,07:48,REM,63,
2026-03-03,07:49,REM,65,
2026-03-03,07:50,REM,70,
2026-03-03,07:51,REM,70,
2026-03-03,07:52,REM,62,
2026-03-03,07:53,REM,60,
2026-03-03,07:54,REM,60,
2026-03-03,07:55,REM,61,
2026-03-03,07:56,REM,61,
2026-03-03,07:57,REM,62,
2026-03-03,07:58,REM,62,
2026-03-03,07:59,REM,65,
2026-03-03,08:00,REM,70,
2026-03-03,08:01,REM,63,
2026-03-03,08:02,REM,63,
2026-03-03,08:03,REM,63,
2026-03-03,08:04,REM,61,
2026-03-03,08:05,REM,62,
2026-03-03,08:06,REM,63,
2026-03-03,08:07,REM,63,
2026-03-03,08:08,REM,65,
2026-03-03,08:09,REM,70,
2026-03-03,08:10,REM,62,
2026-03-03,08:11,LIGHT,62,
2026-03-03,08:12,LIGHT,66,
2026-03-03,08:13,LIGHT,63,
2026-03-03,08:14,LIGHT,62,
2026-03-03,08:15,LIGHT,61,
2026-03-03,08:16,LIGHT,62,
2026-03-03,08:17,LIGHT,62,
2026-03-03,08:18,LIGHT,62,
2026-03-03,08:19,LIGHT,62,
2026-03-03,08:20,LIGHT,64,
2026-03-03,08:21,LIGHT,64,
2026-03-03,08:22,LIGHT,64,
2026-03-03,08:23,LIGHT,64,
2026-03-03,08:24,LIGHT,64,
2026-03-03,08:25,LIGHT,71,
2026-03-03,08:26,LIGHT,64,
2026-03-03,08:27,LIGHT,63,
2026-03-03,08:28,LIGHT,64,
2026-03-03,08:29,LIGHT,65,
2026-03-03,08:30,LIGHT,65,
2026-03-03,08:31,LIGHT,70,
2026-03-03,08:32,LIGHT,67,
2026-03-03,08:33,LIGHT,63,
2026-03-03,08:34,LIGHT,62,
2026-03-03,08:35,LIGHT,62,
2026-03-03,08:36,LIGHT,63,
2026-03-03,08:37,LIGHT,64,
2026-03-03,08:38,LIGHT,63,
2026-03-03,08:39,LIGHT,63,
2026-03-03,08:40,LIGHT,70,
2026-03-03,08:41,LIGHT,75,
2026-03-03,08:42,LIGHT,80,
2026-03-03,08:43,LIGHT,74,
2026-03-03,08:44,LIGHT,68,
2026-03-03,08:45,LIGHT,65,
2026-03-03,08:46,LIGHT,62,
2026-03-03,08:47,LIGHT,62,
2026-03-03,08:48,LIGHT,62,
2026-03-03,08:49,LIGHT,64,
2026-03-03,08:50,LIGHT,62,
2026-03-03,08:51,LIGHT,62,
2026-03-03,08:52,LIGHT,62,
2026-03-03,08:53,LIGHT,62,
2026-03-03,08:54,LIGHT,63,
2026-03-03,08:55,LIGHT,63,
2026-03-03,08:56,LIGHT,63,
2026-03-03,08:57,LIGHT,63,
2026-03-03,08:58,LIGHT,63,
2026-03-03,08:59,LIGHT,70,
2026-03-03,09:00,LIGHT,73,
2026-03-03,09:01,LIGHT,67,
2026-03-03,09:02,LIGHT,63,
2026-03-03,09:03,LIGHT,61,
2026-03-03,09:04,LIGHT,59,
2026-03-03,09:05,LIGHT,60,
2026-03-03,09:06,LIGHT,61,
2026-03-03,09:07,LIGHT,65,
2026-03-03,09:08,LIGHT,62,
2026-03-03,09:09,LIGHT,63,
2026-03-03,09:10,LIGHT,63,
2026-03-04,00:42,LIGHT,87,
2026-03-04,00:43,LIGHT,87,
2026-03-04,00:44,LIGHT,87,
2026-03-04,00:45,LIGHT,87,
2026-03-04,00:46,LIGHT,87,
2026-03-04,00:47,LIGHT,88,
2026-03-04,00:48,LIGHT,88,
2026-03-04,00:49,LIGHT,88,
2026-03-04,00:50,LIGHT,88,
2026-03-04,00:51,LIGHT,88,
2026-03-04,00:52,LIGHT,88,
2026-03-04,00:53,LIGHT,88,
2026-03-04,00:54,LIGHT,93,
2026-03-04,00:55,DEEP,100,
2026-03-04,00:56,DEEP,99,
2026-03-04,00:57,DEEP,101,
2026-03-04,00:58,DEEP,95,
2026-03-04,00:59,DEEP,91,
2026-03-04,01:00,DEEP,91,
2026-03-04,01:01,LIGHT,91,
2026-03-04,01:02,LIGHT,97,
2026-03-04,01:03,LIGHT,92,
2026-03-04,01:04,LIGHT,94,
2026-03-04,01:05,LIGHT,91,
2026-03-04,01:06,DEEP,96,
2026-03-04,01:07,DEEP,89,
2026-03-04,01:08,DEEP,89,
2026-03-04,01:09,DEEP,94,
2026-03-04,01:10,DEEP,91,
2026-03-04,01:11,LIGHT,91,
2026-03-04,01:12,LIGHT,88,
2026-03-04,01:13,LIGHT,88,
2026-03-04,01:14,WAKE,92,
2026-03-04,01:15,LIGHT,89,
2026-03-04,01:16,LIGHT,91,
2026-03-04,01:17,LIGHT,91,
2026-03-04,01:18,LIGHT,90,
2026-03-04,01:19,LIGHT,93,
2026-03-04,01:20,LIGHT,91,
2026-03-04,01:21,LIGHT,90,
2026-03-04,01:22,LIGHT,90,
2026-03-04,01:23,LIGHT,90,
2026-03-04,01:24,LIGHT,88,
2026-03-04,01:25,LIGHT,88,
2026-03-04,01:26,REM,88,
2026-03-04,01:27,REM,91,
2026-03-04,01:28,REM,91,
2026-03-04,01:29,REM,90,
2026-03-04,01:30,REM,91,
2026-03-04,01:31,REM,91,
2026-03-04,01:32,REM,93,
2026-03-04,01:33,REM,95,
2026-03-04,01:34,REM,92,
2026-03-04,01:35,LIGHT,92,
2026-03-04,01:36,LIGHT,90,
2026-03-04,01:37,LIGHT,93,
2026-03-04,01:38,LIGHT,98,
2026-03-04,01:39,LIGHT,95,
2026-03-04,01:40,LIGHT,93,
2026-03-04,01:41,LIGHT,93,
2026-03-04,01:42,LIGHT,91,
2026-03-04,01:43,LIGHT,96,
2026-03-04,01:44,LIGHT,94,
2026-03-04,01:45,LIGHT,94,
2026-03-04,01:46,LIGHT,91,
2026-03-04,01:47,LIGHT,93,
2026-03-04,01:48,LIGHT,92,
2026-03-04,01:49,LIGHT,89,
2026-03-04,01:50,LIGHT,94,
2026-03-04,01:51,LIGHT,90,
2026-03-04,01:52,LIGHT,94,
2026-03-04,01:53,LIGHT,91,
2026-03-04,01:54,LIGHT,96,
2026-03-04,01:55,LIGHT,93,
2026-03-04,01:56,LIGHT,87,
2026-03-04,01:57,LIGHT,87,
2026-03-04,01:58,LIGHT,93,
2026-03-04,01:59,LIGHT,88,
2026-03-04,02:00,DEEP,87,
2026-03-04,02:01,DEEP,84,
2026-03-04,02:02,DEEP,82,
2026-03-04,02:03,DEEP,82,
2026-03-04,02:04,DEEP,84,
2026-03-04,02:05,DEEP,85,
2026-03-04,02:06,DEEP,85,
2026-03-04,02:07,DEEP,86,
2026-03-04,02:08,DEEP,91,
2026-03-04,02:09,LIGHT,94,
2026-03-04,02:10,LIGHT,93,
2026-03-04,02:11,LIGHT,93,
2026-03-04,02:12,LIGHT,92,
2026-03-04,02:13,LIGHT,93,
2026-03-04,02:14,LIGHT,97,
2026-03-04,02:15,LIGHT,94,
2026-03-04,02:16,LIGHT,96,
2026-03-04,02:17,LIGHT,108,
2026-03-04,02:18,LIGHT,113,
2026-03-04,02:19,LIGHT,115,
2026-03-04,02:20,LIGHT,112,
2026-03-04,02:21,LIGHT,109,
2026-03-04,02:22,LIGHT,108,
2026-03-04,02:23,LIGHT,113,
2026-03-04,02:24,LIGHT,117,
2026-03-04,02:25,LIGHT,113,
2026-03-04,02:26,LIGHT,110,
2026-03-04,02:27,LIGHT,110,
2026-03-04,02:28,LIGHT,108,
2026-03-04,02:29,DEEP,104,
2026-03-04,02:30,DEEP,92,
2026-03-04,02:31,DEEP,87,
2026-03-04,02:32,DEEP,88,
2026-03-04,02:33,DEEP,90,
2026-03-04,02:34,DEEP,87,
2026-03-04,02:35,DEEP,84,
2026-03-04,02:36,DEEP,86,
2026-03-04,02:37,DEEP,96,
2026-03-04,02:38,DEEP,93,
2026-03-04,02:39,DEEP,94,
2026-03-04,02:40,DEEP,96,
2026-03-04,02:41,DEEP,96,
2026-03-04,02:42,DEEP,94,
2026-03-04,02:43,DEEP,91,
2026-03-04,02:44,DEEP,91,
2026-03-04,02:45,DEEP,89,
2026-03-04,02:46,LIGHT,89,
2026-03-04,02:47,LIGHT,91,
2026-03-04,02:48,LIGHT,91,
2026-03-04,02:49,WAKE,92,
2026-03-04,02:50,LIGHT,93,
2026-03-04,02:51,LIGHT,89,
2026-03-04,02:52,LIGHT,89,
2026-03-04,02:53,LIGHT,89,
2026-03-04,02:54,LIGHT,90,
2026-03-04,02:55,REM,89,
2026-03-04,02:56,REM,89,
2026-03-04,02:57,REM,88,
2026-03-04,02:58,REM,86,
2026-03-04,02:59,REM,85,
2026-03-04,03:00,REM,85,
2026-03-04,03:01,REM,83,
2026-03-04,03:02,REM,86,
2026-03-04,03:03,REM,86,
2026-03-04,03:04,REM,86,
2026-03-04,03:05,REM,86,
2026-03-04,03:06,REM,87,
2026-03-04,03:07,REM,86,
2026-03-04,03:08,REM,86,
2026-03-04,03:09,REM,86,
2026-03-04,03:10,REM,86,
2026-03-04,03:11,REM,86,
2026-03-04,03:12,REM,86,
2026-03-04,03:13,REM,86,
2026-03-04,03:14,REM,86,
2026-03-04,03:15,REM,86,
2026-03-04,03:16,REM,85,
2026-03-04,03:17,REM,85,
2026-03-04,03:18,REM,85,
2026-03-04,03:19,LIGHT,85,
2026-03-04,03:20,LIGHT,85,
2026-03-04,03:21,LIGHT,85,
2026-03-04,03:22,LIGHT,85,
2026-03-04,03:23,LIGHT,85,
2026-03-04,03:24,LIGHT,85,
2026-03-04,03:25,LIGHT,84,
2026-03-04,03:26,LIGHT,85,
2026-03-04,03:27,LIGHT,85,
2026-03-04,03:28,LIGHT,85,
2026-03-04,03:29,LIGHT,84,
2026-03-04,03:30,LIGHT,84,
2026-03-04,03:31,LIGHT,84,
2026-03-04,03:32,LIGHT,96,
2026-03-04,03:33,LIGHT,95,
2026-03-04,03:34,LIGHT,96,
2026-03-04,03:35,LIGHT,92,
2026-03-04,03:36,LIGHT,89,
2026-03-04,03:37,LIGHT,83,
2026-03-04,03:38,LIGHT,89,
2026-03-04,03:39,LIGHT,83,
2026-03-04,03:40,LIGHT,84,
2026-03-04,03:41,LIGHT,86,
2026-03-04,03:42,LIGHT,82,
2026-03-04,03:43,LIGHT,79,
2026-03-04,03:44,LIGHT,76,
2026-03-04,03:45,LIGHT,73,
2026-03-04,03:46,LIGHT,73,
2026-03-04,03:47,LIGHT,78,
2026-03-04,03:48,LIGHT,78,
2026-03-04,03:49,LIGHT,80,
2026-03-04,03:50,LIGHT,80,
2026-03-04,03:51,LIGHT,85,
2026-03-04,03:52,LIGHT,79,
2026-03-04,03:53,LIGHT,82,
2026-03-04,03:54,LIGHT,79,
2026-03-04,03:55,LIGHT,79,
2026-03-04,03:56,LIGHT,84,
2026-03-04,03:57,LIGHT,83,
2026-03-04,03:58,LIGHT,80,
2026-03-04,03:59,LIGHT,80,
2026-03-04,04:00,LIGHT,78,
2026-03-04,04:01,LIGHT,78,
2026-03-04,04:02,LIGHT,87,
2026-03-04,04:03,LIGHT,91,
2026-03-04,04:04,LIGHT,94,
2026-03-04,04:05,LIGHT,86,
2026-03-04,04:06,LIGHT,86,
2026-03-04,04:07,DEEP,84,
2026-03-04,04:08,DEEP,82,
2026-03-04,04:09,DEEP,85,
2026-03-04,04:10,LIGHT,84,
2026-03-04,04:11,LIGHT,88,
2026-03-04,04:12,LIGHT,83,
2026-03-04,04:13,LIGHT,86,
2026-03-04,04:14,LIGHT,83,
2026-03-04,04:15,LIGHT,80,
2026-03-04,04:16,LIGHT,80,
2026-03-04,04:17,LIGHT,82,
2026-03-04,04:18,LIGHT,82,
2026-03-04,04:19,LIGHT,89,
2026-03-04,04:20,LIGHT,85,
2026-03-04,04:21,LIGHT,81,
2026-03-04,04:22,DEEP,87,
2026-03-04,04:23,DEEP,79,
2026-03-04,04:24,DEEP,77,
2026-03-04,04:25,DEEP,78,
2026-03-04,04:26,DEEP,85,
2026-03-04,04:27,LIGHT,79,
2026-03-04,04:28,LIGHT,84,
2026-03-04,04:29,LIGHT,78,
2026-03-04,04:30,LIGHT,82,
2026-03-04,04:31,LIGHT,79,
2026-03-04,04:32,LIGHT,83,
2026-03-04,04:33,LIGHT,80,
2026-03-04,04:34,LIGHT,77,
2026-03-04,04:35,LIGHT,78,
2026-03-04,04:36,LIGHT,80,
2026-03-04,04:37,LIGHT,82,
2026-03-04,04:38,LIGHT,81,
2026-03-04,04:39,LIGHT,77,
2026-03-04,04:40,LIGHT,79,
2026-03-04,04:41,WAKE,84,
2026-03-04,04:42,LIGHT,82,
2026-03-04,04:43,LIGHT,84,
2026-03-04,04:44,LIGHT,85,
2026-03-04,04:45,LIGHT,85,
2026-03-04,04:46,LIGHT,81,
2026-03-04,04:47,REM,79,
2026-03-04,04:48,REM,79,
2026-03-04,04:49,REM,79,
2026-03-04,04:50,REM,80,
2026-03-04,04:51,REM,79,
2026-03-04,04:52,REM,79,
2026-03-04,04:53,REM,79,
2026-03-04,04:54,REM,79,
2026-03-04,04:55,REM,80,
2026-03-04,04:56,REM,80,
2026-03-04,04:57,REM,80,
2026-03-04,04:58,REM,80,
2026-03-04,04:59,REM,80,
2026-03-04,05:00,REM,80,
2026-03-04,05:01,REM,80,
2026-03-04,05:02,REM,80,
2026-03-04,05:03,REM,80,
2026-03-04,05:04,REM,80,
2026-03-04,05:05,REM,80,
2026-03-04,05:06,REM,87,
2026-03-04,05:07,REM,84,
2026-03-04,05:08,REM,78,
2026-03-04,05:09,REM,79,
2026-03-04,05:10,REM,84,
2026-03-04,05:11,REM,78,
2026-03-04,05:12,REM,75,
2026-03-04,05:13,REM,75,
2026-03-04,05:14,REM,75,
2026-03-04,05:15,REM,74,
2026-03-04,05:16,REM,78,
2026-03-04,05:17,REM,87,
2026-03-04,05:18,REM,75,
2026-03-04,05:19,REM,72,
2026-03-04,05:20,REM,74,
2026-03-04,05:21,REM,71,
2026-03-04,05:22,REM,76,
2026-03-04,05:23,REM,82,
2026-03-04,05:24,REM,81,
2026-03-04,05:25,REM,73,
2026-03-04,05:26,REM,71,
2026-03-04,05:27,REM,73,
2026-03-04,05:28,REM,80,
2026-03-04,05:29,REM,86,
2026-03-04,05:30,REM,83,
2026-03-04,05:31,REM,85,
2026-03-04,05:32,REM,90,
2026-03-04,05:33,REM,84,
2026-03-04,05:34,REM,86,
2026-03-04,05:35,REM,86,
2026-03-04,05:36,REM,82,
2026-03-04,05:37,REM,79,
2026-03-04,05:38,REM,83,
2026-03-04,05:39,REM,83,
2026-03-04,05:40,REM,85,
2026-03-04,05:41,LIGHT,84,
2026-03-04,05:42,LIGHT,79,
2026-03-04,05:43,LIGHT,79,
2026-03-04,05:44,LIGHT,81,
2026-03-04,05:45,LIGHT,76,
2026-03-04,05:46,LIGHT,74,
2026-03-04,05:47,LIGHT,74,
2026-03-04,05:48,LIGHT,80,
2026-03-04,05:49,LIGHT,82,
2026-03-04,05:50,LIGHT,77,
2026-03-04,05:51,LIGHT,77,
2026-03-04,05:52,LIGHT,74,
2026-03-04,05:53,LIGHT,75,
2026-03-04,05:54,LIGHT,81,
2026-03-04,05:55,LIGHT,80,
2026-03-04,05:56,LIGHT,76,
2026-03-04,05:57,LIGHT,78,
2026-03-04,05:58,LIGHT,75,
2026-03-04,05:59,LIGHT,77,
2026-03-04,06:00,LIGHT,77,
2026-03-04,06:01,LIGHT,77,
2026-03-04,06:02,LIGHT,80,
2026-03-04,06:03,LIGHT,74,
2026-03-04,06:04,LIGHT,72,
2026-03-04,06:05,DEEP,72,
2026-03-04,06:06,DEEP,73,
2026-03-04,06:07,DEEP,73,
2026-03-04,06:08,DEEP,75,
2026-03-04,06:09,DEEP,77,
2026-03-04,06:10,DEEP,76,
2026-03-04,06:11,DEEP,76,
2026-03-04,06:12,DEEP,76,
2026-03-04,06:13,DEEP,77,
2026-03-04,06:14,DEEP,77,
2026-03-04,06:15,DEEP,76,
2026-03-04,06:16,DEEP,77,
2026-03-04,06:17,DEEP,77,
2026-03-04,06:18,DEEP,77,
2026-03-04,06:19,DEEP,77,
2026-03-04,06:20,DEEP,77,
2026-03-04,06:21,DEEP,77,
2026-03-04,06:22,DEEP,77,
2026-03-04,06:23,DEEP,77,
2026-03-04,06:24,DEEP,78,
2026-03-04,06:25,DEEP,78,
2026-03-04,06:26,DEEP,79,
2026-03-04,06:27,DEEP,78,
2026-03-04,06:28,DEEP,78,
2026-03-04,06:29,DEEP,78,
2026-03-04,06:30,DEEP,78,
2026-03-04,06:31,DEEP,78,
2026-03-04,06:32,DEEP,78,
2026-03-04,06:33,DEEP,94,
2026-03-04,06:34,DEEP,97,
2026-03-04,06:35,DEEP,89,
2026-03-04,06:36,DEEP,80,
2026-03-04,06:37,DEEP,78,
2026-03-04,06:38,DEEP,76,
2026-03-04,06:39,DEEP,76,
2026-03-04,06:40,DEEP,89,
2026-03-04,06:41,DEEP,78,
2026-03-04,06:42,DEEP,78,
2026-03-04,06:43,DEEP,76,
2026-03-04,06:44,DEEP,76,
2026-03-04,06:45,DEEP,70,
2026-03-04,06:46,DEEP,80,
2026-03-04,06:47,DEEP,77,
2026-03-04,06:48,LIGHT,76,
2026-03-04,06:49,LIGHT,84,
2026-03-04,06:50,LIGHT,78,
2026-03-04,06:51,LIGHT,77,
2026-03-04,06:52,REM,83,
2026-03-04,06:53,REM,78,
2026-03-04,06:54,REM,81,
2026-03-04,06:55,REM,82,
2026-03-04,06:56,REM,76,
2026-03-04,06:57,REM,74,
2026-03-04,06:58,REM,74,
2026-03-04,06:59,REM,79,
2026-03-04,07:00,REM,72,
2026-03-04,07:01,REM,74,
2026-03-04,07:02,REM,76,
2026-03-04,07:03,REM,78,
2026-03-04,07:04,REM,80,
2026-03-04,07:05,REM,77,
2026-03-04,07:06,REM,77,
2026-03-04,07:07,REM,76,
2026-03-04,07:08,REM,74,
2026-03-04,07:09,REM,78,
2026-03-04,07:10,REM,76,
2026-03-04,07:11,REM,76,
2026-03-04,07:12,LIGHT,78,
2026-03-04,07:13,LIGHT,73,
2026-03-04,07:14,LIGHT,78,
2026-03-04,07:15,LIGHT,80,
2026-03-04,07:16,LIGHT,84,
2026-03-04,07:17,LIGHT,86,
2026-03-04,07:18,LIGHT,84,
2026-03-04,07:19,LIGHT,84,
2026-03-04,07:20,LIGHT,81,
2026-03-04,07:21,LIGHT,80,
2026-03-04,07:22,LIGHT,80,
2026-03-04,07:23,LIGHT,77,
2026-03-04,07:24,LIGHT,78,
2026-03-04,07:25,LIGHT,77,
2026-03-04,07:26,LIGHT,78,
2026-03-04,07:27,LIGHT,78,
2026-03-04,07:28,REM,83,
2026-03-04,07:29,REM,91,
2026-03-04,07:30,REM,97,
2026-03-04,07:31,REM,96,
2026-03-04,07:32,REM,96,
2026-03-04,07:33,REM,97,
2026-03-04,07:34,REM,94,
2026-03-04,07:35,REM,95,
2026-03-04,07:36,REM,105,
2026-03-04,07:37,REM,101,
2026-03-04,07:38,REM,98,
2026-03-04,07:39,REM,96,
2026-03-04,07:40,REM,96,
2026-03-04,07:41,REM,96,
2026-03-04,07:42,REM,97,
2026-03-04,07:43,REM,96,
2026-03-04,07:44,REM,92,
2026-03-04,07:45,REM,90,
2026-03-04,07:46,REM,95,
2026-03-04,07:47,REM,99,
2026-03-04,07:48,REM,105,
2026-03-04,07:49,REM,115,
2026-03-04,07:50,REM,118,
2026-03-04,07:51,LIGHT,110,
2026-03-04,07:52,LIGHT,115,
2026-03-04,07:53,LIGHT,113,
2026-03-04,07:54,LIGHT,105,
2026-03-04,07:55,LIGHT,101,
2026-03-04,07:56,LIGHT,101,
2026-03-04,07:57,LIGHT,98,
2026-03-04,07:58,LIGHT,98,
2026-03-04,07:59,LIGHT,94,
2026-03-04,08:00,LIGHT,92,
2026-03-04,08:01,LIGHT,95,
2026-03-04,08:02,LIGHT,101,
2026-03-04,08:03,LIGHT,101,
2026-03-04,08:04,LIGHT,97,
2026-03-04,08:05,LIGHT,102,
2026-03-04,08:06,LIGHT,100,
2026-03-04,08:07,LIGHT,107,
2026-03-04,08:08,LIGHT,109,
2026-03-04,08:09,LIGHT,107,
2026-03-04,08:10,LIGHT,102,
2026-03-04,08:11,LIGHT,100,
2026-03-04,08:12,LIGHT,95,
2026-03-04,08:13,LIGHT,91,
2026-03-04,08:14,LIGHT,89,
2026-03-04,08:15,LIGHT,95,
2026-03-04,08:16,LIGHT,96,
2026-03-04,08:17,LIGHT,99,
2026-03-04,08:18,LIGHT,97,
2026-03-04,08:19,LIGHT,94,
2026-03-04,08:20,LIGHT,92,
2026-03-04,08:21,LIGHT,93,
2026-03-04,08:22,LIGHT,89,
2026-03-04,08:23,LIGHT,90,
2026-03-04,08:24,LIGHT,93,
2026-03-04,08:25,LIGHT,90,
2026-03-04,08:26,LIGHT,90,
2026-03-04,08:27,LIGHT,86,
2026-03-04,08:28,LIGHT,86,
2026-03-04,08:29,LIGHT,86,
2026-03-04,08:30,LIGHT,87,
2026-03-04,08:31,LIGHT,87,
2026-03-04,08:32,LIGHT,94,
2026-03-04,08:33,LIGHT,92,
2026-03-04,08:34,LIGHT,90,
2026-03-04,08:35,LIGHT,90,
2026-03-04,08:36,LIGHT,92,
2026-03-04,08:37,REM,90,
2026-03-04,08:38,REM,89,
2026-03-04,08:39,LIGHT,92,
2026-03-04,08:40,LIGHT,94,
2026-03-04,08:41,LIGHT,94,
2026-03-04,08:42,WAKE,96,
2026-03-04,08:43,WAKE,93,
2026-03-04,08:44,LIGHT,92,
2026-03-04,08:45,LIGHT,94,
2026-03-04,08:46,LIGHT,96,
2026-03-04,08:47,LIGHT,90,
2026-03-04,08:48,LIGHT,92,
2026-03-04,08:49,LIGHT,89,
2026-03-04,08:50,LIGHT,90,
2026-03-04,08:51,LIGHT,86,
2026-03-04,08:52,LIGHT,88,
2026-03-04,08:53,LIGHT,90,
2026-03-04,08:54,LIGHT,87,
2026-03-04,08:55,LIGHT,87,
2026-03-04,08:56,LIGHT,92,
2026-03-04,08:57,LIGHT,86,
2026-03-04,08:58,LIGHT,87,
2026-03-04,08:59,LIGHT,89,
2026-03-04,09:00,LIGHT,95,
2026-03-04,09:01,WAKE,88,
2026-03-04,09:02,LIGHT,84,
2026-03-04,09:03,LIGHT,84,
2026-03-04,09:04,LIGHT,89,
2026-03-04,09:05,LIGHT,89,
2026-03-04,09:06,REM,90,
2026-03-04,09:07,REM,87,
2026-03-04,09:08,REM,81,
2026-03-04,09:09,REM,91,
2026-03-04,09:10,REM,89,
2026-03-04,09:11,REM,85,
2026-03-04,09:12,REM,88,
2026-03-04,09:13,REM,84,
2026-03-04,09:14,REM,82,
2026-03-04,09:15,REM,82,
2026-03-04,09:16,REM,81,
2026-03-04,09:17,REM,83,
2026-03-04,09:18,REM,81,
2026-03-04,09:19,REM,82,
2026-03-04,09:20,REM,80,
2026-03-04,09:21,REM,81,
2026-03-04,09:22,LIGHT,83,
2026-03-04,09:23,LIGHT,86,
2026-03-04,09:24,LIGHT,91,
2026-03-04,09:25,LIGHT,86,
2026-03-04,09:26,LIGHT,84,
2026-03-04,16:42,LIGHT,93,
2026-03-04,16:43,LIGHT,94,
2026-03-04,16:44,LIGHT,94,
2026-03-04,16:45,LIGHT,95,
2026-03-04,16:46,LIGHT,92,
2026-03-04,16:47,LIGHT,92,
2026-03-04,16:48,LIGHT,92,
2026-03-04,16:49,LIGHT,92,
2026-03-04,16:50,LIGHT,92,
2026-03-04,16:51,LIGHT,92,
2026-03-04,16:52,LIGHT,91,
2026-03-04,16:53,LIGHT,92,
2026-03-04,16:54,LIGHT,90,
2026-03-04,16:55,LIGHT,92,
2026-03-04,16:56,LIGHT,94,
2026-03-04,16:57,LIGHT,91,
2026-03-04,16:58,LIGHT,94,
2026-03-04,16:59,LIGHT,96,
2026-03-04,17:00,LIGHT,91,
2026-03-04,17:01,LIGHT,90,
2026-03-04,17:02,LIGHT,93,
2026-03-04,17:03,LIGHT,93,
2026-03-04,17:04,LIGHT,92,
2026-03-04,17:05,LIGHT,92,
2026-03-04,17:06,LIGHT,92,
2026-03-04,17:07,LIGHT,92,
2026-03-04,17:08,LIGHT,92,
2026-03-04,17:09,LIGHT,90,
2026-03-04,17:10,LIGHT,91,
2026-03-04,17:11,LIGHT,91,
2026-03-04,23:46,LIGHT,134,
2026-03-04,23:47,LIGHT,135,
2026-03-04,23:48,LIGHT,133,
2026-03-04,23:49,LIGHT,131,
2026-03-04,23:50,LIGHT,131,
2026-03-04,23:51,LIGHT,133,
2026-03-04,23:52,LIGHT,121,
2026-03-04,23:53,LIGHT,121,
2026-03-04,23:54,LIGHT,118,
2026-03-04,23:55,WAKE,120,
2026-03-04,23:56,LIGHT,119,
2026-03-04,23:57,LIGHT,118,
2026-03-04,23:58,LIGHT,118,
2026-03-04,23:59,LIGHT,117,
2026-03-05,00:00,LIGHT,119,
2026-03-05,00:01,LIGHT,127,
2026-03-05,00:02,LIGHT,127,
2026-03-05,00:03,LIGHT,127,
2026-03-05,00:04,LIGHT,123,
2026-03-05,00:05,LIGHT,120,
2026-03-05,00:06,LIGHT,116,
2026-03-05,00:07,LIGHT,112,
2026-03-05,00:08,LIGHT,111,
2026-03-05,00:09,LIGHT,110,
2026-03-05,00:10,LIGHT,110,
2026-03-05,00:11,LIGHT,108,
2026-03-05,00:12,LIGHT,109,
2026-03-05,00:13,LIGHT,110,
2026-03-05,00:14,LIGHT,107,
2026-03-05,00:15,LIGHT,107,
2026-03-05,00:16,LIGHT,109,
2026-03-05,00:17,LIGHT,106,
2026-03-05,00:18,LIGHT,105,
2026-03-05,00:19,LIGHT,105,
2026-03-05,00:20,LIGHT,105,
2026-03-05,00:21,LIGHT,103,
2026-03-05,00:22,LIGHT,103,
2026-03-05,00:23,LIGHT,105,
2026-03-05,00:24,LIGHT,105,
2026-03-05,00:25,LIGHT,102,
2026-03-05,00:26,LIGHT,102,
2026-03-05,00:27,LIGHT,102,
2026-03-05,00:28,LIGHT,102,
2026-03-05,00:29,LIGHT,102,
2026-03-05,00:30,LIGHT,103,
2026-03-05,00:31,LIGHT,103,
2026-03-05,00:32,LIGHT,103,
2026-03-05,00:33,LIGHT,103,
2026-03-05,00:34,LIGHT,103,
2026-03-05,00:35,LIGHT,102,
2026-03-05,00:36,LIGHT,102,
2026-03-05,00:37,LIGHT,102,
2026-03-05,00:38,LIGHT,103,
2026-03-05,00:39,LIGHT,102,
2026-03-05,00:40,DEEP,102,
2026-03-05,00:41,DEEP,102,
2026-03-05,00:42,DEEP,102,
2026-03-05,00:43,DEEP,102,
2026-03-05,00:44,DEEP,102,
2026-03-05,00:45,DEEP,102,
2026-03-05,00:46,DEEP,102,
2026-03-05,00:47,DEEP,101,
2026-03-05,00:48,DEEP,101,
2026-03-05,00:49,DEEP,99,
2026-03-05,00:50,DEEP,100,
2026-03-05,00:51,DEEP,102,
2026-03-05,00:52,DEEP,109,
2026-03-05,00:53,DEEP,106,
2026-03-05,00:54,DEEP,103,
2026-03-05,00:55,DEEP,102,
2026-03-05,00:56,DEEP,101,
2026-03-05,00:57,LIGHT,102,
2026-03-05,00:58,LIGHT,100,
2026-03-05,00:59,LIGHT,97,
2026-03-05,01:00,LIGHT,99,
2026-03-05,01:01,LIGHT,99,
2026-03-05,01:02,LIGHT,99,
2026-03-05,01:03,LIGHT,99,
2026-03-05,01:04,REM,97,
2026-03-05,01:05,REM,102,
2026-03-05,01:06,REM,102,
2026-03-05,01:07,REM,103,
2026-03-05,01:08,REM,103,
2026-03-05,01:09,REM,102,
2026-03-05,01:10,REM,102,
2026-03-05,01:11,REM,102,
2026-03-05,01:12,REM,103,
2026-03-05,01:13,REM,102,
2026-03-05,01:14,REM,102,
2026-03-05,01:15,REM,102,
2026-03-05,01:16,REM,102,
2026-03-05,01:17,REM,103,
2026-03-05,01:18,REM,103,
2026-03-05,01:19,REM,101,
2026-03-05,01:20,REM,100,
2026-03-05,01:21,REM,100,
2026-03-05,01:22,REM,98,
2026-03-05,01:23,REM,98,
2026-03-05,01:24,REM,100,
2026-03-05,01:25,REM,99,
2026-03-05,01:26,REM,100,
2026-03-05,01:27,REM,101,
2026-03-05,01:28,REM,97,
2026-03-05,01:29,REM,97,
2026-03-05,01:30,REM,99,
2026-03-05,01:31,REM,99,
2026-03-05,01:32,REM,99,
2026-03-05,01:33,REM,98,
2026-03-05,01:34,REM,99,
2026-03-05,01:35,REM,99,
2026-03-05,01:36,LIGHT,98,
2026-03-05,01:37,LIGHT,98,
2026-03-05,01:38,LIGHT,100,
2026-03-05,01:39,WAKE,100,
2026-03-05,01:40,LIGHT,100,
2026-03-05,01:41,LIGHT,103,
2026-03-05,01:42,LIGHT,100,
2026-03-05,01:43,LIGHT,102,
2026-03-05,01:44,WAKE,99,
2026-03-05,01:45,WAKE,99,
2026-03-05,01:46,WAKE,95,
2026-03-05,01:47,WAKE,95,
2026-03-05,01:48,WAKE,95,
2026-03-05,01:49,LIGHT,97,
2026-03-05,01:50,LIGHT,96,
2026-03-05,01:51,LIGHT,96,
2026-03-05,01:52,LIGHT,95,
2026-03-05,01:53,LIGHT,95,
2026-03-05,01:54,LIGHT,96,
2026-03-05,01:55,LIGHT,96,
2026-03-05,01:56,LIGHT,98,
2026-03-05,01:57,LIGHT,95,
2026-03-05,01:58,LIGHT,96,
2026-03-05,01:59,LIGHT,97,
2026-03-05,02:00,LIGHT,96,
2026-03-05,02:01,LIGHT,96,
2026-03-05,02:02,LIGHT,97,
2026-03-05,02:03,LIGHT,97,
2026-03-05,02:04,LIGHT,98,
2026-03-05,02:05,LIGHT,97,
2026-03-05,02:06,LIGHT,102,
2026-03-05,02:07,LIGHT,98,
2026-03-05,02:08,LIGHT,99,
2026-03-05,02:09,LIGHT,96,
2026-03-05,02:10,LIGHT,103,
2026-03-05,02:11,LIGHT,95,
2026-03-05,02:12,LIGHT,94,
2026-03-05,02:13,LIGHT,94,
2026-03-05,02:14,LIGHT,93,
2026-03-05,02:15,LIGHT,93,
2026-03-05,02:16,WAKE,93,
2026-03-05,02:17,WAKE,93,
2026-03-05,02:18,WAKE,91,
2026-03-05,02:19,WAKE,90,
2026-03-05,02:20,WAKE,92,
2026-03-05,02:21,WAKE,93,
2026-03-05,02:22,WAKE,90,
2026-03-05,02:23,WAKE,92,
2026-03-05,02:24,WAKE,92,
2026-03-05,02:25,WAKE,92,
2026-03-05,02:26,WAKE,94,
2026-03-05,02:27,WAKE,91,
2026-03-05,02:28,WAKE,89,
2026-03-05,02:29,WAKE,89,
2026-03-05,02:30,WAKE,91,
2026-03-05,02:31,WAKE,96,
2026-03-05,02:32,WAKE,92,
2026-03-05,02:33,WAKE,94,
2026-03-05,02:34,WAKE,93,
2026-03-05,02:35,WAKE,93,
2026-03-05,02:36,WAKE,93,
2026-03-05,02:37,WAKE,89,
2026-03-05,02:38,WAKE,88,
2026-03-05,02:39,WAKE,87,
2026-03-05,02:40,WAKE,91,
2026-03-05,02:41,WAKE,89,
2026-03-05,02:42,WAKE,93,
2026-03-05,02:43,LIGHT,93,
2026-03-05,02:44,LIGHT,88,
2026-03-05,02:45,LIGHT,87,
2026-03-05,02:46,LIGHT,88,
2026-03-05,02:47,LIGHT,86,
2026-03-05,02:48,LIGHT,87,
2026-03-05,02:49,LIGHT,89,
2026-03-05,02:50,LIGHT,89,
2026-03-05,02:51,LIGHT,87,
2026-03-05,02:52,LIGHT,90,
2026-03-05,02:53,LIGHT,87,
2026-03-05,02:54,LIGHT,93,
2026-03-05,02:55,LIGHT,87,
2026-03-05,02:56,LIGHT,89,
2026-03-05,02:57,LIGHT,90,
2026-03-05,02:58,LIGHT,94,
2026-03-05,02:59,LIGHT,88,
2026-03-05,03:00,LIGHT,89,
2026-03-05,03:01,LIGHT,89,
2026-03-05,03:02,LIGHT,92,
2026-03-05,03:03,DEEP,85,
2026-03-05,03:04,DEEP,86,
2026-03-05,03:05,DEEP,87,
2026-03-05,03:06,DEEP,85,
2026-03-05,03:07,DEEP,89,
2026-03-05,03:08,DEEP,85,
2026-03-05,03:09,DEEP,84,
2026-03-05,03:10,DEEP,84,
2026-03-05,03:11,DEEP,86,
2026-03-05,03:12,DEEP,86,
2026-03-05,03:13,DEEP,85,
2026-03-05,03:14,DEEP,90,
2026-03-05,03:15,DEEP,85,
2026-03-05,03:16,DEEP,86,
2026-03-05,03:17,DEEP,88,
2026-03-05,03:18,DEEP,88,
2026-03-05,03:19,DEEP,89,
2026-03-05,03:20,DEEP,87,
2026-03-05,03:21,DEEP,87,
2026-03-05,03:22,DEEP,88,
2026-03-05,03:23,DEEP,93,
2026-03-05,03:24,DEEP,87,
2026-03-05,03:25,DEEP,86,
2026-03-05,03:26,DEEP,90,
2026-03-05,03:27,DEEP,84,
2026-03-05,03:28,DEEP,84,
2026-03-05,03:29,DEEP,86,
2026-03-05,03:30,LIGHT,84,
2026-03-05,03:31,LIGHT,89,
2026-03-05,03:32,LIGHT,86,
2026-03-05,03:33,WAKE,86,
2026-03-05,03:34,LIGHT,85,
2026-03-05,03:35,LIGHT,86,
2026-03-05,03:36,LIGHT,85,
2026-03-05,03:37,LIGHT,85,
2026-03-05,03:38,LIGHT,84,
2026-03-05,03:39,LIGHT,88,
2026-03-05,03:40,LIGHT,85,
2026-03-05,03:41,LIGHT,84,
2026-03-05,03:42,LIGHT,86,
2026-03-05,03:43,LIGHT,86,
2026-03-05,03:44,LIGHT,86,
2026-03-05,03:45,LIGHT,86,
2026-03-05,03:46,LIGHT,87,
2026-03-05,03:47,LIGHT,87,
2026-03-05,03:48,REM,87,
2026-03-05,03:49,REM,86,
2026-03-05,03:50,REM,88,
2026-03-05,03:51,REM,91,
2026-03-05,03:52,REM,87,
2026-03-05,03:53,REM,89,
2026-03-05,03:54,REM,91,
2026-03-05,03:55,REM,85,
2026-03-05,03:56,REM,85,
2026-03-05,03:57,REM,85,
2026-03-05,03:58,REM,85,
2026-03-05,03:59,REM,86,
2026-03-05,04:00,REM,88,
2026-03-05,04:01,REM,90,
2026-03-05,04:02,REM,86,
2026-03-05,04:03,REM,88,
2026-03-05,04:04,REM,85,
2026-03-05,04:05,REM,85,
2026-03-05,04:06,REM,85,
2026-03-05,04:07,REM,87,
2026-03-05,04:08,REM,87,
2026-03-05,04:09,REM,89,
2026-03-05,04:10,LIGHT,86,
2026-03-05,04:11,LIGHT,92,
2026-03-05,04:12,LIGHT,88,
2026-03-05,04:13,LIGHT,87,
2026-03-05,04:14,LIGHT,87,
2026-03-05,04:15,LIGHT,89,
2026-03-05,04:16,LIGHT,87,
2026-03-05,04:17,LIGHT,87,
2026-03-05,04:18,LIGHT,94,
2026-03-05,04:19,LIGHT,89,
2026-03-05,04:20,LIGHT,88,
2026-03-05,04:21,LIGHT,88,
2026-03-05,04:22,LIGHT,89,
2026-03-05,04:23,LIGHT,88,
2026-03-05,04:24,LIGHT,87,
2026-03-05,04:25,LIGHT,87,
2026-03-05,04:26,LIGHT,90,
2026-03-05,04:27,LIGHT,90,
2026-03-05,04:28,LIGHT,90,
2026-03-05,04:29,LIGHT,90,
2026-03-05,04:30,LIGHT,92,
2026-03-05,04:31,LIGHT,89,
2026-03-05,04:32,LIGHT,88,
2026-03-05,04:33,LIGHT,87,
2026-03-05,04:34,LIGHT,87,
2026-03-05,04:35,LIGHT,86,
2026-03-05,04:36,LIGHT,86,
2026-03-05,04:37,LIGHT,86,
2026-03-05,04:38,LIGHT,88,
2026-03-05,04:39,LIGHT,86,
2026-03-05,04:40,LIGHT,86,
2026-03-05,04:41,LIGHT,88,
2026-03-05,04:42,LIGHT,88,
2026-03-05,04:43,LIGHT,87,
2026-03-05,04:44,LIGHT,87,
2026-03-05,04:45,LIGHT,89,
2026-03-05,04:46,LIGHT,87,
2026-03-05,04:47,LIGHT,87,
2026-03-05,04:48,LIGHT,88,
2026-03-05,04:49,LIGHT,91,
2026-03-05,04:50,LIGHT,88,
2026-03-05,04:51,LIGHT,89,
2026-03-05,04:52,LIGHT,88,
2026-03-05,04:53,LIGHT,87,
2026-03-05,04:54,LIGHT,86,
2026-03-05,04:55,LIGHT,89,
2026-03-05,04:56,LIGHT,86,
2026-03-05,04:57,LIGHT,84,
2026-03-05,04:58,LIGHT,91,
2026-03-05,04:59,LIGHT,96,
2026-03-05,05:00,LIGHT,94,
2026-03-05,05:01,LIGHT,92,
2026-03-05,05:02,DEEP,92,
2026-03-05,05:03,DEEP,91,
2026-03-05,05:04,LIGHT,90,
2026-03-05,05:05,LIGHT,91,
2026-03-05,05:06,LIGHT,88,
2026-03-05,05:07,WAKE,90,
2026-03-05,05:08,LIGHT,90,
2026-03-05,05:09,LIGHT,89,
2026-03-05,05:10,LIGHT,91,
2026-03-05,05:11,LIGHT,93,
2026-03-05,05:12,LIGHT,94,
2026-03-05,05:13,LIGHT,95,
2026-03-05,05:14,LIGHT,92,
2026-03-05,05:15,LIGHT,91,
2026-03-05,05:16,LIGHT,90,
2026-03-05,05:17,LIGHT,89,
2026-03-05,05:18,LIGHT,89,
2026-03-05,05:19,LIGHT,89,
2026-03-05,05:20,REM,89,
2026-03-05,05:21,REM,89,
2026-03-05,05:22,REM,89,
2026-03-05,05:23,REM,89,
2026-03-05,05:24,REM,89,
2026-03-05,05:25,REM,88,
2026-03-05,05:26,REM,91,
2026-03-05,05:27,REM,89,
2026-03-05,05:28,REM,88,
2026-03-05,05:29,REM,90,
2026-03-05,05:30,REM,87,
2026-03-05,05:31,REM,88,
2026-03-05,05:32,REM,90,
2026-03-05,05:33,REM,92,
2026-03-05,05:34,REM,90,
2026-03-05,05:35,REM,94,
2026-03-05,05:36,REM,93,
2026-03-05,05:37,REM,89,
2026-03-05,05:38,REM,93,
2026-03-05,05:39,REM,119,
2026-03-05,05:40,REM,121,
2026-03-05,05:41,REM,115,
2026-03-05,05:42,REM,109,
2026-03-05,05:43,REM,102,
2026-03-05,05:44,REM,104,
2026-03-05,05:45,REM,99,
2026-03-05,05:46,REM,100,
2026-03-05,05:47,REM,99,
2026-03-05,05:48,REM,99,
2026-03-05,05:49,REM,99,
2026-03-05,05:50,REM,98,
2026-03-05,05:51,REM,98,
2026-03-05,05:52,REM,99,
2026-03-05,05:53,REM,96,
2026-03-05,05:54,REM,97,
2026-03-05,05:55,LIGHT,95,
2026-03-05,05:56,LIGHT,95,
2026-03-05,05:57,LIGHT,100,
2026-03-05,05:58,LIGHT,96,
2026-03-05,05:59,LIGHT,96,
2026-03-05,06:00,LIGHT,94,
2026-03-05,06:01,LIGHT,95,
2026-03-05,06:02,LIGHT,97,
2026-03-05,06:03,LIGHT,96,
2026-03-05,06:04,LIGHT,95,
2026-03-05,06:05,LIGHT,95,
2026-03-05,06:06,LIGHT,95,
2026-03-05,06:07,LIGHT,95,
2026-03-05,06:08,LIGHT,96,
2026-03-05,06:09,LIGHT,96,
2026-03-05,06:10,LIGHT,94,
2026-03-05,06:11,LIGHT,99,
2026-03-05,06:12,LIGHT,94,
2026-03-05,06:13,LIGHT,93,
2026-03-05,06:14,LIGHT,93,
2026-03-05,06:15,DEEP,93,
2026-03-05,06:16,DEEP,93,
2026-03-05,06:17,DEEP,94,
2026-03-05,06:18,DEEP,94,
2026-03-05,06:19,DEEP,94,
2026-03-05,06:20,DEEP,95,
2026-03-05,06:21,DEEP,96,
2026-03-05,06:22,DEEP,94,
2026-03-05,06:23,DEEP,95,
2026-03-05,06:24,DEEP,92,
2026-03-05,06:25,DEEP,92,
2026-03-05,06:26,DEEP,93,
2026-03-05,06:27,DEEP,94,
2026-03-05,06:28,DEEP,95,
2026-03-05,06:29,DEEP,97,
2026-03-05,06:30,DEEP,95,
2026-03-05,06:31,LIGHT,95,
2026-03-05,06:32,LIGHT,97,
2026-03-05,06:33,LIGHT,96,
2026-03-05,06:34,WAKE,97,
2026-03-05,06:35,LIGHT,99,
2026-03-05,06:36,LIGHT,99,
2026-03-05,06:37,LIGHT,101,
2026-03-05,06:38,LIGHT,97,
2026-03-05,06:39,LIGHT,97,
2026-03-05,06:40,LIGHT,101,
2026-03-05,06:41,REM,102,
2026-03-05,06:42,REM,99,
2026-03-05,06:43,REM,99,
2026-03-05,06:44,REM,103,
2026-03-05,06:45,REM,101,
2026-03-05,06:46,REM,95,
2026-03-05,06:47,REM,92,
2026-03-05,06:48,REM,98,
2026-03-05,06:49,REM,92,
2026-03-05,06:50,REM,97,
2026-03-05,06:51,REM,93,
2026-03-05,06:52,REM,95,
2026-03-05,06:53,REM,88,
2026-03-05,06:54,REM,85,
2026-03-05,06:55,REM,90,
2026-03-05,06:56,REM,94,
2026-03-05,06:57,REM,96,
2026-03-05,06:58,REM,93,
2026-03-05,06:59,REM,93,
2026-03-05,07:00,REM,93,
2026-03-05,07:01,REM,93,
2026-03-05,07:02,REM,93,
2026-03-05,07:03,REM,93,
2026-03-05,07:04,REM,90,
2026-03-05,07:05,REM,91,
2026-03-05,07:06,REM,94,
2026-03-05,07:07,REM,96,
2026-03-05,07:08,REM,96,
2026-03-05,07:09,REM,95,
2026-03-05,07:10,REM,87,
2026-03-05,07:11,REM,97,
2026-03-05,07:12,REM,101,
2026-03-05,07:13,REM,98,
2026-03-05,07:14,REM,98,
2026-03-05,07:15,REM,98,
2026-03-05,07:16,REM,97,
2026-03-05,07:17,REM,99,
2026-03-05,07:18,REM,97,
2026-03-05,07:19,LIGHT,101,
2026-03-05,07:20,LIGHT,106,
2026-03-05,07:21,LIGHT,101,
2026-03-05,07:22,LIGHT,101,
2026-03-05,07:23,LIGHT,101,
2026-03-05,07:24,LIGHT,100,
2026-03-05,07:25,LIGHT,100,
2026-03-05,07:26,LIGHT,100,
2026-03-05,07:27,LIGHT,100,
2026-03-05,07:28,LIGHT,100,
2026-03-05,07:29,LIGHT,104,
2026-03-06,00:16,LIGHT,95,
2026-03-06,00:17,LIGHT,96,
2026-03-06,00:18,LIGHT,94,
2026-03-06,00:19,LIGHT,94,
2026-03-06,00:20,LIGHT,93,
2026-03-06,00:21,LIGHT,92,
2026-03-06,00:22,LIGHT,92,
2026-03-06,00:23,LIGHT,92,
2026-03-06,00:24,LIGHT,90,
2026-03-06,00:25,LIGHT,90,
2026-03-06,00:26,LIGHT,90,
2026-03-06,00:27,LIGHT,90,
2026-03-06,00:28,LIGHT,91,
2026-03-06,00:29,DEEP,91,
2026-03-06,00:30,DEEP,91,
2026-03-06,00:31,DEEP,91,
2026-03-06,00:32,DEEP,96,
2026-03-06,00:33,DEEP,92,
2026-03-06,00:34,DEEP,90,
2026-03-06,00:35,DEEP,89,
2026-03-06,00:36,DEEP,90,
2026-03-06,00:37,DEEP,91,
2026-03-06,00:38,DEEP,91,
2026-03-06,00:39,DEEP,92,
2026-03-06,00:40,DEEP,91,
2026-03-06,00:41,DEEP,91,
2026-03-06,00:42,DEEP,91,
2026-03-06,00:43,DEEP,91,
2026-03-06,00:44,DEEP,91,
2026-03-06,00:45,DEEP,91,
2026-03-06,00:46,DEEP,91,
2026-03-06,00:47,DEEP,91,
2026-03-06,00:48,DEEP,91,
2026-03-06,00:49,DEEP,91,
2026-03-06,00:50,DEEP,91,
2026-03-06,00:51,DEEP,90,
2026-03-06,00:52,DEEP,90,
2026-03-06,00:53,DEEP,90,
2026-03-06,00:54,LIGHT,90,
2026-03-06,00:55,LIGHT,89,
2026-03-06,00:56,LIGHT,89,
2026-03-06,00:57,REM,88,
2026-03-06,00:58,REM,88,
2026-03-06,00:59,REM,82,
2026-03-06,01:00,REM,91,
2026-03-06,01:01,REM,90,
2026-03-06,01:02,REM,89,
2026-03-06,01:03,REM,86,
2026-03-06,01:04,REM,90,
2026-03-06,01:05,REM,90,
2026-03-06,01:06,REM,94,
2026-03-06,01:07,REM,90,
2026-03-06,01:08,REM,90,
2026-03-06,01:09,REM,91,
2026-03-06,01:10,REM,93,
2026-03-06,01:11,REM,85,
2026-03-06,01:12,REM,85,
2026-03-06,01:13,REM,87,
2026-03-06,01:14,REM,88,
2026-03-06,01:15,REM,88,
2026-03-06,01:16,REM,89,
2026-03-06,01:17,REM,90,
2026-03-06,01:18,REM,90,
2026-03-06,01:19,LIGHT,90,
2026-03-06,01:20,LIGHT,91,
2026-03-06,01:21,LIGHT,91,
2026-03-06,01:22,LIGHT,91,
2026-03-06,01:23,LIGHT,91,
2026-03-06,01:24,LIGHT,91,
2026-03-06,01:25,LIGHT,90,
2026-03-06,01:26,LIGHT,90,
2026-03-06,01:27,LIGHT,90,
2026-03-06,01:28,LIGHT,90,
2026-03-06,01:29,LIGHT,90,
2026-03-06,01:30,LIGHT,95,
2026-03-06,01:31,LIGHT,95,
2026-03-06,01:32,LIGHT,87,
2026-03-06,01:33,LIGHT,83,
2026-03-06,01:34,LIGHT,83,
2026-03-06,01:35,LIGHT,93,
2026-03-06,01:36,LIGHT,86,
2026-03-06,01:37,LIGHT,75,
2026-03-06,01:38,LIGHT,70,
2026-03-06,01:39,LIGHT,72,
2026-03-06,01:40,LIGHT,74,
2026-03-06,01:41,LIGHT,77,
2026-03-06,01:42,LIGHT,83,
2026-03-06,01:43,LIGHT,85,
2026-03-06,01:44,LIGHT,82,
2026-03-06,01:45,LIGHT,84,
2026-03-06,01:46,LIGHT,86,
2026-03-06,01:47,LIGHT,87,
2026-03-06,01:48,LIGHT,91,
2026-03-06,01:49,LIGHT,88,
2026-03-06,01:50,LIGHT,85,
2026-03-06,01:51,LIGHT,86,
2026-03-06,01:52,LIGHT,87,
2026-03-06,01:53,LIGHT,92,
2026-03-06,01:54,LIGHT,85,
2026-03-06,01:55,LIGHT,84,
2026-03-06,01:56,LIGHT,85,
2026-03-06,01:57,LIGHT,85,
2026-03-06,01:58,LIGHT,85,
2026-03-06,01:59,LIGHT,86,
2026-03-06,02:00,LIGHT,87,
2026-03-06,02:01,LIGHT,87,
2026-03-06,02:02,LIGHT,87,
2026-03-06,02:03,LIGHT,87,
2026-03-06,02:04,LIGHT,87,
2026-03-06,02:05,LIGHT,87,
2026-03-06,02:06,LIGHT,87,
2026-03-06,02:07,LIGHT,91,
2026-03-06,02:08,LIGHT,95,
2026-03-06,02:09,LIGHT,89,
2026-03-06,02:10,LIGHT,84,
2026-03-06,02:11,LIGHT,89,
2026-03-06,02:12,LIGHT,86,
2026-03-06,02:13,LIGHT,88,
2026-03-06,02:14,LIGHT,88,
2026-03-06,02:15,LIGHT,85,
2026-03-06,02:16,LIGHT,82,
2026-03-06,02:17,LIGHT,84,
2026-03-06,02:18,LIGHT,85,
2026-03-06,02:19,LIGHT,87,
2026-03-06,02:20,LIGHT,87,
2026-03-06,02:21,LIGHT,87,
2026-03-06,02:22,LIGHT,81,
2026-03-06,02:23,LIGHT,86,
2026-03-06,02:24,LIGHT,91,
2026-03-06,02:25,LIGHT,91,
2026-03-06,02:26,LIGHT,86,
2026-03-06,02:27,LIGHT,86,
2026-03-06,02:28,LIGHT,91,
2026-03-06,02:29,LIGHT,87,
2026-03-06,02:30,LIGHT,87,
2026-03-06,02:31,LIGHT,87,
2026-03-06,02:32,WAKE,87,
2026-03-06,02:33,WAKE,86,
2026-03-06,02:34,LIGHT,88,
2026-03-06,02:35,LIGHT,88,
2026-03-06,02:36,LIGHT,90,
2026-03-06,02:37,LIGHT,91,
2026-03-06,02:38,LIGHT,88,
2026-03-06,02:39,LIGHT,85,
2026-03-06,02:40,LIGHT,77,
2026-03-06,02:41,LIGHT,89,
2026-03-06,02:42,REM,93,
2026-03-06,02:43,REM,95,
2026-03-06,02:44,REM,93,
2026-03-06,02:45,REM,88,
2026-03-06,02:46,REM,86,
2026-03-06,02:47,REM,85,
2026-03-06,02:48,REM,85,
2026-03-06,02:49,REM,85,
2026-03-06,02:50,REM,85,
2026-03-06,02:51,REM,85,
2026-03-06,02:52,REM,86,
2026-03-06,02:53,REM,86,
2026-03-06,02:54,REM,86,
2026-03-06,02:55,REM,86,
2026-03-06,02:56,REM,86,
2026-03-06,02:57,REM,86,
2026-03-06,02:58,REM,86,
2026-03-06,02:59,REM,86,
2026-03-06,03:00,REM,86,
2026-03-06,03:01,REM,85,
2026-03-06,03:02,REM,85,
2026-03-06,03:03,REM,85,
2026-03-06,03:04,REM,87,
2026-03-06,03:05,REM,86,
2026-03-06,03:06,REM,89,
2026-03-06,03:07,REM,90,
2026-03-06,03:08,REM,87,
2026-03-06,03:09,REM,81,
2026-03-06,03:10,REM,79,
2026-03-06,03:11,REM,79,
2026-03-06,03:12,REM,79,
2026-03-06,03:13,REM,80,
2026-03-06,03:14,REM,80,
2026-03-06,03:15,REM,80,
2026-03-06,03:16,REM,80,
2026-03-06,03:17,REM,80,
2026-03-06,03:18,REM,80,
2026-03-06,03:19,REM,80,
2026-03-06,03:20,REM,85,
2026-03-06,03:21,REM,85,
2026-03-06,03:22,REM,87,
2026-03-06,03:23,REM,76,
2026-03-06,03:24,REM,75,
2026-03-06,03:25,REM,77,
2026-03-06,03:26,REM,79,
2026-03-06,03:27,REM,80,
2026-03-06,03:28,LIGHT,80,
2026-03-06,03:29,LIGHT,82,
2026-03-06,03:30,LIGHT,84,
2026-03-06,03:31,LIGHT,76,
2026-03-06,03:32,LIGHT,77,
2026-03-06,03:33,LIGHT,79,
2026-03-06,03:34,LIGHT,80,
2026-03-06,03:35,LIGHT,82,
2026-03-06,03:36,LIGHT,81,
2026-03-06,03:37,LIGHT,81,
2026-03-06,03:38,LIGHT,83,
2026-03-06,03:39,LIGHT,87,
2026-03-06,03:40,LIGHT,78,
2026-03-06,03:41,LIGHT,78,
2026-03-06,03:42,LIGHT,87,
2026-03-06,03:43,LIGHT,83,
2026-03-06,03:44,LIGHT,82,
2026-03-06,03:45,DEEP,77,
2026-03-06,03:46,DEEP,74,
2026-03-06,03:47,DEEP,73,
2026-03-06,03:48,DEEP,76,
2026-03-06,03:49,DEEP,73,
2026-03-06,03:50,DEEP,78,
2026-03-06,03:51,DEEP,83,
2026-03-06,03:52,LIGHT,85,
2026-03-06,03:53,LIGHT,83,
2026-03-06,03:54,LIGHT,83,
2026-03-06,03:55,LIGHT,85,
2026-03-06,03:56,LIGHT,78,
2026-03-06,03:57,LIGHT,80,
2026-03-06,03:58,LIGHT,82,
2026-03-06,03:59,LIGHT,85,
2026-03-06,04:00,LIGHT,88,
2026-03-06,04:01,LIGHT,80,
2026-03-06,04:02,LIGHT,78,
2026-03-06,04:03,LIGHT,78,
2026-03-06,04:04,REM,78,
2026-03-06,04:05,REM,78,
2026-03-06,04:06,REM,76,
2026-03-06,04:07,REM,72,
2026-03-06,04:08,REM,79,
2026-03-06,04:09,REM,80,
2026-03-06,04:10,REM,79,
2026-03-06,04:11,REM,81,
2026-03-06,04:12,REM,83,
2026-03-06,04:13,LIGHT,82,
2026-03-06,04:14,LIGHT,82,
2026-03-06,04:15,LIGHT,82,
2026-03-06,04:16,LIGHT,83,
2026-03-06,04:17,LIGHT,83,
2026-03-06,04:18,REM,83,
2026-03-06,04:19,REM,84,
2026-03-06,04:20,LIGHT,84,
2026-03-06,04:21,LIGHT,86,
2026-03-06,04:22,LIGHT,85,
2026-03-06,04:23,LIGHT,85,
2026-03-06,04:24,LIGHT,90,
2026-03-06,04:25,LIGHT,82,
2026-03-06,04:26,LIGHT,76,
2026-03-06,04:27,REM,77,
2026-03-06,04:28,REM,77,
2026-03-06,04:29,REM,79,
2026-03-06,04:30,REM,79,
2026-03-06,04:31,REM,79,
2026-03-06,04:32,REM,78,
2026-03-06,04:33,REM,79,
2026-03-06,04:34,REM,79,
2026-03-06,04:35,REM,78,
2026-03-06,04:36,REM,81,
2026-03-06,04:37,LIGHT,76,
2026-03-06,04:38,LIGHT,78,
2026-03-06,04:39,LIGHT,79,
2026-03-06,04:40,LIGHT,79,
2026-03-06,04:41,LIGHT,79,
2026-03-06,04:42,LIGHT,81,
2026-03-06,04:43,LIGHT,81,
2026-03-06,04:44,LIGHT,81,
2026-03-06,04:45,LIGHT,81,
2026-03-06,04:46,LIGHT,81,
2026-03-06,04:47,LIGHT,81,
2026-03-06,04:48,LIGHT,82,
2026-03-06,04:49,LIGHT,82,
2026-03-06,04:50,LIGHT,83,
2026-03-06,04:51,LIGHT,83,
2026-03-06,04:52,LIGHT,83,
2026-03-06,04:53,LIGHT,83,
2026-03-06,04:54,LIGHT,90,
2026-03-06,04:55,LIGHT,88,
2026-03-06,04:56,LIGHT,80,
2026-03-06,04:57,LIGHT,77,
2026-03-06,04:58,LIGHT,78,
2026-03-06,04:59,LIGHT,81,
2026-03-06,05:00,LIGHT,83,
2026-03-06,05:01,LIGHT,83,
2026-03-06,05:02,LIGHT,84,
2026-03-06,05:03,LIGHT,90,
2026-03-06,05:04,LIGHT,82,
2026-03-06,05:05,LIGHT,82,
2026-03-06,05:06,LIGHT,76,
2026-03-06,05:07,LIGHT,73,
2026-03-06,05:08,LIGHT,75,
2026-03-06,05:09,REM,77,
2026-03-06,05:10,REM,78,
2026-03-06,05:11,LIGHT,79,
2026-03-06,05:12,LIGHT,79,
2026-03-06,05:13,LIGHT,85,
2026-03-06,05:14,WAKE,73,
2026-03-06,05:15,LIGHT,71,
2026-03-06,05:16,LIGHT,72,
2026-03-06,05:17,LIGHT,78,
2026-03-06,05:18,LIGHT,72,
2026-03-06,05:19,LIGHT,73,
2026-03-06,05:20,LIGHT,83,
2026-03-06,05:21,LIGHT,79,
2026-03-06,05:22,LIGHT,76,
2026-03-06,05:23,LIGHT,77,
2026-03-06,05:24,LIGHT,77,
2026-03-06,05:25,LIGHT,78,
2026-03-06,05:26,LIGHT,80,
2026-03-06,05:27,LIGHT,80,
2026-03-06,05:28,LIGHT,80,
2026-03-06,05:29,LIGHT,80,
2026-03-06,05:30,LIGHT,80,
2026-03-06,05:31,LIGHT,80,
2026-03-06,05:32,LIGHT,80,
2026-03-06,05:33,LIGHT,79,
2026-03-06,05:34,LIGHT,80,
2026-03-06,05:35,LIGHT,80,
2026-03-06,05:36,WAKE,80,
2026-03-06,05:37,WAKE,80,
2026-03-06,05:38,WAKE,80,
2026-03-06,05:39,WAKE,80,
2026-03-06,05:40,WAKE,80,
2026-03-06,05:41,WAKE,80,
2026-03-06,05:42,WAKE,80,
2026-03-06,05:43,WAKE,80,
2026-03-06,05:44,WAKE,80,
2026-03-06,05:45,WAKE,80,
2026-03-06,05:46,WAKE,85,
2026-03-06,05:47,WAKE,91,
2026-03-06,05:48,WAKE,85,
2026-03-06,05:49,WAKE,84,
2026-03-06,05:50,WAKE,79,
2026-03-06,05:51,WAKE,84,
2026-03-06,05:52,WAKE,76,
2026-03-06,05:53,WAKE,86,
2026-03-06,05:54,WAKE,83,
2026-03-06,05:55,WAKE,85,
2026-03-06,05:56,WAKE,81,
2026-03-06,05:57,WAKE,71,
2026-03-06,05:58,WAKE,75,
2026-03-06,05:59,WAKE,75,
2026-03-06,06:00,WAKE,71,
2026-03-06,06:01,WAKE,72,
2026-03-06,06:02,WAKE,77,
2026-03-06,06:03,WAKE,77,
2026-03-06,06:04,WAKE,72,
2026-03-06,06:05,WAKE,77,
2026-03-06,06:06,WAKE,86,
2026-03-06,06:07,WAKE,83,
2026-03-06,06:08,WAKE,85,
2026-03-06,06:09,WAKE,80,
2026-03-06,06:10,WAKE,82,
2026-03-06,06:11,WAKE,80,
2026-03-06,06:12,WAKE,82,
2026-03-06,06:13,WAKE,83,
2026-03-06,06:14,WAKE,83,
2026-03-06,06:15,WAKE,83,
2026-03-06,06:16,WAKE,85,
2026-03-06,06:17,WAKE,87,
2026-03-06,06:18,LIGHT,89,
2026-03-06,06:19,LIGHT,83,
2026-03-06,06:20,LIGHT,81,
2026-03-06,06:21,LIGHT,80,
2026-03-06,06:22,LIGHT,80,
2026-03-06,06:23,LIGHT,79,
2026-03-06,06:24,LIGHT,76,
2026-03-06,06:25,LIGHT,76,
2026-03-06,06:26,LIGHT,78,
2026-03-06,06:27,LIGHT,81,
2026-03-06,06:28,LIGHT,75,
2026-03-06,06:29,LIGHT,77,
2026-03-06,06:30,LIGHT,77,
2026-03-06,06:31,LIGHT,78,
2026-03-06,06:32,LIGHT,79,
2026-03-06,06:33,LIGHT,79,
2026-03-06,06:34,LIGHT,79,
2026-03-06,06:35,LIGHT,80,
2026-03-06,06:36,LIGHT,80,
2026-03-06,06:37,LIGHT,82,
2026-03-06,06:38,LIGHT,76,
2026-03-06,06:39,LIGHT,76,
2026-03-06,06:40,REM,77,
2026-03-06,06:41,REM,79,
2026-03-06,06:42,REM,79,
2026-03-06,06:43,REM,79,
2026-03-06,06:44,REM,78,
2026-03-06,06:45,REM,76,
2026-03-06,06:46,LIGHT,76,
2026-03-06,06:47,LIGHT,76,
2026-03-06,06:48,LIGHT,76,
2026-03-06,06:49,LIGHT,80,
2026-03-06,06:50,LIGHT,77,
2026-03-06,06:51,LIGHT,79,
2026-03-06,06:52,LIGHT,75,
2026-03-06,06:53,LIGHT,81,
2026-03-06,06:54,LIGHT,76,
2026-03-06,06:55,LIGHT,76,
2026-03-06,06:56,LIGHT,76,
2026-03-06,06:57,LIGHT,76,
2026-03-06,06:58,LIGHT,76,
2026-03-06,06:59,LIGHT,83,
2026-03-06,07:00,LIGHT,77,
2026-03-06,07:01,LIGHT,72,
2026-03-06,07:02,LIGHT,68,
2026-03-06,07:03,LIGHT,71,
2026-03-06,07:04,REM,83,
2026-03-06,07:05,REM,85,
2026-03-06,07:06,REM,76,
2026-03-06,07:07,REM,76,
2026-03-06,07:08,REM,79,
2026-03-06,07:09,REM,76,
2026-03-06,07:10,REM,74,
2026-03-06,07:11,REM,71,
2026-03-06,07:12,REM,68,
2026-03-06,07:13,REM,78,
2026-03-06,07:14,REM,87,
2026-03-06,07:15,REM,89,
2026-03-06,07:16,LIGHT,86,
2026-03-06,07:17,LIGHT,79,
2026-03-06,07:18,LIGHT,73,
2026-03-06,07:19,WAKE,75,
2026-03-06,07:20,WAKE,79,
2026-03-06,07:21,LIGHT,73,
2026-03-06,07:22,LIGHT,67,
2026-03-06,07:23,LIGHT,61,
2026-03-06,07:24,LIGHT,73,
2026-03-06,07:25,LIGHT,73,
2026-03-06,07:26,LIGHT,83,
2026-03-06,07:27,LIGHT,77,
2026-03-06,07:28,LIGHT,79,
2026-03-06,07:29,LIGHT,83,
2026-03-06,07:30,LIGHT,78,
2026-03-06,07:31,LIGHT,70,
2026-03-06,07:32,LIGHT,68,
2026-03-06,07:33,LIGHT,73,
2026-03-06,07:34,LIGHT,68,
2026-03-06,07:35,LIGHT,72,
2026-03-06,07:36,LIGHT,84,
2026-03-06,07:37,LIGHT,76,
2026-03-06,07:38,LIGHT,77,
2026-03-06,07:39,LIGHT,74,
2026-03-06,07:40,LIGHT,68,
2026-03-06,07:41,LIGHT,70,
2026-03-06,07:42,LIGHT,76,
2026-03-06,07:43,LIGHT,76,
2026-03-06,07:44,LIGHT,76,
2026-03-06,07:45,LIGHT,78,
2026-03-06,07:46,LIGHT,73,
2026-03-06,07:47,LIGHT,75,
2026-03-06,07:48,LIGHT,77,
2026-03-06,07:49,LIGHT,76,
2026-03-06,07:50,LIGHT,76,
2026-03-06,07:51,LIGHT,75,
2026-03-06,07:52,LIGHT,75,
2026-03-06,07:53,LIGHT,77,
2026-03-06,07:54,LIGHT,77,
2026-03-06,07:55,LIGHT,77,
2026-03-06,07:56,LIGHT,77,
2026-03-07,00:16,LIGHT,93,
2026-03-07,00:17,LIGHT,95,
2026-03-07,00:18,LIGHT,91,
2026-03-07,00:19,LIGHT,87,
2026-03-07,00:20,LIGHT,83,
2026-03-07,00:21,LIGHT,83,
2026-03-07,00:22,LIGHT,85,
2026-03-07,00:23,LIGHT,90,
2026-03-07,00:24,LIGHT,98,
2026-03-07,00:25,LIGHT,97,
2026-03-07,00:26,LIGHT,95,
2026-03-07,00:27,LIGHT,97,
2026-03-07,00:28,LIGHT,98,
2026-03-07,00:29,DEEP,100,
2026-03-07,00:30,DEEP,99,
2026-03-07,00:31,DEEP,98,
2026-03-07,00:32,DEEP,90,
2026-03-07,00:33,DEEP,91,
2026-03-07,00:34,DEEP,93,
2026-03-07,00:35,DEEP,98,
2026-03-07,00:36,DEEP,98,
2026-03-07,00:37,DEEP,94,
2026-03-07,00:38,DEEP,91,
2026-03-07,00:39,DEEP,88,
2026-03-07,00:40,DEEP,87,
2026-03-07,00:41,DEEP,87,
2026-03-07,00:42,DEEP,88,
2026-03-07,00:43,DEEP,92,
2026-03-07,00:44,DEEP,92,
2026-03-07,00:45,DEEP,87,
2026-03-07,00:46,DEEP,89,
2026-03-07,00:47,DEEP,87,
2026-03-07,00:48,DEEP,88,
2026-03-07,00:49,DEEP,92,
2026-03-07,00:50,DEEP,92,
2026-03-07,00:51,DEEP,86,
2026-03-07,00:52,DEEP,86,
2026-03-07,00:53,DEEP,86,
2026-03-07,00:54,DEEP,88,
2026-03-07,00:55,DEEP,88,
2026-03-07,00:56,DEEP,86,
2026-03-07,00:57,DEEP,87,
2026-03-07,00:58,DEEP,84,
2026-03-07,00:59,DEEP,86,
2026-03-07,01:00,DEEP,90,
2026-03-07,01:01,DEEP,90,
2026-03-07,01:02,DEEP,92,
2026-03-07,01:03,LIGHT,92,
2026-03-07,01:04,LIGHT,92,
2026-03-07,01:05,LIGHT,92,
2026-03-07,01:06,LIGHT,93,
2026-03-07,01:07,LIGHT,93,
2026-03-07,01:08,LIGHT,87,
2026-03-07,01:09,LIGHT,85,
2026-03-07,01:10,LIGHT,86,
2026-03-07,01:11,LIGHT,84,
2026-03-07,01:12,LIGHT,88,
2026-03-07,01:13,LIGHT,88,
2026-03-07,01:14,LIGHT,86,
2026-03-07,01:15,LIGHT,88,
2026-03-07,01:16,LIGHT,89,
2026-03-07,01:17,LIGHT,90,
2026-03-07,01:18,LIGHT,86,
2026-03-07,01:19,DEEP,86,
2026-03-07,01:20,DEEP,85,
2026-03-07,01:21,DEEP,85,
2026-03-07,01:22,DEEP,89,
2026-03-07,01:23,DEEP,92,
2026-03-07,01:24,DEEP,91,
2026-03-07,01:25,DEEP,90,
2026-03-07,01:26,DEEP,88,
2026-03-07,01:27,DEEP,89,
2026-03-07,01:28,DEEP,88,
2026-03-07,01:29,DEEP,89,
2026-03-07,01:30,DEEP,90,
2026-03-07,01:31,DEEP,88,
2026-03-07,01:32,LIGHT,88,
2026-03-07,01:33,LIGHT,88,
2026-03-07,01:34,LIGHT,85,
2026-03-07,01:35,LIGHT,85,
2026-03-07,01:36,LIGHT,83,
2026-03-07,01:37,LIGHT,83,
2026-03-07,01:38,LIGHT,82,
2026-03-07,01:39,LIGHT,82,
2026-03-07,01:40,LIGHT,80,
2026-03-07,01:41,LIGHT,83,
2026-03-07,01:42,LIGHT,80,
2026-03-07,01:43,LIGHT,80,
2026-03-07,01:44,LIGHT,80,
2026-03-07,01:45,LIGHT,80,
2026-03-07,01:46,LIGHT,81,
2026-03-07,01:47,LIGHT,81,
2026-03-07,01:48,LIGHT,81,
2026-03-07,01:49,LIGHT,81,
2026-03-07,01:50,LIGHT,80,
2026-03-07,01:51,LIGHT,81,
2026-03-07,01:52,LIGHT,81,
2026-03-07,01:53,LIGHT,83,
2026-03-07,01:54,LIGHT,78,
2026-03-07,01:55,LIGHT,78,
2026-03-07,01:56,LIGHT,80,
2026-03-07,01:57,LIGHT,81,
2026-03-07,01:58,LIGHT,81,
2026-03-07,01:59,LIGHT,83,
2026-03-07,02:00,LIGHT,82,
2026-03-07,02:01,LIGHT,81,
2026-03-07,02:02,LIGHT,81,
2026-03-07,02:03,LIGHT,82,
2026-03-07,02:04,DEEP,82,
2026-03-07,02:05,DEEP,82,
2026-03-07,02:06,LIGHT,82,
2026-03-07,02:07,LIGHT,83,
2026-03-07,02:08,LIGHT,82,
2026-03-07,02:09,WAKE,82,
2026-03-07,02:10,WAKE,82,
2026-03-07,02:11,LIGHT,83,
2026-03-07,02:12,LIGHT,81,
2026-03-07,02:13,LIGHT,81,
2026-03-07,02:14,LIGHT,83,
2026-03-07,02:15,LIGHT,83,
2026-03-07,02:16,LIGHT,83,
2026-03-07,02:17,LIGHT,83,
2026-03-07,02:18,REM,87,
2026-03-07,02:19,REM,90,
2026-03-07,02:20,REM,91,
2026-03-07,02:21,REM,84,
2026-03-07,02:22,REM,90,
2026-03-07,02:23,REM,91,
2026-03-07,02:24,REM,85,
2026-03-07,02:25,REM,83,
2026-03-07,02:26,REM,84,
2026-03-07,02:27,REM,79,
2026-03-07,02:28,REM,79,
2026-03-07,02:29,REM,81,
2026-03-07,02:30,REM,75,
2026-03-07,02:31,REM,80,
2026-03-07,02:32,REM,76,
2026-03-07,02:33,REM,77,
2026-03-07,02:34,REM,77,
2026-03-07,02:35,REM,76,
2026-03-07,02:36,REM,78,
2026-03-07,02:37,REM,82,
2026-03-07,02:38,REM,80,
2026-03-07,02:39,REM,77,
2026-03-07,02:40,REM,77,
2026-03-07,02:41,REM,78,
2026-03-07,02:42,REM,78,
2026-03-07,02:43,LIGHT,78,
2026-03-07,02:44,LIGHT,76,
2026-03-07,02:45,LIGHT,77,
2026-03-07,02:46,LIGHT,77,
2026-03-07,02:47,LIGHT,78,
2026-03-07,02:48,LIGHT,78,
2026-03-07,02:49,LIGHT,78,
2026-03-07,02:50,LIGHT,78,
2026-03-07,02:51,LIGHT,78,
2026-03-07,02:52,LIGHT,84,
2026-03-07,02:53,LIGHT,79,
2026-03-07,02:54,LIGHT,73,
2026-03-07,02:55,LIGHT,74,
2026-03-07,02:56,LIGHT,75,
2026-03-07,02:57,LIGHT,75,
2026-03-07,02:58,LIGHT,76,
2026-03-07,02:59,LIGHT,76,
2026-03-07,03:00,LIGHT,76,
2026-03-07,03:01,LIGHT,76,
2026-03-07,03:02,LIGHT,74,
2026-03-07,03:03,LIGHT,77,
2026-03-07,03:04,LIGHT,77,
2026-03-07,03:05,LIGHT,77,
2026-03-07,03:06,LIGHT,81,
2026-03-07,03:07,LIGHT,80,
2026-03-07,03:08,WAKE,79,
2026-03-07,03:09,LIGHT,77,
2026-03-07,03:10,LIGHT,80,
2026-03-07,03:11,LIGHT,84,
2026-03-07,03:12,LIGHT,81,
2026-03-07,03:13,LIGHT,81,
2026-03-07,03:14,LIGHT,78,
2026-03-07,03:15,LIGHT,77,
2026-03-07,03:16,LIGHT,79,
2026-03-07,03:17,LIGHT,79,
2026-03-07,03:18,LIGHT,74,
2026-03-07,03:19,LIGHT,79,
2026-03-07,03:20,LIGHT,84,
2026-03-07,03:21,WAKE,86,
2026-03-07,03:22,WAKE,84,
2026-03-07,03:23,WAKE,80,
2026-03-07,03:24,LIGHT,80,
2026-03-07,03:25,LIGHT,80,
2026-03-07,03:26,LIGHT,80,
2026-03-07,03:27,LIGHT,80,
2026-03-07,03:28,LIGHT,80,
2026-03-07,03:29,LIGHT,80,
2026-03-07,03:30,LIGHT,80,
2026-03-07,03:31,LIGHT,80,
2026-03-07,03:32,LIGHT,80,
2026-03-07,03:33,LIGHT,80,
2026-03-07,03:34,LIGHT,81,
2026-03-07,03:35,LIGHT,82,
2026-03-07,03:36,LIGHT,82,
2026-03-07,03:37,LIGHT,82,
2026-03-07,03:38,LIGHT,84,
2026-03-07,03:39,LIGHT,78,
2026-03-07,03:40,LIGHT,79,
2026-03-07,03:41,LIGHT,81,
2026-03-07,03:42,LIGHT,82,
2026-03-07,03:43,LIGHT,80,
2026-03-07,03:44,LIGHT,80,
2026-03-07,03:45,LIGHT,80,
2026-03-07,03:46,LIGHT,81,
2026-03-07,03:47,LIGHT,81,
2026-03-07,03:48,REM,81,
2026-03-07,03:49,REM,80,
2026-03-07,03:50,REM,80,
2026-03-07,03:51,REM,79,
2026-03-07,03:52,REM,79,
2026-03-07,03:53,REM,79,
2026-03-07,03:54,REM,79,
2026-03-07,03:55,REM,79,
2026-03-07,03:56,REM,79,
2026-03-07,03:57,REM,79,
2026-03-07,03:58,REM,79,
2026-03-07,03:59,REM,79,
2026-03-07,04:00,REM,79,
2026-03-07,04:01,REM,78,
2026-03-07,04:02,REM,78,
2026-03-07,04:03,REM,77,
2026-03-07,04:04,REM,77,
2026-03-07,04:05,REM,77,
2026-03-07,04:06,REM,76,
2026-03-07,04:07,REM,76,
2026-03-07,04:08,REM,76,
2026-03-07,04:09,REM,76,
2026-03-07,04:10,LIGHT,77,
2026-03-07,04:11,LIGHT,80,
2026-03-07,04:12,LIGHT,82,
2026-03-07,04:13,LIGHT,82,
2026-03-07,04:14,LIGHT,79,
2026-03-07,04:15,LIGHT,70,
2026-03-07,04:16,LIGHT,72,
2026-03-07,04:17,LIGHT,69,
2026-03-07,04:18,LIGHT,69,
2026-03-07,04:19,LIGHT,69,
2026-03-07,04:20,LIGHT,67,
2026-03-07,04:21,LIGHT,68,
2026-03-07,04:22,LIGHT,68,
2026-03-07,04:23,LIGHT,73,
2026-03-07,04:24,LIGHT,68,
2026-03-07,04:25,LIGHT,67,
2026-03-07,04:26,LIGHT,64,
2026-03-07,04:27,LIGHT,68,
2026-03-07,04:28,LIGHT,71,
2026-03-07,04:29,LIGHT,78,
2026-03-07,04:30,LIGHT,63,
2026-03-07,04:31,LIGHT,60,
2026-03-07,04:32,LIGHT,60,
2026-03-07,04:33,LIGHT,67,
2026-03-07,04:34,LIGHT,69,
2026-03-07,04:35,LIGHT,75,
2026-03-07,04:36,LIGHT,76,
2026-03-07,04:37,LIGHT,76,
2026-03-07,04:38,LIGHT,74,
2026-03-07,04:39,LIGHT,77,
2026-03-07,04:40,LIGHT,69,
2026-03-07,04:41,LIGHT,71,
2026-03-07,04:42,LIGHT,76,
2026-03-07,04:43,LIGHT,73,
2026-03-07,04:44,LIGHT,73,
2026-03-07,04:45,DEEP,73,
2026-03-07,04:46,DEEP,71,
2026-03-07,04:47,DEEP,72,
2026-03-07,04:48,DEEP,77,
2026-03-07,04:49,DEEP,75,
2026-03-07,04:50,DEEP,74,
2026-03-07,04:51,DEEP,74,
2026-03-07,04:52,LIGHT,71,
2026-03-07,04:53,LIGHT,70,
2026-03-07,04:54,LIGHT,70,
2026-03-07,04:55,WAKE,71,
2026-03-07,04:56,LIGHT,71,
2026-03-07,04:57,LIGHT,70,
2026-03-07,04:58,LIGHT,71,
2026-03-07,04:59,LIGHT,71,
2026-03-07,05:00,LIGHT,71,
2026-03-07,05:01,LIGHT,76,
2026-03-07,05:02,LIGHT,71,
2026-03-07,05:03,LIGHT,70,
2026-03-07,05:04,LIGHT,74,
2026-03-07,05:05,LIGHT,71,
2026-03-07,05:06,LIGHT,66,
2026-03-07,05:07,LIGHT,71,
2026-03-07,05:08,LIGHT,65,
2026-03-07,05:09,LIGHT,65,
2026-03-07,05:10,LIGHT,64,
2026-03-07,05:11,LIGHT,67,
2026-03-07,05:12,LIGHT,67,
2026-03-07,05:13,LIGHT,69,
2026-03-07,05:14,LIGHT,69,
2026-03-07,05:15,LIGHT,69,
2026-03-07,05:16,LIGHT,69,
2026-03-07,05:17,LIGHT,69,
2026-03-07,05:18,LIGHT,69,
2026-03-07,05:19,LIGHT,69,
2026-03-07,05:20,LIGHT,69,
2026-03-07,05:21,LIGHT,69,
2026-03-07,05:22,LIGHT,71,
2026-03-07,05:23,LIGHT,70,
2026-03-07,05:24,LIGHT,69,
2026-03-07,05:25,LIGHT,68,
2026-03-07,05:26,LIGHT,68,
2026-03-07,05:27,LIGHT,69,
2026-03-07,05:28,LIGHT,69,
2026-03-07,05:29,LIGHT,70,
2026-03-07,05:30,LIGHT,70,
2026-03-07,05:31,LIGHT,70,
2026-03-07,05:32,LIGHT,68,
2026-03-07,05:33,LIGHT,68,
2026-03-07,05:34,LIGHT,73,
2026-03-07,05:35,LIGHT,70,
2026-03-07,05:36,DEEP,70,
2026-03-07,05:37,DEEP,70,
2026-03-07,05:38,DEEP,64,
2026-03-07,05:39,DEEP,63,
2026-03-07,05:40,DEEP,63,
2026-03-07,05:41,DEEP,60,
2026-03-07,05:42,DEEP,61,
2026-03-07,05:43,DEEP,63,
2026-03-07,05:44,DEEP,65,
2026-03-07,05:45,DEEP,64,
2026-03-07,05:46,DEEP,70,
2026-03-07,05:47,LIGHT,69,
2026-03-07,05:48,LIGHT,72,
2026-03-07,05:49,LIGHT,72,
2026-03-07,05:50,LIGHT,62,
2026-03-07,05:51,LIGHT,61,
2026-03-07,05:52,LIGHT,69,
2026-03-07,05:53,REM,69,
2026-03-07,05:54,REM,71,
2026-03-07,05:55,REM,72,
2026-03-07,05:56,REM,75,
2026-03-07,05:57,REM,69,
2026-03-07,05:58,REM,71,
2026-03-07,05:59,REM,71,
2026-03-07,06:00,REM,67,
2026-03-07,06:01,REM,66,
2026-03-07,06:02,REM,68,
2026-03-07,06:03,REM,70,
2026-03-07,06:04,REM,69,
2026-03-07,06:05,REM,65,
2026-03-07,06:06,REM,65,
2026-03-07,06:07,REM,62,
2026-03-07,06:08,REM,63,
2026-03-07,06:09,REM,69,
2026-03-07,06:10,REM,62,
2026-03-07,06:11,REM,59,
2026-03-07,06:12,REM,59,
2026-03-07,06:13,REM,59,
2026-03-07,06:14,REM,60,
2026-03-07,06:15,REM,60,
2026-03-07,06:16,REM,62,
2026-03-07,06:17,REM,64,
2026-03-07,06:18,REM,65,
2026-03-07,06:19,REM,69,
2026-03-07,06:20,REM,66,
2026-03-07,06:21,REM,63,
2026-03-07,06:22,REM,63,
2026-03-07,06:23,LIGHT,62,
2026-03-07,06:24,LIGHT,64,
2026-03-07,06:25,LIGHT,68,
2026-03-07,06:26,LIGHT,62,
2026-03-07,06:27,LIGHT,64,
2026-03-07,06:28,LIGHT,61,
2026-03-07,06:29,LIGHT,61,
2026-03-07,06:30,LIGHT,62,
2026-03-07,06:31,LIGHT,62,
2026-03-07,06:32,LIGHT,64,
2026-03-07,06:33,LIGHT,63,
2026-03-07,06:34,LIGHT,64,
2026-03-07,06:35,LIGHT,64,
2026-03-07,06:36,LIGHT,64,
2026-03-07,06:37,LIGHT,64,
2026-03-07,06:38,LIGHT,67,
2026-03-07,06:39,LIGHT,65,
2026-03-07,06:40,LIGHT,65,
2026-03-07,06:41,LIGHT,65,
2026-03-07,06:42,LIGHT,64,
2026-03-07,06:43,LIGHT,65,
2026-03-07,06:44,LIGHT,67,
2026-03-07,06:45,LIGHT,64,
2026-03-07,06:46,LIGHT,64,
2026-03-07,06:47,LIGHT,65,
2026-03-07,06:48,LIGHT,65,
2026-03-07,06:49,LIGHT,63,
2026-03-07,06:50,LIGHT,65,
2026-03-07,06:51,LIGHT,62,
2026-03-07,06:52,LIGHT,60,
2026-03-07,06:53,LIGHT,62,
2026-03-07,06:54,REM,62,
2026-03-07,06:55,REM,61,
2026-03-07,06:56,REM,76,
2026-03-07,06:57,LIGHT,70,
2026-03-07,06:58,LIGHT,61,
2026-03-07,06:59,LIGHT,58,
2026-03-07,07:00,WAKE,55,
2026-03-07,07:01,LIGHT,57,
2026-03-07,07:02,LIGHT,65,
2026-03-07,07:03,LIGHT,70,
2026-03-07,07:04,REM,70,
2026-03-07,07:05,REM,69,
2026-03-07,07:06,REM,66,
2026-03-07,07:07,REM,60,
2026-03-07,07:08,REM,62,
2026-03-07,07:09,REM,64,
2026-03-07,07:10,REM,61,
2026-03-07,07:11,REM,64,
2026-03-07,07:12,REM,66,
2026-03-07,07:13,REM,63,
2026-03-07,07:14,REM,57,
2026-03-07,07:15,REM,62,
2026-03-07,07:16,REM,63,
2026-03-07,07:17,REM,63,
2026-03-07,07:18,REM,64,
2026-03-07,07:19,REM,57,
2026-03-07,07:20,REM,67,
2026-03-07,07:21,REM,68,
2026-03-07,07:22,REM,65,
2026-03-07,07:23,REM,63,
2026-03-07,07:24,REM,65,
2026-03-07,07:25,REM,65,
2026-03-07,07:26,REM,67,
2026-03-07,07:27,REM,64,
2026-03-07,07:28,REM,66,
2026-03-07,07:29,REM,65,
2026-03-07,07:30,REM,70,
2026-03-07,07:31,REM,73,
2026-03-07,07:32,REM,59,
2026-03-07,07:33,REM,64,
2026-03-07,07:34,REM,64,
2026-03-07,07:35,REM,63,
2026-03-07,07:36,REM,68,
2026-03-07,07:37,REM,73,
2026-03-07,07:38,REM,61,
2026-03-07,07:39,REM,58,
2026-03-07,07:40,REM,63,
2026-03-07,07:41,REM,60,
2026-03-07,07:42,REM,66,
2026-03-07,07:43,REM,63,
2026-03-07,07:44,REM,65,
2026-03-07,07:45,REM,59,
2026-03-07,07:46,REM,70,
2026-03-07,07:47,REM,67,
2026-03-07,07:48,REM,65,
2026-03-07,07:49,REM,61,
2026-03-07,07:50,REM,61,
2026-03-07,07:51,REM,59,
2026-03-07,07:52,REM,60,
2026-03-07,07:53,REM,61,
2026-03-07,07:54,REM,61,
2026-03-07,07:55,REM,71,
2026-03-07,07:56,REM,61,
2026-03-07,07:57,REM,62,
2026-03-07,07:58,LIGHT,60,
2026-03-07,07:59,LIGHT,62,
2026-03-07,08:00,LIGHT,61,
2026-03-07,08:01,LIGHT,61,
2026-03-07,08:02,LIGHT,61,
2026-03-07,08:03,LIGHT,61,
2026-03-07,08:04,LIGHT,61,
2026-03-07,08:05,LIGHT,63,
2026-03-07,08:06,LIGHT,62,
2026-03-07,08:07,LIGHT,64,
2026-03-07,08:08,LIGHT,64,
2026-03-07,08:09,LIGHT,63,
2026-03-07,08:10,LIGHT,62,
2026-03-07,08:11,LIGHT,61,
2026-03-07,08:12,LIGHT,61,
2026-03-07,08:13,LIGHT,71,
2026-03-07,08:14,LIGHT,67,
2026-03-07,08:15,LIGHT,62,
2026-03-07,08:16,LIGHT,59,
2026-03-07,08:17,LIGHT,59,
2026-03-07,08:18,LIGHT,59,
2026-03-07,08:19,LIGHT,61,
2026-03-07,08:20,LIGHT,61,
2026-03-07,08:21,LIGHT,61,
2026-03-07,08:22,DEEP,61,
2026-03-07,08:23,DEEP,63,
2026-03-07,08:24,DEEP,63,
2026-03-07,08:25,DEEP,63,
2026-03-07,08:26,DEEP,62,
2026-03-07,08:27,DEEP,64,
2026-03-07,08:28,DEEP,62,
2026-03-07,08:29,DEEP,63,
2026-03-07,08:30,DEEP,60,
2026-03-07,08:31,DEEP,60,
2026-03-07,08:32,DEEP,60,
2026-03-07,08:33,DEEP,63,
2026-03-07,08:34,DEEP,60,
2026-03-07,08:35,DEEP,57,
2026-03-07,08:36,DEEP,57,
2026-03-07,08:37,DEEP,60,
2026-03-07,08:38,DEEP,56,
2026-03-07,08:39,DEEP,59,
2026-03-07,08:40,DEEP,58,
2026-03-07,08:41,DEEP,62,
2026-03-07,08:42,LIGHT,58,
2026-03-07,08:43,LIGHT,68,
2026-03-07,08:44,LIGHT,71,
2026-03-07,08:45,LIGHT,69,
2026-03-07,08:46,LIGHT,66,
2026-03-07,08:47,LIGHT,65,
2026-03-07,08:48,LIGHT,63,
2026-03-07,08:49,LIGHT,64,
2026-03-07,08:50,LIGHT,65,
2026-03-07,08:51,LIGHT,67,
2026-03-07,08:52,LIGHT,67,
2026-03-07,08:53,LIGHT,67,
2026-03-07,08:54,LIGHT,71,
2026-03-07,08:55,REM,71,
2026-03-07,08:56,REM,75,
2026-03-07,08:57,REM,72,
2026-03-07,08:58,REM,72,
2026-03-07,08:59,REM,74,
2026-03-07,09:00,REM,81,
2026-03-07,09:01,REM,73,
2026-03-07,09:02,REM,67,
2026-03-07,09:03,REM,64,
2026-03-07,09:04,REM,63,
2026-03-07,09:05,REM,64,
2026-03-07,09:06,REM,62,
2026-03-07,09:07,REM,64,
2026-03-07,09:08,REM,61,
2026-03-07,09:09,REM,60,
2026-03-07,09:10,REM,60,
2026-03-07,09:11,REM,61,
2026-03-07,09:12,REM,61,
2026-03-07,09:13,REM,61,
2026-03-07,09:14,REM,61,
2026-03-07,09:15,REM,61,
2026-03-07,09:16,REM,61,
2026-03-07,09:17,REM,61,
2026-03-07,09:18,REM,59,
2026-03-07,09:19,REM,60,
2026-03-07,09:20,REM,60,
2026-03-07,09:21,REM,60,
2026-03-07,09:22,REM,62,
2026-03-07,09:23,REM,58,
2026-03-07,09:24,REM,59,
2026-03-07,09:25,REM,59,
2026-03-07,09:26,REM,59,
2026-03-07,09:27,LIGHT,57,
2026-03-07,09:28,LIGHT,62,
2026-03-07,09:29,LIGHT,65,
2026-03-07,09:30,LIGHT,70,
2026-03-07,09:31,LIGHT,60,
2026-03-07,09:32,LIGHT,77,
2026-03-07,09:33,LIGHT,82,
2026-03-07,09:34,LIGHT,80,
2026-03-07,09:35,LIGHT,82,
2026-03-07,09:36,LIGHT,80,
2026-03-07,09:37,LIGHT,82,
2026-03-07,09:38,LIGHT,86,
2026-03-07,09:39,LIGHT,89,
2026-03-07,09:40,LIGHT,85,
2026-03-07,09:41,LIGHT,89,
2026-03-07,09:42,LIGHT,89,
2026-03-07,09:43,LIGHT,92,
2026-03-07,09:44,LIGHT,92,
2026-03-07,09:45,LIGHT,91,
2026-03-07,09:46,LIGHT,91,
2026-03-07,09:47,LIGHT,87,
2026-03-07,09:48,LIGHT,87,
2026-03-07,09:49,LIGHT,81,
2026-03-07,09:50,LIGHT,78,
2026-03-07,09:51,LIGHT,78,
2026-03-07,09:52,LIGHT,80,
2026-03-07,09:53,LIGHT,77,
2026-03-07,09:54,LIGHT,77,
2026-03-08,01:41,LIGHT,76,
2026-03-08,01:42,LIGHT,76,
2026-03-08,01:43,LIGHT,75,
2026-03-08,01:44,LIGHT,74,
2026-03-08,01:45,LIGHT,74,
2026-03-08,01:46,LIGHT,74,
2026-03-08,01:47,LIGHT,80,
2026-03-08,01:48,DEEP,71,
2026-03-08,01:49,DEEP,76,
2026-03-08,01:50,DEEP,75,
2026-03-08,01:51,DEEP,69,
2026-03-08,01:52,DEEP,65,
2026-03-08,01:53,DEEP,66,
2026-03-08,01:54,DEEP,68,
2026-03-08,01:55,DEEP,68,
2026-03-08,01:56,DEEP,70,
2026-03-08,01:57,DEEP,71,
2026-03-08,01:58,DEEP,71,
2026-03-08,01:59,DEEP,71,
2026-03-08,02:00,DEEP,71,
2026-03-08,02:01,DEEP,71,
2026-03-08,02:02,DEEP,71,
2026-03-08,02:03,DEEP,71,
2026-03-08,02:04,DEEP,71,
2026-03-08,02:05,DEEP,71,
2026-03-08,02:06,DEEP,71,
2026-03-08,02:07,DEEP,76,
2026-03-08,02:08,DEEP,75,
2026-03-08,02:09,DEEP,66,
2026-03-08,02:10,DEEP,63,
2026-03-08,02:11,DEEP,77,
2026-03-08,02:12,DEEP,68,
2026-03-08,02:13,DEEP,62,
2026-03-08,02:14,DEEP,62,
2026-03-08,02:15,DEEP,64,
2026-03-08,02:16,DEEP,66,
2026-03-08,02:17,DEEP,67,
2026-03-08,02:18,DEEP,68,
2026-03-08,02:19,DEEP,71,
2026-03-08,02:20,DEEP,77,
2026-03-08,02:21,LIGHT,69,
2026-03-08,02:22,LIGHT,76,
2026-03-08,02:23,LIGHT,68,
2026-03-08,02:24,LIGHT,62,
2026-03-08,02:25,LIGHT,62,
2026-03-08,02:26,LIGHT,64,
2026-03-08,02:27,LIGHT,66,
2026-03-08,02:28,LIGHT,66,
2026-03-08,02:29,LIGHT,66,
2026-03-08,02:30,LIGHT,63,
2026-03-08,02:31,LIGHT,66,
2026-03-08,02:32,LIGHT,68,
2026-03-08,02:33,LIGHT,68,
2026-03-08,02:34,LIGHT,65,
2026-03-08,02:35,LIGHT,68,
2026-03-08,02:36,LIGHT,62,
2026-03-08,02:37,LIGHT,68,
2026-03-08,02:38,LIGHT,67,
2026-03-08,02:39,LIGHT,74,
2026-03-08,02:40,LIGHT,65,
2026-03-08,02:41,LIGHT,66,
2026-03-08,02:42,LIGHT,64,
2026-03-08,02:43,LIGHT,66,
2026-03-08,02:44,LIGHT,60,
2026-03-08,02:45,LIGHT,61,
2026-03-08,02:46,LIGHT,62,
2026-03-08,02:47,LIGHT,64,
2026-03-08,02:48,LIGHT,63,
2026-03-08,02:49,LIGHT,60,
2026-03-08,02:50,DEEP,72,
2026-03-08,02:51,DEEP,67,
2026-03-08,02:52,DEEP,67,
2026-03-08,02:53,LIGHT,64,
2026-03-08,02:54,LIGHT,63,
2026-03-08,02:55,LIGHT,62,
2026-03-08,02:56,LIGHT,59,
2026-03-08,02:57,LIGHT,61,
2026-03-08,02:58,LIGHT,61,
2026-03-08,02:59,LIGHT,66,
2026-03-08,03:00,LIGHT,71,
2026-03-08,03:01,LIGHT,69,
2026-03-08,03:02,LIGHT,69,
2026-03-08,03:03,LIGHT,70,
2026-03-08,03:04,LIGHT,67,
2026-03-08,03:05,LIGHT,60,
2026-03-08,03:06,LIGHT,61,
2026-03-08,03:07,LIGHT,68,
2026-03-08,03:08,REM,68,
2026-03-08,03:09,REM,72,
2026-03-08,03:10,REM,69,
2026-03-08,03:11,REM,69,
2026-03-08,03:12,REM,73,
2026-03-08,03:13,REM,66,
2026-03-08,03:14,REM,69,
2026-03-08,03:15,REM,68,
2026-03-08,03:16,REM,72,
2026-03-08,03:17,REM,67,
2026-03-08,03:18,REM,62,
2026-03-08,03:19,REM,62,
2026-03-08,03:20,REM,62,
2026-03-08,03:21,REM,64,
2026-03-08,03:22,REM,61,
2026-03-08,03:23,LIGHT,61,
2026-03-08,03:24,LIGHT,61,
2026-03-08,03:25,LIGHT,61,
2026-03-08,03:26,LIGHT,61,
2026-03-08,03:27,LIGHT,61,
2026-03-08,03:28,LIGHT,61,
2026-03-08,03:29,LIGHT,63,
2026-03-08,03:30,LIGHT,67,
2026-03-08,03:31,LIGHT,59,
2026-03-08,03:32,LIGHT,59,
2026-03-08,03:33,LIGHT,59,
2026-03-08,03:34,LIGHT,59,
2026-03-08,03:35,DEEP,60,
2026-03-08,03:36,DEEP,64,
2026-03-08,03:37,DEEP,62,
2026-03-08,03:38,DEEP,58,
2026-03-08,03:39,DEEP,58,
2026-03-08,03:40,LIGHT,59,
2026-03-08,03:41,LIGHT,59,
2026-03-08,03:42,LIGHT,60,
2026-03-08,03:43,LIGHT,60,
2026-03-08,03:44,LIGHT,60,
2026-03-08,03:45,LIGHT,61,
2026-03-08,03:46,LIGHT,61,
2026-03-08,03:47,LIGHT,61,
2026-03-08,03:48,LIGHT,61,
2026-03-08,03:49,LIGHT,63,
2026-03-08,03:50,DEEP,64,
2026-03-08,03:51,DEEP,62,
2026-03-08,03:52,DEEP,62,
2026-03-08,03:53,DEEP,63,
2026-03-08,03:54,DEEP,62,
2026-03-08,03:55,DEEP,62,
2026-03-08,03:56,DEEP,64,
2026-03-08,03:57,DEEP,63,
2026-03-08,03:58,DEEP,64,
2026-03-08,03:59,DEEP,63,
2026-03-08,04:00,DEEP,65,
2026-03-08,04:01,DEEP,65,
2026-03-08,04:02,DEEP,63,
2026-03-08,04:03,DEEP,63,
2026-03-08,04:04,DEEP,62,
2026-03-08,04:05,DEEP,64,
2026-03-08,04:06,DEEP,64,
2026-03-08,04:07,DEEP,63,
2026-03-08,04:08,DEEP,62,
2026-03-08,04:09,DEEP,63,
2026-03-08,04:10,DEEP,63,
2026-03-08,04:11,DEEP,63,
2026-03-08,04:12,DEEP,62,
2026-03-08,04:13,DEEP,62,
2026-03-08,04:14,LIGHT,63,
2026-03-08,04:15,LIGHT,63,
2026-03-08,04:16,LIGHT,62,
2026-03-08,04:17,LIGHT,61,
2026-03-08,04:18,LIGHT,61,
2026-03-08,04:19,LIGHT,62,
2026-03-08,04:20,REM,63,
2026-03-08,04:21,REM,61,
2026-03-08,04:22,REM,61,
2026-03-08,04:23,REM,61,
2026-03-08,04:24,REM,61,
2026-03-08,04:25,REM,62,
2026-03-08,04:26,REM,68,
2026-03-08,04:27,REM,73,
2026-03-08,04:28,REM,73,
2026-03-08,04:29,REM,66,
2026-03-08,04:30,REM,67,
2026-03-08,04:31,REM,63,
2026-03-08,04:32,REM,65,
2026-03-08,04:33,REM,63,
2026-03-08,04:34,REM,57,
2026-03-08,04:35,REM,55,
2026-03-08,04:36,REM,54,
2026-03-08,04:37,REM,55,
2026-03-08,04:38,LIGHT,55,
2026-03-08,04:39,LIGHT,55,
2026-03-08,04:40,LIGHT,57,
2026-03-08,04:41,WAKE,57,
2026-03-08,04:42,WAKE,57,
2026-03-08,04:43,WAKE,59,
2026-03-08,04:44,LIGHT,61,
2026-03-08,04:45,LIGHT,56,
2026-03-08,04:46,LIGHT,57,
2026-03-08,04:47,LIGHT,59,
2026-03-08,04:48,LIGHT,59,
2026-03-08,04:49,LIGHT,57,
2026-03-08,04:50,LIGHT,58,
2026-03-08,04:51,LIGHT,58,
2026-03-08,04:52,LIGHT,57,
2026-03-08,04:53,LIGHT,66,
2026-03-08,04:54,LIGHT,66,
2026-03-08,04:55,LIGHT,66,
2026-03-08,04:56,LIGHT,65,
2026-03-08,04:57,LIGHT,65,
2026-03-08,04:58,LIGHT,73,
2026-03-08,04:59,LIGHT,66,
2026-03-08,05:00,LIGHT,63,
2026-03-08,05:01,LIGHT,61,
2026-03-08,05:02,LIGHT,62,
2026-03-08,05:03,LIGHT,66,
2026-03-08,05:04,LIGHT,60,
2026-03-08,05:05,LIGHT,60,
2026-03-08,05:06,LIGHT,60,
2026-03-08,05:07,LIGHT,61,
2026-03-08,05:08,LIGHT,61,
2026-03-08,05:09,LIGHT,61,
2026-03-08,05:10,LIGHT,61,
2026-03-08,05:11,LIGHT,66,
2026-03-08,05:12,LIGHT,68,
2026-03-08,05:13,LIGHT,60,
2026-03-08,05:14,LIGHT,60,
2026-03-08,05:15,LIGHT,62,
2026-03-08,05:16,LIGHT,62,
2026-03-08,05:17,LIGHT,62,
2026-03-08,05:18,LIGHT,62,
2026-03-08,05:19,LIGHT,62,
2026-03-08,05:20,LIGHT,64,
2026-03-08,05:21,LIGHT,60,
2026-03-08,05:22,LIGHT,61,
2026-03-08,05:23,LIGHT,61,
2026-03-08,05:24,LIGHT,62,
2026-03-08,05:25,LIGHT,62,
2026-03-08,05:26,DEEP,62,
2026-03-08,05:27,DEEP,62,
2026-03-08,05:28,DEEP,62,
2026-03-08,05:29,DEEP,62,
2026-03-08,05:30,DEEP,62,
2026-03-08,05:31,DEEP,61,
2026-03-08,05:32,DEEP,63,
2026-03-08,05:33,LIGHT,63,
2026-03-08,05:34,LIGHT,63,
2026-03-08,05:35,LIGHT,63,
2026-03-08,05:36,LIGHT,63,
2026-03-08,05:37,LIGHT,63,
2026-03-08,05:38,LIGHT,63,
2026-03-08,05:39,LIGHT,63,
2026-03-08,05:40,LIGHT,67,
2026-03-08,05:41,LIGHT,61,
2026-03-08,05:42,REM,61,
2026-03-08,05:43,REM,62,
2026-03-08,05:44,REM,62,
2026-03-08,05:45,REM,69,
2026-03-08,05:46,REM,59,
2026-03-08,05:47,REM,58,
2026-03-08,05:48,REM,59,
2026-03-08,05:49,REM,59,
2026-03-08,05:50,REM,59,
2026-03-08,05:51,REM,61,
2026-03-08,05:52,REM,61,
2026-03-08,05:53,REM,61,
2026-03-08,05:54,REM,61,
2026-03-08,05:55,REM,61,
2026-03-08,05:56,REM,61,
2026-03-08,05:57,REM,70,
2026-03-08,05:58,REM,64,
2026-03-08,05:59,REM,65,
2026-03-08,06:00,REM,62,
2026-03-08,06:01,REM,60,
2026-03-08,06:02,REM,60,
2026-03-08,06:03,REM,60,
2026-03-08,06:04,REM,62,
2026-03-08,06:05,REM,61,
2026-03-08,06:06,REM,61,
2026-03-08,06:07,REM,58,
2026-03-08,06:08,LIGHT,58,
2026-03-08,06:09,LIGHT,63,
2026-03-08,06:10,LIGHT,73,
2026-03-08,06:11,LIGHT,75,
2026-03-08,06:12,LIGHT,70,
2026-03-08,06:13,LIGHT,64,
2026-03-08,06:14,LIGHT,67,
2026-03-08,06:15,LIGHT,58,
2026-03-08,06:16,LIGHT,55,
2026-03-08,06:17,LIGHT,55,
2026-03-08,06:18,LIGHT,57,
2026-03-08,06:19,LIGHT,57,
2026-03-08,06:20,LIGHT,57,
2026-03-08,06:21,LIGHT,72,
2026-03-08,06:22,LIGHT,75,
2026-03-08,06:23,LIGHT,70,
2026-03-08,06:24,LIGHT,67,
2026-03-08,06:25,LIGHT,81,
2026-03-08,06:26,LIGHT,86,
2026-03-08,06:27,LIGHT,80,
2026-03-08,06:28,LIGHT,72,
2026-03-08,06:29,LIGHT,72,
2026-03-08,06:30,LIGHT,76,
2026-03-08,06:31,LIGHT,68,
2026-03-08,06:32,LIGHT,70,
2026-03-08,06:33,LIGHT,67,
2026-03-08,06:34,LIGHT,67,
2026-03-08,06:35,LIGHT,70,
2026-03-08,06:36,LIGHT,68,
2026-03-08,06:37,LIGHT,68,
2026-03-08,06:38,LIGHT,63,
2026-03-08,06:39,LIGHT,65,
2026-03-08,06:40,LIGHT,72,
2026-03-08,06:41,LIGHT,70,
2026-03-08,06:42,LIGHT,70,
2026-03-08,06:43,LIGHT,74,
2026-03-08,06:44,LIGHT,71,
2026-03-08,06:45,LIGHT,73,
2026-03-08,06:46,LIGHT,85,
2026-03-08,06:47,LIGHT,83,
2026-03-08,06:48,LIGHT,80,
2026-03-08,06:49,LIGHT,80,
2026-03-08,06:50,LIGHT,80,
2026-03-08,06:51,LIGHT,85,
2026-03-08,06:52,LIGHT,90,
2026-03-08,06:53,LIGHT,90,
2026-03-08,06:54,LIGHT,90,
2026-03-08,06:55,LIGHT,90,
2026-03-08,06:56,LIGHT,86,
2026-03-08,06:57,LIGHT,80,
2026-03-08,06:58,LIGHT,78,
2026-03-08,06:59,LIGHT,88,
2026-03-08,07:00,LIGHT,88,
2026-03-08,07:01,LIGHT,84,
2026-03-08,07:02,LIGHT,81,
2026-03-08,07:03,WAKE,78,
2026-03-08,07:04,LIGHT,79,
2026-03-08,07:05,LIGHT,78,
2026-03-08,07:06,LIGHT,79,
2026-03-08,07:07,LIGHT,81,
2026-03-08,07:08,LIGHT,80,
2026-03-08,07:09,REM,80,
2026-03-08,07:10,REM,81,
2026-03-08,07:11,REM,82,
2026-03-08,07:12,REM,83,
2026-03-08,07:13,REM,81,
2026-03-08,07:14,REM,81,
2026-03-08,07:15,REM,81,
2026-03-08,07:16,REM,79,
2026-03-08,07:17,REM,86,
2026-03-08,07:18,REM,87,
2026-03-08,07:19,REM,85,
2026-03-08,07:20,REM,88,
2026-03-08,07:21,REM,89,
2026-03-08,07:22,REM,89,
2026-03-08,07:23,REM,86,
2026-03-08,07:24,REM,86,
2026-03-08,07:25,REM,89,
2026-03-08,07:26,REM,87,
2026-03-08,07:27,REM,90,
2026-03-08,07:28,REM,87,
2026-03-08,07:29,REM,92,
2026-03-08,07:30,REM,84,
2026-03-08,07:31,REM,86,
2026-03-08,07:32,REM,85,
2026-03-08,07:33,REM,82,
2026-03-08,07:34,REM,82,
2026-03-08,07:35,REM,82,
2026-03-08,07:36,REM,81,
2026-03-08,07:37,REM,81,
2026-03-08,07:38,REM,81,
2026-03-08,07:39,REM,83,
2026-03-08,07:40,REM,90,
2026-03-08,07:41,REM,91,
2026-03-08,07:42,REM,91,
2026-03-08,07:43,REM,90,
2026-03-08,07:44,LIGHT,94,
2026-03-08,07:45,LIGHT,103,
2026-03-08,07:46,LIGHT,105,
2026-03-08,07:47,LIGHT,99,
2026-03-08,07:48,LIGHT,102,
2026-03-08,07:49,LIGHT,107,
2026-03-08,07:50,LIGHT,107,
2026-03-08,07:51,LIGHT,94,
2026-03-08,07:52,LIGHT,86,
2026-03-08,07:53,LIGHT,93,
2026-03-08,07:54,LIGHT,89,
2026-03-08,07:55,LIGHT,89,
2026-03-08,07:56,LIGHT,88,
2026-03-08,07:57,LIGHT,89,
2026-03-08,07:58,LIGHT,89,
2026-03-08,07:59,LIGHT,94,
2026-03-08,08:00,LIGHT,98,
2026-03-08,08:01,LIGHT,96,
2026-03-08,08:02,LIGHT,93,
2026-03-08,08:03,LIGHT,97,
2026-03-08,08:04,LIGHT,110,
2026-03-08,08:05,LIGHT,112,
2026-03-08,08:06,LIGHT,108,
2026-03-08,08:07,LIGHT,109,
2026-03-08,08:08,LIGHT,104,
2026-03-08,08:09,LIGHT,98,
2026-03-08,08:10,LIGHT,96,
2026-03-08,08:11,LIGHT,96,
2026-03-08,08:12,LIGHT,101,
2026-03-08,08:13,LIGHT,100,
2026-03-08,08:14,LIGHT,94,
2026-03-08,08:15,LIGHT,95,
2026-03-08,08:16,LIGHT,92,
2026-03-08,08:17,LIGHT,91,
2026-03-08,08:18,LIGHT,95,
2026-03-08,08:19,LIGHT,94,
2026-03-08,08:20,LIGHT,90,
2026-03-08,08:21,LIGHT,90,
2026-03-08,08:22,LIGHT,88,
2026-03-08,08:23,LIGHT,90,
2026-03-08,08:24,LIGHT,87,
2026-03-08,08:25,LIGHT,84,
2026-03-08,08:26,DEEP,85,
2026-03-08,08:27,DEEP,88,
2026-03-08,08:28,DEEP,93,
2026-03-08,08:29,DEEP,88,
2026-03-08,08:30,DEEP,88,
2026-03-08,08:31,LIGHT,89,
2026-03-08,08:32,LIGHT,87,
2026-03-08,08:33,LIGHT,84,
2026-03-08,08:34,REM,84,
2026-03-08,08:35,REM,86,
2026-03-08,08:36,REM,87,
2026-03-08,08:37,REM,88,
2026-03-08,08:38,REM,86,
2026-03-08,08:39,REM,81,
2026-03-08,08:40,REM,80,
2026-03-08,08:41,REM,82,
2026-03-08,08:42,LIGHT,81,
2026-03-08,08:43,LIGHT,83,
2026-03-08,08:44,LIGHT,82,
2026-03-08,08:45,LIGHT,83,
2026-03-08,08:46,LIGHT,86,
2026-03-08,08:47,LIGHT,86,
2026-03-08,08:48,LIGHT,86,
2026-03-08,08:49,LIGHT,85,
2026-03-08,08:50,LIGHT,86,
2026-03-08,08:51,LIGHT,88,
2026-03-08,08:52,LIGHT,85,
2026-03-08,08:53,LIGHT,90,
2026-03-08,08:54,LIGHT,89,
2026-03-08,08:55,LIGHT,83,
2026-03-08,08:56,LIGHT,83,
2026-03-08,08:57,LIGHT,83,
2026-03-08,08:58,LIGHT,83,
2026-03-08,08:59,LIGHT,85,
2026-03-08,09:00,LIGHT,97,
2026-03-08,09:01,WAKE,95,
2026-03-08,09:02,LIGHT,91,
2026-03-08,09:03,LIGHT,86,
2026-03-08,09:04,LIGHT,83,
2026-03-08,09:05,LIGHT,86,
2026-03-08,09:06,LIGHT,88,
2026-03-08,09:07,LIGHT,87,
2026-03-08,09:08,LIGHT,88,
2026-03-08,09:09,LIGHT,86,
2026-03-08,09:10,LIGHT,86,
2026-03-08,09:11,LIGHT,89,
2026-03-08,09:12,LIGHT,92,
2026-03-08,09:13,LIGHT,92,
2026-03-08,09:14,LIGHT,91,
2026-03-08,09:15,LIGHT,91,
2026-03-08,09:16,LIGHT,93,
2026-03-08,09:17,LIGHT,90,
2026-03-08,09:18,LIGHT,92,
2026-03-08,09:19,LIGHT,92,
2026-03-08,09:20,LIGHT,92,
2026-03-08,09:21,REM,93,
2026-03-08,09:22,REM,93,
2026-03-08,09:23,REM,98,
2026-03-08,09:24,REM,105,
2026-03-08,09:25,REM,107,
2026-03-08,09:26,LIGHT,112,
2026-03-08,09:27,LIGHT,100,
2026-03-08,09:28,LIGHT,102,
2026-03-08,09:29,LIGHT,91,
2026-03-08,09:30,LIGHT,92,
2026-03-09,01:24,LIGHT,67,
2026-03-09,01:25,LIGHT,67,
2026-03-09,01:26,LIGHT,69,
2026-03-09,01:27,LIGHT,69,
2026-03-09,01:28,LIGHT,69,
2026-03-09,01:29,LIGHT,69,
2026-03-09,01:30,LIGHT,69,
2026-03-09,01:31,LIGHT,70,
2026-03-09,01:32,LIGHT,70,
2026-03-09,01:33,LIGHT,70,
2026-03-09,01:34,LIGHT,70,
2026-03-09,01:35,LIGHT,70,
2026-03-09,01:36,LIGHT,70,
2026-03-09,01:37,LIGHT,70,
2026-03-09,01:38,DEEP,72,
2026-03-09,01:39,DEEP,72,
2026-03-09,01:40,DEEP,72,
2026-03-09,01:41,DEEP,70,
2026-03-09,01:42,DEEP,69,
2026-03-09,01:43,DEEP,71,
2026-03-09,01:44,DEEP,71,
2026-03-09,01:45,DEEP,71,
2026-03-09,01:46,DEEP,71,
2026-03-09,01:47,DEEP,71,
2026-03-09,01:48,DEEP,71,
2026-03-09,01:49,DEEP,71,
2026-03-09,01:50,DEEP,71,
2026-03-09,01:51,DEEP,73,
2026-03-09,01:52,DEEP,70,
2026-03-09,01:53,DEEP,68,
2026-03-09,01:54,DEEP,69,
2026-03-09,01:55,DEEP,69,
2026-03-09,01:56,DEEP,69,
2026-03-09,01:57,DEEP,70,
2026-03-09,01:58,DEEP,72,
2026-03-09,01:59,LIGHT,76,
2026-03-09,02:00,LIGHT,76,
2026-03-09,02:01,LIGHT,76,
2026-03-09,02:02,LIGHT,81,
2026-03-09,02:03,LIGHT,76,
2026-03-09,02:04,LIGHT,73,
2026-03-09,02:05,LIGHT,68,
2026-03-09,02:06,LIGHT,69,
2026-03-09,02:07,LIGHT,71,
2026-03-09,02:08,LIGHT,71,
2026-03-09,02:09,LIGHT,72,
2026-03-09,02:10,LIGHT,71,
2026-03-09,02:11,LIGHT,73,
2026-03-09,02:12,REM,75,
2026-03-09,02:13,REM,75,
2026-03-09,02:14,REM,74,
2026-03-09,02:15,REM,74,
2026-03-09,02:16,REM,72,
2026-03-09,02:17,REM,73,
2026-03-09,02:18,REM,73,
2026-03-09,02:19,REM,73,
2026-03-09,02:20,REM,73,
2026-03-09,02:21,REM,73,
2026-03-09,02:22,LIGHT,74,
2026-03-09,02:23,LIGHT,74,
2026-03-09,02:24,LIGHT,74,
2026-03-09,02:25,WAKE,79,
2026-03-09,02:26,LIGHT,74,
2026-03-09,02:27,LIGHT,73,
2026-03-09,02:28,LIGHT,75,
2026-03-09,02:29,LIGHT,78,
2026-03-09,02:30,LIGHT,74,
2026-03-09,02:31,LIGHT,74,
2026-03-09,02:32,LIGHT,79,
2026-03-09,02:33,LIGHT,71,
2026-03-09,02:34,LIGHT,71,
2026-03-09,02:35,LIGHT,71,
2026-03-09,02:36,LIGHT,72,
2026-03-09,02:37,LIGHT,73,
2026-03-09,02:38,LIGHT,73,
2026-03-09,02:39,LIGHT,73,
2026-03-09,02:40,LIGHT,74,
2026-03-09,02:41,LIGHT,74,
2026-03-09,02:42,LIGHT,74,
2026-03-09,02:43,LIGHT,74,
2026-03-09,02:44,LIGHT,74,
2026-03-09,02:45,LIGHT,74,
2026-03-09,02:46,LIGHT,73,
2026-03-09,02:47,LIGHT,73,
2026-03-09,02:48,LIGHT,73,
2026-03-09,02:49,LIGHT,73,
2026-03-09,02:50,LIGHT,73,
2026-03-09,02:51,LIGHT,72,
2026-03-09,02:52,LIGHT,72,
2026-03-09,02:53,LIGHT,72,
2026-03-09,02:54,LIGHT,72,
2026-03-09,02:55,LIGHT,72,
2026-03-09,02:56,LIGHT,72,
2026-03-09,02:57,LIGHT,72,
2026-03-09,02:58,LIGHT,72,
2026-03-09,02:59,LIGHT,72,
2026-03-09,03:00,LIGHT,72,
2026-03-09,03:01,LIGHT,72,
2026-03-09,03:02,LIGHT,72,
2026-03-09,03:03,DEEP,72,
2026-03-09,03:04,DEEP,72,
2026-03-09,03:05,DEEP,77,
2026-03-09,03:06,DEEP,72,
2026-03-09,03:07,DEEP,72,
2026-03-09,03:08,LIGHT,76,
2026-03-09,03:09,LIGHT,68,
2026-03-09,03:10,LIGHT,68,
2026-03-09,03:11,LIGHT,75,
2026-03-09,03:12,LIGHT,69,
2026-03-09,03:13,LIGHT,69,
2026-03-09,03:14,LIGHT,69,
2026-03-09,03:15,LIGHT,72,
2026-03-09,03:16,LIGHT,68,
2026-03-09,03:17,LIGHT,68,
2026-03-09,03:18,LIGHT,70,
2026-03-09,03:19,LIGHT,72,
2026-03-09,03:20,LIGHT,72,
2026-03-09,03:21,LIGHT,74,
2026-03-09,03:22,LIGHT,69,
2026-03-09,03:23,LIGHT,74,
2026-03-09,03:24,LIGHT,76,
2026-03-09,03:25,LIGHT,80,
2026-03-09,03:26,LIGHT,75,
2026-03-09,03:27,LIGHT,70,
2026-03-09,03:28,LIGHT,69,
2026-03-09,03:29,REM,70,
2026-03-09,03:30,REM,73,
2026-03-09,03:31,REM,73,
2026-03-09,03:32,REM,71,
2026-03-09,03:33,REM,71,
2026-03-09,03:34,REM,63,
2026-03-09,03:35,REM,68,
2026-03-09,03:36,REM,72,
2026-03-09,03:37,REM,70,
2026-03-09,03:38,REM,70,
2026-03-09,03:39,REM,81,
2026-03-09,03:40,REM,72,
2026-03-09,03:41,REM,67,
2026-03-09,03:42,REM,66,
2026-03-09,03:43,REM,63,
2026-03-09,03:44,REM,63,
2026-03-09,03:45,REM,68,
2026-03-09,03:46,REM,72,
2026-03-09,03:47,REM,72,
2026-03-09,03:48,REM,69,
2026-03-09,03:49,REM,62,
2026-03-09,03:50,REM,73,
2026-03-09,03:51,REM,78,
2026-03-09,03:52,REM,73,
2026-03-09,03:53,REM,73,
2026-03-09,03:54,REM,73,
2026-03-09,03:55,REM,73,
2026-03-09,03:56,REM,72,
2026-03-09,03:57,REM,72,
2026-03-09,03:58,REM,72,
2026-03-09,03:59,REM,73,
2026-03-09,04:00,REM,74,
2026-03-09,04:01,REM,74,
2026-03-09,04:02,REM,74,
2026-03-09,04:03,REM,74,
2026-03-09,04:04,REM,75,
2026-03-09,04:05,REM,75,
2026-03-09,04:06,REM,75,
2026-03-09,04:07,REM,75,
2026-03-09,04:08,REM,75,
2026-03-09,04:09,REM,75,
2026-03-09,04:10,REM,76,
2026-03-09,04:11,REM,76,
2026-03-09,04:12,REM,74,
2026-03-09,04:13,REM,74,
2026-03-09,04:14,REM,74,
2026-03-09,04:15,REM,74,
2026-03-09,04:16,REM,74,
2026-03-09,04:17,REM,74,
2026-03-09,04:18,REM,74,
2026-03-09,04:19,LIGHT,73,
2026-03-09,04:20,LIGHT,78,
2026-03-09,04:21,LIGHT,65,
2026-03-09,04:22,LIGHT,65,
2026-03-09,04:23,LIGHT,66,
2026-03-09,04:24,LIGHT,66,
2026-03-09,04:25,LIGHT,68,
2026-03-09,04:26,LIGHT,65,
2026-03-09,04:27,LIGHT,66,
2026-03-09,04:28,LIGHT,67,
2026-03-09,04:29,LIGHT,67,
2026-03-09,04:30,LIGHT,67,
2026-03-09,04:31,LIGHT,67,
2026-03-09,04:32,LIGHT,67,
2026-03-09,04:33,LIGHT,68,
2026-03-09,04:34,LIGHT,68,
2026-03-09,04:35,LIGHT,68,
2026-03-09,04:36,LIGHT,68,
2026-03-09,04:37,LIGHT,68,
2026-03-09,04:38,LIGHT,68,
2026-03-09,04:39,LIGHT,68,
2026-03-09,04:40,LIGHT,68,
2026-03-09,04:41,LIGHT,68,
2026-03-09,04:42,LIGHT,68,
2026-03-09,04:43,LIGHT,68,
2026-03-09,04:44,LIGHT,68,
2026-03-09,04:45,LIGHT,68,
2026-03-09,04:46,LIGHT,68,
2026-03-09,04:47,LIGHT,68,
2026-03-09,04:48,LIGHT,68,
2026-03-09,04:49,DEEP,68,
2026-03-09,04:50,DEEP,68,
2026-03-09,04:51,DEEP,68,
2026-03-09,04:52,DEEP,68,
2026-03-09,04:53,DEEP,67,
2026-03-09,04:54,DEEP,67,
2026-03-09,04:55,DEEP,67,
2026-03-09,04:56,DEEP,67,
2026-03-09,04:57,DEEP,66,
2026-03-09,04:58,DEEP,67,
2026-03-09,04:59,DEEP,66,
2026-03-09,05:00,DEEP,66,
2026-03-09,05:01,DEEP,66,
2026-03-09,05:02,DEEP,66,
2026-03-09,05:03,DEEP,66,
2026-03-09,05:04,DEEP,66,
2026-03-09,05:05,DEEP,66,
2026-03-09,05:06,DEEP,66,
2026-03-09,05:07,DEEP,67,
2026-03-09,05:08,DEEP,66,
2026-03-09,05:09,DEEP,66,
2026-03-09,05:10,DEEP,65,
2026-03-09,05:11,DEEP,66,
2026-03-09,05:12,DEEP,66,
2026-03-09,05:13,DEEP,66,
2026-03-09,05:14,DEEP,66,
2026-03-09,05:15,DEEP,64,
2026-03-09,05:16,DEEP,69,
2026-03-09,05:17,DEEP,71,
2026-03-09,05:18,DEEP,68,
2026-03-09,05:19,DEEP,62,
2026-03-09,05:20,DEEP,62,
2026-03-09,05:21,DEEP,62,
2026-03-09,05:22,DEEP,60,
2026-03-09,05:23,DEEP,65,
2026-03-09,05:24,DEEP,75,
2026-03-09,05:25,DEEP,72,
2026-03-09,05:26,DEEP,62,
2026-03-09,05:27,DEEP,64,
2026-03-09,05:28,LIGHT,59,
2026-03-09,05:29,LIGHT,60,
2026-03-09,05:30,LIGHT,69,
2026-03-09,05:31,LIGHT,68,
2026-03-09,05:32,LIGHT,66,
2026-03-09,05:33,LIGHT,66,
2026-03-09,05:34,LIGHT,63,
2026-03-09,05:35,LIGHT,68,
2026-03-09,05:36,LIGHT,61,
2026-03-09,05:37,LIGHT,58,
2026-03-09,05:38,LIGHT,61,
2026-03-09,05:39,REM,64,
2026-03-09,05:40,REM,64,
2026-03-09,05:41,REM,66,
2026-03-09,05:42,REM,72,
2026-03-09,05:43,REM,70,
2026-03-09,05:44,REM,64,
2026-03-09,05:45,REM,63,
2026-03-09,05:46,REM,64,
2026-03-09,05:47,REM,66,
2026-03-09,05:48,REM,66,
2026-03-09,05:49,REM,66,
2026-03-09,05:50,REM,69,
2026-03-09,05:51,REM,63,
2026-03-09,05:52,REM,63,
2026-03-09,05:53,REM,69,
2026-03-09,05:54,REM,61,
2026-03-09,05:55,REM,60,
2026-03-09,05:56,REM,60,
2026-03-09,05:57,REM,62,
2026-03-09,05:58,REM,68,
2026-03-09,05:59,REM,65,
2026-03-09,06:00,REM,59,
2026-03-09,06:01,REM,58,
2026-03-09,06:02,REM,58,
2026-03-09,06:03,REM,58,
2026-03-09,06:04,LIGHT,58,
2026-03-09,06:05,LIGHT,60,
2026-03-09,06:06,LIGHT,61,
2026-03-09,06:07,LIGHT,62,
2026-03-09,06:08,LIGHT,62,
2026-03-09,06:09,LIGHT,62,
2026-03-09,06:10,LIGHT,63,
2026-03-09,06:11,LIGHT,63,
2026-03-09,06:12,LIGHT,63,
2026-03-09,06:13,LIGHT,63,
2026-03-09,06:14,LIGHT,63,
2026-03-09,06:15,LIGHT,63,
2026-03-09,06:16,LIGHT,63,
2026-03-09,06:17,LIGHT,63,
2026-03-09,06:18,LIGHT,65,
2026-03-09,06:19,LIGHT,64,
2026-03-09,06:20,LIGHT,64,
2026-03-09,06:21,LIGHT,64,
2026-03-09,06:22,LIGHT,64,
2026-03-09,06:23,LIGHT,64,
2026-03-09,06:24,LIGHT,64,
2026-03-09,06:25,LIGHT,64,
2026-03-09,06:26,LIGHT,64,
2026-03-10,01:02,LIGHT,77,
2026-03-10,01:03,LIGHT,77,
2026-03-10,01:04,LIGHT,77,
2026-03-10,01:05,LIGHT,77,
2026-03-10,01:06,LIGHT,77,
2026-03-10,01:07,LIGHT,78,
2026-03-10,01:08,LIGHT,77,
2026-03-10,01:09,LIGHT,78,
2026-03-10,01:10,LIGHT,77,
2026-03-10,01:11,DEEP,78,
2026-03-10,01:12,DEEP,78,
2026-03-10,01:13,DEEP,78,
2026-03-10,01:14,DEEP,80,
2026-03-10,01:15,DEEP,77,
2026-03-10,01:16,DEEP,71,
2026-03-10,01:17,DEEP,71,
2026-03-10,01:18,DEEP,71,
2026-03-10,01:19,DEEP,71,
2026-03-10,01:20,DEEP,74,
2026-03-10,01:21,DEEP,72,
2026-03-10,01:22,LIGHT,79,
2026-03-10,01:23,LIGHT,69,
2026-03-10,01:24,LIGHT,74,
2026-03-10,01:25,LIGHT,71,
2026-03-10,01:26,LIGHT,73,
2026-03-10,01:27,LIGHT,70,
2026-03-10,01:28,LIGHT,72,
2026-03-10,01:29,LIGHT,74,
2026-03-10,01:30,DEEP,73,
2026-03-10,01:31,DEEP,72,
2026-03-10,01:32,DEEP,72,
2026-03-10,01:33,DEEP,72,
2026-03-10,01:34,DEEP,70,
2026-03-10,01:35,DEEP,71,
2026-03-10,01:36,DEEP,74,
2026-03-10,01:37,DEEP,73,
2026-03-10,01:38,DEEP,74,
2026-03-10,01:39,DEEP,74,
2026-03-10,01:40,LIGHT,73,
2026-03-10,01:41,LIGHT,82,
2026-03-10,01:42,LIGHT,75,
2026-03-10,01:43,LIGHT,73,
2026-03-10,01:44,LIGHT,77,
2026-03-10,01:45,LIGHT,74,
2026-03-10,01:46,LIGHT,74,
2026-03-10,01:47,LIGHT,76,
2026-03-10,01:48,DEEP,74,
2026-03-10,01:49,DEEP,75,
2026-03-10,01:50,DEEP,77,
2026-03-10,01:51,DEEP,78,
2026-03-10,01:52,DEEP,78,
2026-03-10,01:53,LIGHT,71,
2026-03-10,01:54,LIGHT,71,
2026-03-10,01:55,LIGHT,73,
2026-03-10,01:56,LIGHT,75,
2026-03-10,01:57,LIGHT,75,
2026-03-10,01:58,REM,75,
2026-03-10,01:59,REM,75,
2026-03-10,02:00,REM,76,
2026-03-10,02:01,REM,76,
2026-03-10,02:02,REM,76,
2026-03-10,02:03,REM,76,
2026-03-10,02:04,REM,76,
2026-03-10,02:05,REM,75,
2026-03-10,02:06,LIGHT,75,
2026-03-10,02:07,LIGHT,75,
2026-03-10,02:08,LIGHT,75,
2026-03-10,02:09,LIGHT,75,
2026-03-10,02:10,LIGHT,75,
2026-03-10,02:11,LIGHT,75,
2026-03-10,02:12,LIGHT,74,
2026-03-10,02:13,LIGHT,74,
2026-03-10,02:14,LIGHT,74,
2026-03-10,02:15,LIGHT,74,
2026-03-10,02:16,LIGHT,74,
2026-03-10,02:17,LIGHT,74,
2026-03-10,02:18,LIGHT,74,
2026-03-10,02:19,LIGHT,75,
2026-03-10,02:20,LIGHT,76,
2026-03-10,02:21,LIGHT,68,
2026-03-10,02:22,LIGHT,69,
2026-03-10,02:23,LIGHT,69,
2026-03-10,02:24,LIGHT,70,
2026-03-10,02:25,LIGHT,71,
2026-03-10,02:26,LIGHT,71,
2026-03-10,02:27,LIGHT,71,
2026-03-10,02:28,LIGHT,71,
2026-03-10,02:29,LIGHT,71,
2026-03-10,02:30,LIGHT,70,
2026-03-10,02:31,LIGHT,71,
2026-03-10,02:32,LIGHT,71,
2026-03-10,02:33,LIGHT,71,
2026-03-10,02:34,LIGHT,71,
2026-03-10,02:35,LIGHT,71,
2026-03-10,02:36,LIGHT,71,
2026-03-10,02:37,LIGHT,70,
2026-03-10,02:38,LIGHT,70,
2026-03-10,02:39,LIGHT,70,
2026-03-10,02:40,LIGHT,70,
2026-03-10,02:41,LIGHT,70,
2026-03-10,02:42,LIGHT,68,
2026-03-10,02:43,LIGHT,69,
2026-03-10,02:44,DEEP,80,
2026-03-10,02:45,DEEP,77,
2026-03-10,02:46,DEEP,66,
2026-03-10,02:47,DEEP,65,
2026-03-10,02:48,DEEP,65,
2026-03-10,02:49,DEEP,64,
2026-03-10,02:50,DEEP,65,
2026-03-10,02:51,DEEP,65,
2026-03-10,02:52,DEEP,67,
2026-03-10,02:53,DEEP,70,
2026-03-10,02:54,DEEP,73,
2026-03-10,02:55,DEEP,75,
2026-03-10,02:56,DEEP,72,
2026-03-10,02:57,DEEP,66,
2026-03-10,02:58,DEEP,68,
2026-03-10,02:59,DEEP,63,
2026-03-10,03:00,DEEP,62,
2026-03-10,03:01,DEEP,62,
2026-03-10,03:02,DEEP,63,
2026-03-10,03:03,DEEP,65,
2026-03-10,03:04,DEEP,66,
2026-03-10,03:05,DEEP,66,
2026-03-10,03:06,DEEP,65,
2026-03-10,03:07,LIGHT,67,
2026-03-10,03:08,LIGHT,67,
2026-03-10,03:09,LIGHT,68,
2026-03-10,03:10,LIGHT,68,
2026-03-10,03:11,LIGHT,68,
2026-03-10,03:12,LIGHT,68,
2026-03-10,03:13,LIGHT,68,
2026-03-10,03:14,LIGHT,67,
2026-03-10,03:15,LIGHT,67,
2026-03-10,03:16,LIGHT,67,
2026-03-10,03:17,LIGHT,67,
2026-03-10,03:18,REM,72,
2026-03-10,03:19,REM,71,
2026-03-10,03:20,REM,63,
2026-03-10,03:21,REM,64,
2026-03-10,03:22,REM,66,
2026-03-10,03:23,REM,69,
2026-03-10,03:24,REM,66,
2026-03-10,03:25,REM,66,
2026-03-10,03:26,REM,66,
2026-03-10,03:27,REM,67,
2026-03-10,03:28,REM,67,
2026-03-10,03:29,REM,67,
2026-03-10,03:30,REM,68,
2026-03-10,03:31,REM,68,
2026-03-10,03:32,REM,68,
2026-03-10,03:33,REM,68,
2026-03-10,03:34,REM,68,
2026-03-10,03:35,REM,68,
2026-03-10,03:36,REM,68,
2026-03-10,03:37,REM,68,
2026-03-10,03:38,REM,68,
2026-03-10,03:39,REM,68,
2026-03-10,03:40,REM,69,
2026-03-10,03:41,REM,69,
2026-03-10,03:42,REM,69,
2026-03-10,03:43,REM,69,
2026-03-10,03:44,REM,73,
2026-03-10,03:45,REM,66,
2026-03-10,03:46,REM,63,
2026-03-10,03:47,REM,60,
2026-03-10,03:48,REM,58,
2026-03-10,03:49,REM,60,
2026-03-10,03:50,REM,65,
2026-03-10,03:51,REM,69,
2026-03-10,03:52,REM,71,
2026-03-10,03:53,LIGHT,68,
2026-03-10,03:54,LIGHT,69,
2026-03-10,03:55,LIGHT,76,
2026-03-10,03:56,LIGHT,70,
2026-03-10,03:57,LIGHT,69,
2026-03-10,03:58,LIGHT,74,
2026-03-10,03:59,LIGHT,71,
2026-03-10,04:00,LIGHT,74,
2026-03-10,04:01,LIGHT,63,
2026-03-10,04:02,LIGHT,60,
2026-03-10,04:03,LIGHT,63,
2026-03-10,04:04,LIGHT,65,
2026-03-10,04:05,LIGHT,72,
2026-03-10,04:06,LIGHT,64,
2026-03-10,04:07,LIGHT,60,
2026-03-10,04:08,DEEP,61,
2026-03-10,04:09,DEEP,64,
2026-03-10,04:10,DEEP,62,
2026-03-10,04:11,DEEP,64,
2026-03-10,04:12,DEEP,59,
2026-03-10,04:13,DEEP,62,
2026-03-10,04:14,DEEP,59,
2026-03-10,04:15,DEEP,64,
2026-03-10,04:16,DEEP,62,
2026-03-10,04:17,DEEP,64,
2026-03-10,04:18,DEEP,61,
2026-03-10,04:19,DEEP,60,
2026-03-10,04:20,DEEP,62,
2026-03-10,04:21,LIGHT,59,
2026-03-10,04:22,LIGHT,60,
2026-03-10,04:23,LIGHT,62,
2026-03-10,04:24,LIGHT,61,
2026-03-10,04:25,LIGHT,63,
2026-03-10,04:26,LIGHT,63,
2026-03-10,04:27,LIGHT,70,
2026-03-10,04:28,LIGHT,72,
2026-03-10,04:29,LIGHT,72,
2026-03-10,04:30,LIGHT,66,
2026-03-10,04:31,LIGHT,63,
2026-03-10,04:32,LIGHT,66,
2026-03-10,04:33,LIGHT,61,
2026-03-10,04:34,LIGHT,58,
2026-03-10,04:35,LIGHT,62,
2026-03-10,04:36,LIGHT,59,
2026-03-10,04:37,DEEP,58,
2026-03-10,04:38,DEEP,58,
2026-03-10,04:39,DEEP,58,
2026-03-10,04:40,DEEP,58,
2026-03-10,04:41,DEEP,66,
2026-03-10,04:42,DEEP,61,
2026-03-10,04:43,DEEP,62,
2026-03-10,04:44,DEEP,62,
2026-03-10,04:45,DEEP,63,
2026-03-10,04:46,DEEP,63,
2026-03-10,04:47,DEEP,64,
2026-03-10,04:48,DEEP,64,
2026-03-10,04:49,DEEP,64,
2026-03-10,04:50,DEEP,63,
2026-03-10,04:51,DEEP,63,
2026-03-10,04:52,DEEP,64,
2026-03-10,04:53,DEEP,64,
2026-03-10,04:54,DEEP,64,
2026-03-10,04:55,DEEP,64,
2026-03-10,04:56,DEEP,63,
2026-03-10,04:57,DEEP,63,
2026-03-10,04:58,DEEP,63,
2026-03-10,04:59,DEEP,63,
2026-03-10,05:00,DEEP,62,
2026-03-10,05:01,DEEP,62,
2026-03-10,05:02,DEEP,61,
2026-03-10,05:03,DEEP,61,
2026-03-10,05:04,DEEP,60,
2026-03-10,05:05,DEEP,60,
2026-03-10,05:06,DEEP,64,
2026-03-10,05:07,DEEP,64,
2026-03-10,05:08,DEEP,59,
2026-03-10,05:09,DEEP,59,
2026-03-10,05:10,DEEP,59,
2026-03-10,05:11,DEEP,59,
2026-03-10,05:12,DEEP,59,
2026-03-10,05:13,DEEP,59,
2026-03-10,05:14,DEEP,59,
2026-03-10,05:15,DEEP,59,
2026-03-10,05:16,DEEP,59,
2026-03-10,05:17,DEEP,59,
2026-03-10,05:18,LIGHT,59,
2026-03-10,05:19,LIGHT,58,
2026-03-10,05:20,LIGHT,58,
2026-03-10,05:21,LIGHT,58,
2026-03-10,05:22,LIGHT,58,
2026-03-10,05:23,LIGHT,58,
2026-03-10,05:24,LIGHT,58,
2026-03-10,05:25,WAKE,59,
2026-03-10,05:26,WAKE,66,
2026-03-10,05:27,LIGHT,58,
2026-03-10,05:28,LIGHT,58,
2026-03-10,05:29,LIGHT,55,
2026-03-10,05:30,REM,56,
2026-03-10,05:31,REM,54,
2026-03-10,05:32,REM,60,
2026-03-10,05:33,REM,57,
2026-03-10,05:34,REM,56,
2026-03-10,05:35,REM,55,
2026-03-10,05:36,REM,55,
2026-03-10,05:37,REM,56,
2026-03-10,05:38,REM,56,
2026-03-10,05:39,REM,55,
2026-03-10,05:40,REM,61,
2026-03-10,05:41,REM,55,
2026-03-10,05:42,REM,59,
2026-03-10,05:43,REM,56,
2026-03-10,05:44,REM,60,
2026-03-10,05:45,LIGHT,60,
2026-03-10,05:46,LIGHT,60,
2026-03-10,05:47,LIGHT,60,
2026-03-10,05:48,LIGHT,63,
2026-03-10,05:49,LIGHT,63,
2026-03-10,05:50,LIGHT,57,
2026-03-10,05:51,LIGHT,58,
2026-03-10,05:52,LIGHT,59,
2026-03-10,05:53,LIGHT,65,
2026-03-10,05:54,LIGHT,62,
2026-03-10,05:55,LIGHT,62,
2026-03-10,05:56,LIGHT,59,
2026-03-10,05:57,LIGHT,59,
2026-03-10,05:58,LIGHT,58,
2026-03-10,05:59,LIGHT,58,
2026-03-10,06:00,LIGHT,61,
2026-03-10,06:01,LIGHT,67,
2026-03-10,06:02,LIGHT,68,
2026-03-10,06:03,LIGHT,61,
2026-03-10,06:04,LIGHT,58,
2026-03-10,06:05,LIGHT,58,
2026-03-10,06:06,LIGHT,56,
2026-03-10,06:07,LIGHT,58,
2026-03-10,06:08,LIGHT,58,
2026-03-10,06:09,LIGHT,58,
2026-03-10,06:10,LIGHT,60,
2026-03-10,06:11,LIGHT,59,
2026-03-10,06:12,LIGHT,59,
2026-03-10,06:13,LIGHT,59,
2026-03-10,06:14,LIGHT,60,
2026-03-10,06:15,LIGHT,60,
2026-03-10,06:16,LIGHT,60,
2026-03-10,06:17,LIGHT,60,
2026-03-10,06:18,LIGHT,60,
2026-03-10,06:19,LIGHT,60,
2026-03-10,06:20,LIGHT,60,
2026-03-10,06:21,LIGHT,60,
2026-03-10,06:22,DEEP,60,
2026-03-10,06:23,DEEP,60,
2026-03-10,06:24,DEEP,60,
2026-03-10,06:25,DEEP,60,
2026-03-10,06:26,DEEP,60,
2026-03-10,06:27,DEEP,60,
2026-03-10,06:28,DEEP,59,
2026-03-10,06:29,DEEP,59,
2026-03-10,06:30,DEEP,59,
2026-03-10,06:31,LIGHT,59,
2026-03-10,06:32,LIGHT,59,
2026-03-10,06:33,LIGHT,59,
2026-03-10,06:34,LIGHT,59,
2026-03-10,06:35,LIGHT,59,
2026-03-10,06:36,LIGHT,59,
2026-03-10,06:37,LIGHT,59,
2026-03-10,06:38,LIGHT,59,
2026-03-10,06:39,LIGHT,59,
2026-03-10,06:40,LIGHT,59,
2026-03-10,06:41,LIGHT,59,
2026-03-10,06:42,REM,59,
2026-03-10,06:43,REM,58,
2026-03-10,06:44,REM,58,
2026-03-10,06:45,REM,58,
2026-03-10,06:46,REM,58,
2026-03-10,06:47,REM,72,
2026-03-10,06:48,REM,66,
2026-03-10,06:49,REM,68,
2026-03-10,06:50,REM,62,
2026-03-10,06:51,REM,59,
2026-03-10,06:52,REM,59,
2026-03-10,06:53,REM,59,
2026-03-10,06:54,REM,59,
2026-03-10,06:55,REM,59,
2026-03-10,06:56,REM,59,
2026-03-10,06:57,REM,60,
2026-03-10,06:58,REM,60,
2026-03-10,06:59,REM,60,
2026-03-10,07:00,REM,59,
2026-03-10,07:01,REM,59,
2026-03-10,07:02,REM,59,
2026-03-10,07:03,REM,59,
2026-03-10,07:04,REM,59,
2026-03-10,07:05,REM,59,
2026-03-10,07:06,REM,67,
2026-03-10,07:07,REM,63,
2026-03-10,07:08,REM,60,
2026-03-10,07:09,REM,57,
2026-03-10,07:10,REM,56,
2026-03-10,07:11,REM,55,
2026-03-10,07:12,REM,58,
2026-03-10,07:13,REM,57,
2026-03-10,07:14,REM,60,
2026-03-10,07:15,REM,66,
2026-03-10,07:16,REM,58,
2026-03-10,07:17,LIGHT,57,
2026-03-10,07:18,LIGHT,62,
2026-03-10,07:19,LIGHT,61,
2026-03-10,07:20,LIGHT,61,
2026-03-10,07:21,LIGHT,61,
2026-03-10,07:22,LIGHT,66,
2026-03-10,07:23,LIGHT,60,
2026-03-10,07:24,LIGHT,60,
2026-03-10,07:25,LIGHT,59,
2026-03-10,07:26,LIGHT,59,
2026-03-10,07:27,LIGHT,66,
2026-03-10,07:28,LIGHT,63,
2026-03-10,07:29,LIGHT,57,
2026-03-10,07:30,LIGHT,56,
2026-03-10,07:31,LIGHT,56,
2026-03-10,07:32,LIGHT,57,
2026-03-10,07:33,LIGHT,56,
2026-03-10,07:34,LIGHT,54,
2026-03-10,07:35,LIGHT,55,
2026-03-10,07:36,LIGHT,55,
2026-03-10,07:37,LIGHT,56,
2026-03-10,07:38,LIGHT,56,
2026-03-10,07:39,LIGHT,56,
2026-03-10,07:40,LIGHT,54,
2026-03-10,07:41,LIGHT,54,
2026-03-10,07:42,LIGHT,56,
2026-03-10,07:43,LIGHT,58,
2026-03-10,07:44,LIGHT,63,
2026-03-10,07:45,LIGHT,58,
2026-03-10,07:46,LIGHT,55,
2026-03-10,07:47,LIGHT,55,
2026-03-10,07:48,LIGHT,55,
2026-03-10,07:49,LIGHT,56,
2026-03-10,07:50,LIGHT,57,
2026-03-10,07:51,LIGHT,59,
2026-03-10,07:52,LIGHT,59,
2026-03-10,07:53,LIGHT,56,
2026-03-10,07:54,LIGHT,56,
2026-03-10,07:55,LIGHT,55,
2026-03-10,07:56,LIGHT,62,
2026-03-10,07:57,LIGHT,56,
2026-03-10,07:58,LIGHT,56,
2026-03-10,07:59,LIGHT,56,
2026-03-10,08:00,LIGHT,57,
2026-03-10,08:01,LIGHT,57,
2026-03-10,08:02,LIGHT,58,
2026-03-10,08:03,LIGHT,58,
2026-03-10,08:04,LIGHT,56,
2026-03-10,08:05,LIGHT,63,
2026-03-10,08:06,LIGHT,63,
2026-03-10,08:07,LIGHT,59,
2026-03-10,08:08,LIGHT,59,
2026-03-10,08:09,LIGHT,59,
2026-03-10,08:10,LIGHT,59,
2026-03-10,08:11,LIGHT,63,
2026-03-10,08:12,LIGHT,58,
2026-03-10,08:13,LIGHT,58,
2026-03-10,08:14,LIGHT,57,
2026-03-10,08:15,LIGHT,57,
2026-03-10,08:16,LIGHT,57,
2026-03-10,08:17,LIGHT,57,
2026-03-10,08:18,LIGHT,57,
2026-03-10,08:19,REM,57,
2026-03-10,08:20,REM,57,
2026-03-10,08:21,REM,58,
2026-03-10,08:22,REM,55,
2026-03-10,08:23,REM,55,
2026-03-10,08:24,REM,55,
2026-03-10,08:25,REM,60,
2026-03-10,08:26,REM,62,
2026-03-10,08:27,REM,61,
2026-03-10,08:28,REM,58,
2026-03-10,08:29,REM,65,
2026-03-10,08:30,REM,67,
2026-03-10,08:31,REM,58,
2026-03-10,08:32,REM,61,
2026-03-10,08:33,REM,59,
2026-03-10,08:34,REM,57,
2026-03-10,08:35,REM,59,
2026-03-10,08:36,REM,59,
2026-03-10,08:37,REM,64,
2026-03-10,08:38,REM,57,
2026-03-10,08:39,LIGHT,62,
2026-03-10,08:40,LIGHT,62,
2026-03-10,08:41,LIGHT,59,
2026-03-10,08:42,WAKE,60,
2026-03-10,08:43,LIGHT,57,
2026-03-10,08:44,LIGHT,55,
2026-03-10,08:45,LIGHT,57,
2026-03-10,08:46,LIGHT,55,
2026-03-10,08:47,LIGHT,58,
2026-03-10,08:48,LIGHT,59,
2026-03-10,08:49,LIGHT,59,
2026-03-10,08:50,LIGHT,55,
2026-03-10,08:51,LIGHT,56,
2026-03-10,08:52,LIGHT,57,
2026-03-10,08:53,LIGHT,56,
2026-03-10,08:54,LIGHT,61,
2026-03-10,08:55,LIGHT,57,
2026-03-10,08:56,LIGHT,60,
2026-03-10,08:57,LIGHT,63,
2026-03-10,08:58,LIGHT,61,
2026-03-10,08:59,LIGHT,62,
2026-03-10,09:00,LIGHT,69,
2026-03-10,09:01,LIGHT,62,
2026-03-10,09:02,LIGHT,60,
2026-03-10,09:03,LIGHT,60,
2026-03-10,09:04,LIGHT,61,
2026-03-11,00:34,LIGHT,79,
2026-03-11,00:35,LIGHT,77,
2026-03-11,00:36,LIGHT,77,
2026-03-11,00:37,LIGHT,77,
2026-03-11,00:38,LIGHT,77,
2026-03-11,00:39,LIGHT,79,
2026-03-11,00:40,LIGHT,78,
2026-03-11,00:41,LIGHT,79,
2026-03-11,00:42,LIGHT,78,
2026-03-11,00:43,LIGHT,78,
2026-03-11,00:44,LIGHT,78,
2026-03-11,00:45,LIGHT,78,
2026-03-11,00:46,LIGHT,79,
2026-03-11,00:47,LIGHT,78,
2026-03-11,00:48,LIGHT,80,
2026-03-11,00:49,LIGHT,78,
2026-03-11,00:50,DEEP,78,
2026-03-11,00:51,DEEP,79,
2026-03-11,00:52,DEEP,78,
2026-03-11,00:53,DEEP,78,
2026-03-11,00:54,DEEP,78,
2026-03-11,00:55,DEEP,78,
2026-03-11,00:56,DEEP,78,
2026-03-11,00:57,DEEP,78,
2026-03-11,00:58,DEEP,79,
2026-03-11,00:59,DEEP,79,
2026-03-11,01:00,DEEP,80,
2026-03-11,01:01,DEEP,80,
2026-03-11,01:02,DEEP,80,
2026-03-11,01:03,DEEP,80,
2026-03-11,01:04,DEEP,80,
2026-03-11,01:05,DEEP,80,
2026-03-11,01:06,DEEP,81,
2026-03-11,01:07,DEEP,80,
2026-03-11,01:08,DEEP,80,
2026-03-11,01:09,DEEP,81,
2026-03-11,01:10,DEEP,81,
2026-03-11,01:11,DEEP,85,
2026-03-11,01:12,DEEP,81,
2026-03-11,01:13,DEEP,79,
2026-03-11,01:14,DEEP,79,
2026-03-11,01:15,LIGHT,81,
2026-03-11,01:16,LIGHT,78,
2026-03-11,01:17,LIGHT,79,
2026-03-11,01:18,LIGHT,80,
2026-03-11,01:19,LIGHT,81,
2026-03-11,01:20,LIGHT,80,
2026-03-11,01:21,LIGHT,81,
2026-03-11,01:22,LIGHT,82,
2026-03-11,01:23,LIGHT,89,
2026-03-11,01:24,LIGHT,86,
2026-03-11,01:25,LIGHT,87,
2026-03-11,01:26,LIGHT,77,
2026-03-11,01:27,LIGHT,80,
2026-03-11,01:28,LIGHT,77,
2026-03-11,01:29,LIGHT,83,
2026-03-11,01:30,LIGHT,75,
2026-03-11,01:31,LIGHT,73,
2026-03-11,01:32,LIGHT,72,
2026-03-11,01:33,LIGHT,74,
2026-03-11,01:34,LIGHT,74,
2026-03-11,01:35,REM,76,
2026-03-11,01:36,REM,78,
2026-03-11,01:37,REM,81,
2026-03-11,01:38,REM,80,
2026-03-11,01:39,LIGHT,80,
2026-03-11,01:40,LIGHT,78,
2026-03-11,01:41,LIGHT,78,
2026-03-11,01:42,WAKE,80,
2026-03-11,01:43,LIGHT,77,
2026-03-11,01:44,LIGHT,77,
2026-03-11,01:45,WAKE,78,
2026-03-11,01:46,WAKE,78,
2026-03-11,01:47,LIGHT,79,
2026-03-11,01:48,LIGHT,79,
2026-03-11,01:49,LIGHT,80,
2026-03-11,01:50,LIGHT,76,
2026-03-11,01:51,LIGHT,80,
2026-03-11,01:52,LIGHT,82,
2026-03-11,01:53,WAKE,80,
2026-03-11,01:54,LIGHT,76,
2026-03-11,01:55,LIGHT,81,
2026-03-11,01:56,LIGHT,77,
2026-03-11,01:57,LIGHT,74,
2026-03-11,01:58,LIGHT,74,
2026-03-11,01:59,LIGHT,75,
2026-03-11,02:00,LIGHT,76,
2026-03-11,02:01,LIGHT,76,
2026-03-11,02:02,LIGHT,75,
2026-03-11,02:03,LIGHT,75,
2026-03-11,02:04,DEEP,76,
2026-03-11,02:05,DEEP,81,
2026-03-11,02:06,DEEP,77,
2026-03-11,02:07,DEEP,77,
2026-03-11,02:08,DEEP,79,
2026-03-11,02:09,DEEP,78,
2026-03-11,02:10,DEEP,77,
2026-03-11,02:11,DEEP,75,
2026-03-11,02:12,DEEP,75,
2026-03-11,02:13,DEEP,75,
2026-03-11,02:14,DEEP,81,
2026-03-11,02:15,DEEP,75,
2026-03-11,02:16,DEEP,75,
2026-03-11,02:17,DEEP,78,
2026-03-11,02:18,DEEP,75,
2026-03-11,02:19,DEEP,75,
2026-03-11,02:20,DEEP,75,
2026-03-11,02:21,LIGHT,76,
2026-03-11,02:22,LIGHT,75,
2026-03-11,02:23,LIGHT,74,
2026-03-11,02:24,LIGHT,74,
2026-03-11,02:25,LIGHT,74,
2026-03-11,02:26,LIGHT,74,
2026-03-11,02:27,LIGHT,74,
2026-03-11,02:28,LIGHT,74,
2026-03-11,02:29,DEEP,74,
2026-03-11,02:30,DEEP,74,
2026-03-11,02:31,DEEP,74,
2026-03-11,02:32,DEEP,74,
2026-03-11,02:33,DEEP,73,
2026-03-11,02:34,DEEP,73,
2026-03-11,02:35,DEEP,73,
2026-03-11,02:36,DEEP,73,
2026-03-11,02:37,DEEP,75,
2026-03-11,02:38,DEEP,71,
2026-03-11,02:39,DEEP,71,
2026-03-11,02:40,DEEP,71,
2026-03-11,02:41,DEEP,71,
2026-03-11,02:42,LIGHT,71,
2026-03-11,02:43,LIGHT,71,
2026-03-11,02:44,LIGHT,71,
2026-03-11,02:45,WAKE,71,
2026-03-11,02:46,WAKE,71,
2026-03-11,02:47,LIGHT,71,
2026-03-11,02:48,LIGHT,71,
2026-03-11,02:49,LIGHT,71,
2026-03-11,02:50,LIGHT,71,
2026-03-11,02:51,LIGHT,71,
2026-03-11,02:52,LIGHT,71,
2026-03-11,02:53,LIGHT,71,
2026-03-11,02:54,REM,71,
2026-03-11,02:55,REM,70,
2026-03-11,02:56,LIGHT,70,
2026-03-11,02:57,LIGHT,70,
2026-03-11,02:58,LIGHT,71,
2026-03-11,02:59,LIGHT,71,
2026-03-11,03:00,LIGHT,71,
2026-03-11,03:01,LIGHT,70,
2026-03-11,03:02,LIGHT,70,
2026-03-11,03:03,LIGHT,70,
2026-03-11,03:04,LIGHT,70,
2026-03-11,03:05,LIGHT,69,
2026-03-11,03:06,LIGHT,69,
2026-03-11,03:07,LIGHT,75,
2026-03-11,03:08,LIGHT,76,
2026-03-11,03:09,LIGHT,70,
2026-03-11,03:10,LIGHT,72,
2026-03-11,03:11,LIGHT,69,
2026-03-11,03:12,LIGHT,66,
2026-03-11,03:13,LIGHT,63,
2026-03-11,03:14,LIGHT,64,
2026-03-11,03:15,LIGHT,69,
2026-03-11,03:16,LIGHT,71,
2026-03-11,03:17,LIGHT,68,
2026-03-11,03:18,LIGHT,65,
2026-03-11,03:19,LIGHT,65,
2026-03-11,03:20,LIGHT,67,
2026-03-11,03:21,LIGHT,68,
2026-03-11,03:22,LIGHT,70,
2026-03-11,03:23,LIGHT,65,
2026-03-11,03:24,LIGHT,64,
2026-03-11,03:25,LIGHT,64,
2026-03-11,03:26,LIGHT,66,
2026-03-11,03:27,LIGHT,71,
2026-03-11,03:28,LIGHT,67,
2026-03-11,03:29,LIGHT,68,
2026-03-11,03:30,LIGHT,70,
2026-03-11,03:31,LIGHT,67,
2026-03-11,03:32,LIGHT,68,
2026-03-11,03:33,LIGHT,68,
2026-03-11,03:34,DEEP,68,
2026-03-11,03:35,DEEP,69,
2026-03-11,03:36,DEEP,69,
2026-03-11,03:37,DEEP,69,
2026-03-11,03:38,DEEP,69,
2026-03-11,03:39,DEEP,69,
2026-03-11,03:40,DEEP,69,
2026-03-11,03:41,DEEP,75,
2026-03-11,03:42,DEEP,75,
2026-03-11,03:43,DEEP,63,
2026-03-11,03:44,DEEP,59,
2026-03-11,03:45,LIGHT,58,
2026-03-11,03:46,LIGHT,60,
2026-03-11,03:47,LIGHT,62,
2026-03-11,03:48,LIGHT,65,
2026-03-11,03:49,LIGHT,67,
2026-03-11,03:50,LIGHT,70,
2026-03-11,03:51,REM,69,
2026-03-11,03:52,REM,67,
2026-03-11,03:53,REM,65,
2026-03-11,03:54,REM,71,
2026-03-11,03:55,REM,73,
2026-03-11,03:56,REM,74,
2026-03-11,03:57,REM,77,
2026-03-11,03:58,REM,72,
2026-03-11,03:59,REM,72,
2026-03-11,04:00,REM,69,
2026-03-11,04:01,REM,64,
2026-03-11,04:02,REM,63,
2026-03-11,04:03,REM,61,
2026-03-11,04:04,REM,63,
2026-03-11,04:05,REM,69,
2026-03-11,04:06,REM,66,
2026-03-11,04:07,REM,63,
2026-03-11,04:08,REM,70,
2026-03-11,04:09,REM,72,
2026-03-11,04:10,REM,72,
2026-03-11,04:11,REM,69,
2026-03-11,04:12,REM,70,
2026-03-11,04:13,REM,64,
2026-03-11,04:14,REM,61,
2026-03-11,04:15,REM,62,
2026-03-11,04:16,REM,59,
2026-03-11,04:17,REM,59,
2026-03-11,04:18,REM,59,
2026-03-11,04:19,REM,60,
2026-03-11,04:20,REM,63,
2026-03-11,04:21,REM,70,
2026-03-11,04:22,REM,70,
2026-03-11,04:23,REM,69,
2026-03-11,04:24,REM,69,
2026-03-11,04:25,REM,66,
2026-03-11,04:26,REM,67,
2026-03-11,04:27,REM,64,
2026-03-11,04:28,REM,67,
2026-03-11,04:29,REM,65,
2026-03-11,04:30,REM,67,
2026-03-11,04:31,LIGHT,62,
2026-03-11,04:32,LIGHT,62,
2026-03-11,04:33,LIGHT,63,
2026-03-11,04:34,LIGHT,61,
2026-03-11,04:35,LIGHT,63,
2026-03-11,04:36,LIGHT,65,
2026-03-11,04:37,LIGHT,66,
2026-03-11,04:38,LIGHT,66,
2026-03-11,04:39,LIGHT,68,
2026-03-11,04:40,LIGHT,65,
2026-03-11,04:41,LIGHT,65,
2026-03-11,04:42,LIGHT,64,
2026-03-11,04:43,LIGHT,64,
2026-03-11,04:44,LIGHT,64,
2026-03-11,04:45,LIGHT,64,
2026-03-11,04:46,LIGHT,64,
2026-03-11,04:47,LIGHT,63,
2026-03-11,04:48,LIGHT,63,
2026-03-11,04:49,LIGHT,63,
2026-03-11,04:50,LIGHT,63,
2026-03-11,04:51,LIGHT,62,
2026-03-11,04:52,LIGHT,61,
2026-03-11,04:53,LIGHT,61,
2026-03-11,04:54,LIGHT,59,
2026-03-11,04:55,LIGHT,59,
2026-03-11,04:56,LIGHT,59,
2026-03-11,04:57,LIGHT,60,
2026-03-11,04:58,LIGHT,60,
2026-03-11,04:59,LIGHT,59,
2026-03-11,05:00,LIGHT,59,
2026-03-11,05:01,LIGHT,61,
2026-03-11,05:02,LIGHT,61,
2026-03-11,05:03,LIGHT,61,
2026-03-11,05:04,LIGHT,59,
2026-03-11,05:05,LIGHT,60,
2026-03-11,05:06,LIGHT,60,
2026-03-11,05:07,LIGHT,59,
2026-03-11,05:08,LIGHT,59,
2026-03-11,05:09,LIGHT,59,
2026-03-11,05:10,LIGHT,59,
2026-03-11,05:11,LIGHT,58,
2026-03-11,05:12,LIGHT,58,
2026-03-11,05:13,LIGHT,60,
2026-03-11,05:14,LIGHT,60,
2026-03-11,05:15,LIGHT,58,
2026-03-11,05:16,DEEP,58,
2026-03-11,05:17,DEEP,58,
2026-03-11,05:18,DEEP,58,
2026-03-11,05:19,DEEP,58,
2026-03-11,05:20,DEEP,59,
2026-03-11,05:21,DEEP,59,
2026-03-11,05:22,DEEP,59,
2026-03-11,05:23,DEEP,71,
2026-03-11,05:24,DEEP,68,
2026-03-11,05:25,DEEP,66,
2026-03-11,05:26,DEEP,58,
2026-03-11,05:27,LIGHT,56,
2026-03-11,05:28,LIGHT,56,
2026-03-11,05:29,LIGHT,55,
2026-03-11,05:30,LIGHT,54,
2026-03-11,05:31,LIGHT,54,
2026-03-11,05:32,LIGHT,58,
2026-03-11,05:33,LIGHT,58,
2026-03-11,05:34,LIGHT,59,
2026-03-11,05:35,LIGHT,58,
2026-03-11,05:36,LIGHT,58,
2026-03-11,05:37,LIGHT,57,
2026-03-11,05:38,REM,58,
2026-03-11,05:39,REM,58,
2026-03-11,05:40,REM,58,
2026-03-11,05:41,REM,68,
2026-03-11,05:42,REM,66,
2026-03-11,05:43,REM,61,
2026-03-11,05:44,REM,62,
2026-03-11,05:45,REM,61,
2026-03-11,05:46,REM,59,
2026-03-11,05:47,REM,58,
2026-03-11,05:48,REM,58,
2026-03-11,05:49,REM,58,
2026-03-11,05:50,REM,59,
2026-03-11,05:51,REM,60,
2026-03-11,05:52,REM,60,
2026-03-11,05:53,REM,61,
2026-03-11,05:54,REM,61,
2026-03-11,05:55,REM,62,
2026-03-11,05:56,REM,65,
2026-03-11,05:57,REM,57,
2026-03-11,05:58,REM,56,
2026-03-11,05:59,REM,56,
2026-03-11,06:00,REM,56,
2026-03-11,06:01,REM,56,
2026-03-11,06:02,REM,56,
2026-03-11,06:03,REM,56,
2026-03-11,06:04,REM,57,
2026-03-11,06:05,REM,57,
2026-03-11,06:06,REM,58,
2026-03-11,06:07,LIGHT,57,
2026-03-11,06:08,LIGHT,57,
2026-03-11,06:09,LIGHT,57,
2026-03-11,06:10,LIGHT,57,
2026-03-11,06:11,LIGHT,57,
2026-03-11,06:12,LIGHT,58,
2026-03-11,06:13,LIGHT,58,
2026-03-11,06:14,LIGHT,67,
2026-03-11,06:15,LIGHT,58,
2026-03-11,06:16,LIGHT,56,
2026-03-11,06:17,LIGHT,56,
2026-03-11,06:18,LIGHT,56,
2026-03-11,06:19,LIGHT,56,
2026-03-11,06:20,LIGHT,56,
2026-03-11,06:21,LIGHT,56,
2026-03-11,06:22,LIGHT,56,
2026-03-11,06:23,LIGHT,56,
2026-03-11,06:24,LIGHT,56,
2026-03-11,06:25,LIGHT,57,
2026-03-11,06:26,LIGHT,57,
2026-03-11,06:27,DEEP,57,
2026-03-11,06:28,DEEP,57,
2026-03-11,06:29,DEEP,57,
2026-03-11,06:30,DEEP,57,
2026-03-11,06:31,DEEP,57,
2026-03-11,06:32,DEEP,57,
2026-03-11,06:33,DEEP,64,
2026-03-11,06:34,DEEP,64,
2026-03-11,06:35,DEEP,56,
2026-03-11,06:36,DEEP,55,
2026-03-11,06:37,DEEP,55,
2026-03-11,06:38,DEEP,56,
2026-03-11,06:39,DEEP,55,
2026-03-11,06:40,DEEP,55,
2026-03-11,06:41,DEEP,55,
2026-03-11,06:42,DEEP,55,
2026-03-11,06:43,DEEP,55,
2026-03-11,06:44,DEEP,57,
2026-03-11,06:45,DEEP,56,
2026-03-11,06:46,DEEP,56,
2026-03-11,06:47,DEEP,56,
2026-03-11,06:48,LIGHT,56,
2026-03-11,06:49,LIGHT,56,
2026-03-11,06:50,LIGHT,58,
2026-03-11,06:51,LIGHT,60,
2026-03-11,06:52,LIGHT,55,
2026-03-11,06:53,LIGHT,60,
2026-03-11,06:54,LIGHT,58,
2026-03-11,06:55,LIGHT,58,
2026-03-11,06:56,LIGHT,61,
2026-03-11,06:57,LIGHT,61,
2026-03-11,06:58,LIGHT,61,
2026-03-11,06:59,LIGHT,61,
2026-03-11,07:00,LIGHT,66,
2026-03-11,07:01,LIGHT,64,
2026-03-11,07:02,LIGHT,61,
2026-03-11,07:03,DEEP,58,
2026-03-11,07:04,DEEP,59,
2026-03-11,07:05,DEEP,60,
2026-03-11,07:06,DEEP,60,
2026-03-11,07:07,LIGHT,58,
2026-03-11,07:08,LIGHT,60,
2026-03-11,07:09,LIGHT,62,
2026-03-11,07:10,LIGHT,65,
2026-03-11,07:11,LIGHT,57,
2026-03-11,07:12,LIGHT,61,
2026-03-11,07:13,LIGHT,62,
2026-03-11,07:14,LIGHT,59,
2026-03-11,07:15,REM,58,
2026-03-11,07:16,REM,60,
2026-03-11,07:17,REM,64,
2026-03-11,07:18,REM,64,
2026-03-11,07:19,REM,65,
2026-03-11,07:20,REM,63,
2026-03-11,07:21,REM,63,
2026-03-11,07:22,REM,61,
2026-03-11,07:23,REM,65,
2026-03-11,07:24,REM,57,
2026-03-11,07:25,REM,54,
2026-03-11,07:26,REM,51,
2026-03-11,07:27,REM,54,
2026-03-11,07:28,REM,64,
2026-03-11,07:29,REM,62,
2026-03-11,07:30,REM,67,
2026-03-11,07:31,REM,67,
2026-03-11,07:32,REM,63,
2026-03-11,07:33,REM,68,
2026-03-11,07:34,REM,64,
2026-03-11,07:35,REM,61,
2026-03-11,07:36,REM,60,
2026-03-11,07:37,REM,60,
2026-03-11,07:38,REM,59,
2026-03-11,07:39,REM,53,
2026-03-11,07:40,REM,55,
2026-03-11,07:41,REM,60,
2026-03-11,07:42,REM,64,
2026-03-11,07:43,REM,61,
2026-03-11,07:44,REM,57,
2026-03-11,07:45,LIGHT,59,
2026-03-11,07:46,LIGHT,59,
2026-03-11,07:47,LIGHT,61,
2026-03-11,07:48,LIGHT,67,
2026-03-11,07:49,LIGHT,70,
2026-03-11,07:50,LIGHT,75,
2026-03-11,07:51,LIGHT,67,
2026-03-11,07:52,LIGHT,65,
2026-03-11,07:53,LIGHT,62,
2026-03-11,07:54,LIGHT,67,
2026-03-11,07:55,LIGHT,61,
2026-03-11,07:56,LIGHT,61,
2026-03-11,07:57,LIGHT,59,
2026-03-11,07:58,LIGHT,59,
2026-03-11,07:59,LIGHT,58,
2026-03-11,08:00,LIGHT,66,
2026-03-11,08:01,LIGHT,61,
2026-03-11,08:02,LIGHT,58,
2026-03-11,08:03,LIGHT,59,
2026-03-11,08:04,LIGHT,57,
2026-03-11,08:05,LIGHT,62,
2026-03-11,08:06,LIGHT,60,
2026-03-11,08:07,LIGHT,60,
2026-03-11,08:08,LIGHT,56,
2026-03-11,08:09,LIGHT,57,
2026-03-11,08:10,LIGHT,56,
2026-03-11,08:11,LIGHT,56,
2026-03-11,08:12,LIGHT,57,
2026-03-11,08:13,LIGHT,56,
2026-03-11,08:14,LIGHT,56,
2026-03-11,08:15,LIGHT,56,
2026-03-11,08:16,LIGHT,56,
2026-03-11,08:17,LIGHT,56,
2026-03-11,08:18,LIGHT,56,
2026-03-11,08:19,LIGHT,57,
2026-03-11,08:20,LIGHT,57,
2026-03-11,08:21,LIGHT,57,
2026-03-11,08:22,LIGHT,57,
2026-03-11,08:23,LIGHT,57,
2026-03-11,08:24,LIGHT,58,
2026-03-11,08:25,LIGHT,59,
2026-03-11,08:26,REM,57,
2026-03-11,08:27,REM,57,
2026-03-11,08:28,REM,57,
2026-03-11,08:29,REM,57,
2026-03-11,08:30,REM,63,
2026-03-11,08:31,REM,75,
2026-03-11,08:32,REM,62,
2026-03-11,08:33,REM,57,
2026-03-11,08:34,REM,56,
2026-03-11,08:35,REM,57,
2026-03-11,08:36,REM,57,
2026-03-11,08:37,REM,57,
2026-03-11,08:38,REM,57,
2026-03-11,08:39,REM,58,
2026-03-11,08:40,REM,58,
2026-03-11,08:41,REM,63,
2026-03-11,08:42,REM,60,
2026-03-11,08:43,REM,61,
2026-03-11,08:44,REM,58,
2026-03-11,08:45,REM,58,
2026-03-11,08:46,REM,57,
2026-03-11,08:47,REM,59,
2026-03-11,08:48,REM,57,
2026-03-11,08:49,REM,57,
2026-03-11,08:50,REM,58,
2026-03-11,08:51,REM,57,
2026-03-11,08:52,REM,60,
2026-03-11,08:53,REM,66,
2026-03-11,08:54,REM,77,
2026-03-11,08:55,REM,65,
2026-03-11,08:56,REM,62,
2026-03-11,08:57,REM,62,
2026-03-11,08:58,REM,59,
2026-03-11,08:59,REM,64,
2026-03-11,09:00,REM,70,
2026-03-11,09:01,REM,62,
2026-03-11,09:02,REM,67,
2026-03-11,09:03,REM,61,
2026-03-11,09:04,LIGHT,59,
2026-03-11,09:05,LIGHT,59,
2026-03-11,09:06,LIGHT,60,
2026-03-11,09:07,WAKE,62,
2026-03-11,09:08,LIGHT,64,
2026-03-11,09:09,LIGHT,64,
2026-03-11,09:10,LIGHT,66,
2026-03-11,09:11,LIGHT,61,
2026-03-11,09:12,LIGHT,65,
2026-03-11,09:13,LIGHT,61,
2026-03-12,00:35,LIGHT,73,
2026-03-12,00:36,LIGHT,77,
2026-03-12,00:37,LIGHT,87,
2026-03-12,00:38,LIGHT,89,
2026-03-12,00:39,LIGHT,81,
2026-03-12,00:40,LIGHT,77,
2026-03-12,00:41,LIGHT,76,
2026-03-12,00:42,LIGHT,77,
2026-03-12,00:43,LIGHT,76,
2026-03-12,00:44,LIGHT,82,
2026-03-12,00:45,LIGHT,86,
2026-03-12,00:46,LIGHT,83,
2026-03-12,00:47,LIGHT,76,
2026-03-12,00:48,LIGHT,75,
2026-03-12,00:49,LIGHT,72,
2026-03-12,00:50,LIGHT,70,
2026-03-12,00:51,LIGHT,71,
2026-03-12,00:52,LIGHT,71,
2026-03-12,00:53,DEEP,71,
2026-03-12,00:54,DEEP,71,
2026-03-12,00:55,DEEP,68,
2026-03-12,00:56,DEEP,67,
2026-03-12,00:57,DEEP,67,
2026-03-12,00:58,DEEP,76,
2026-03-12,00:59,DEEP,76,
2026-03-12,01:00,DEEP,75,
2026-03-12,01:01,DEEP,76,
2026-03-12,01:02,DEEP,70,
2026-03-12,01:03,DEEP,67,
2026-03-12,01:04,DEEP,66,
2026-03-12,01:05,DEEP,69,
2026-03-12,01:06,DEEP,69,
2026-03-12,01:07,DEEP,74,
2026-03-12,01:08,DEEP,78,
2026-03-12,01:09,DEEP,77,
2026-03-12,01:10,DEEP,78,
2026-03-12,01:11,DEEP,75,
2026-03-12,01:12,DEEP,72,
2026-03-12,01:13,DEEP,69,
2026-03-12,01:14,DEEP,79,
2026-03-12,01:15,DEEP,73,
2026-03-12,01:16,DEEP,74,
2026-03-12,01:17,DEEP,74,
2026-03-12,01:18,DEEP,76,
2026-03-12,01:19,DEEP,72,
2026-03-12,01:20,DEEP,65,
2026-03-12,01:21,LIGHT,64,
2026-03-12,01:22,LIGHT,66,
2026-03-12,01:23,LIGHT,66,
2026-03-12,01:24,WAKE,65,
2026-03-12,01:25,LIGHT,67,
2026-03-12,01:26,LIGHT,64,
2026-03-12,01:27,LIGHT,71,
2026-03-12,01:28,LIGHT,64,
2026-03-12,01:29,LIGHT,63,
2026-03-12,01:30,LIGHT,63,
2026-03-12,01:31,LIGHT,63,
2026-03-12,01:32,LIGHT,63,
2026-03-12,01:33,LIGHT,65,
2026-03-12,01:34,LIGHT,64,
2026-03-12,01:35,LIGHT,64,
2026-03-12,01:36,LIGHT,65,
2026-03-12,01:37,REM,65,
2026-03-12,01:38,REM,65,
2026-03-12,01:39,REM,72,
2026-03-12,01:40,REM,66,
2026-03-12,01:41,REM,63,
2026-03-12,01:42,REM,62,
2026-03-12,01:43,REM,63,
2026-03-12,01:44,REM,63,
2026-03-12,01:45,REM,64,
2026-03-12,01:46,REM,64,
2026-03-12,01:47,REM,64,
2026-03-12,01:48,REM,65,
2026-03-12,01:49,REM,65,
2026-03-12,01:50,REM,65,
2026-03-12,01:51,LIGHT,65,
2026-03-12,01:52,LIGHT,67,
2026-03-12,01:53,LIGHT,69,
2026-03-12,01:54,WAKE,63,
2026-03-12,01:55,LIGHT,63,
2026-03-12,01:56,LIGHT,64,
2026-03-12,01:57,LIGHT,65,
2026-03-12,01:58,LIGHT,65,
2026-03-12,01:59,LIGHT,66,
2026-03-12,02:00,LIGHT,66,
2026-03-12,02:01,LIGHT,66,
2026-03-12,02:02,LIGHT,66,
2026-03-12,02:03,LIGHT,66,
2026-03-12,02:04,LIGHT,67,
2026-03-12,02:05,LIGHT,67,
2026-03-12,02:06,WAKE,67,
2026-03-12,02:07,LIGHT,66,
2026-03-12,02:08,LIGHT,66,
2026-03-12,02:09,LIGHT,67,
2026-03-12,02:10,LIGHT,67,
2026-03-12,02:11,LIGHT,67,
2026-03-12,02:12,LIGHT,66,
2026-03-12,02:13,LIGHT,66,
2026-03-12,02:14,LIGHT,66,
2026-03-12,02:15,LIGHT,66,
2026-03-12,02:16,LIGHT,66,
2026-03-12,02:17,LIGHT,67,
2026-03-12,02:18,LIGHT,66,
2026-03-12,02:19,LIGHT,75,
2026-03-12,02:20,LIGHT,77,
2026-03-12,02:21,LIGHT,69,
2026-03-12,02:22,LIGHT,66,
2026-03-12,02:23,LIGHT,71,
2026-03-12,02:24,LIGHT,74,
2026-03-12,02:25,LIGHT,68,
2026-03-12,02:26,LIGHT,65,
2026-03-12,02:27,LIGHT,68,
2026-03-12,02:28,LIGHT,68,
2026-03-12,02:29,LIGHT,68,
2026-03-12,02:30,LIGHT,68,
2026-03-12,02:31,LIGHT,70,
2026-03-12,02:32,LIGHT,68,
2026-03-12,02:33,LIGHT,68,
2026-03-12,02:34,LIGHT,68,
2026-03-12,02:35,LIGHT,69,
2026-03-12,02:36,LIGHT,69,
2026-03-12,02:37,LIGHT,71,
2026-03-12,02:38,LIGHT,70,
2026-03-12,02:39,LIGHT,67,
2026-03-12,02:40,LIGHT,66,
2026-03-12,02:41,LIGHT,67,
2026-03-12,02:42,LIGHT,67,
2026-03-12,02:43,LIGHT,68,
2026-03-12,02:44,LIGHT,68,
2026-03-12,02:45,LIGHT,68,
2026-03-12,02:46,LIGHT,68,
2026-03-12,02:47,LIGHT,68,
2026-03-12,02:48,DEEP,68,
2026-03-12,02:49,DEEP,68,
2026-03-12,02:50,DEEP,68,
2026-03-12,02:51,DEEP,68,
2026-03-12,02:52,DEEP,68,
2026-03-12,02:53,DEEP,68,
2026-03-12,02:54,DEEP,68,
2026-03-12,02:55,DEEP,68,
2026-03-12,02:56,DEEP,68,
2026-03-12,02:57,DEEP,68,
2026-03-12,02:58,DEEP,68,
2026-03-12,02:59,DEEP,68,
2026-03-12,03:00,DEEP,68,
2026-03-12,03:01,DEEP,68,
2026-03-12,03:02,DEEP,68,
2026-03-12,03:03,DEEP,68,
2026-03-12,03:04,DEEP,68,
2026-03-12,03:05,DEEP,68,
2026-03-12,03:06,DEEP,68,
2026-03-12,03:07,DEEP,73,
2026-03-12,03:08,LIGHT,65,
2026-03-12,03:09,LIGHT,60,
2026-03-12,03:10,LIGHT,60,
2026-03-12,03:11,WAKE,59,
2026-03-12,03:12,LIGHT,60,
2026-03-12,03:13,LIGHT,61,
2026-03-12,03:14,LIGHT,61,
2026-03-12,03:15,LIGHT,63,
2026-03-12,03:16,LIGHT,63,
2026-03-12,03:17,LIGHT,63,
2026-03-12,03:18,LIGHT,63,
2026-03-12,03:19,LIGHT,62,
2026-03-12,03:20,LIGHT,61,
2026-03-12,03:21,LIGHT,61,
2026-03-12,03:22,LIGHT,62,
2026-03-12,03:23,LIGHT,62,
2026-03-12,03:24,LIGHT,62,
2026-03-12,03:25,LIGHT,62,
2026-03-12,03:26,LIGHT,61,
2026-03-12,03:27,LIGHT,62,
2026-03-12,03:28,LIGHT,64,
2026-03-12,03:29,LIGHT,66,
2026-03-12,03:30,LIGHT,59,
2026-03-12,03:31,LIGHT,59,
2026-03-12,03:32,LIGHT,59,
2026-03-12,03:33,LIGHT,61,
2026-03-12,03:34,LIGHT,61,
2026-03-12,03:35,LIGHT,62,
2026-03-12,03:36,LIGHT,62,
2026-03-12,03:37,LIGHT,61,
2026-03-12,03:38,LIGHT,61,
2026-03-12,03:39,LIGHT,61,
2026-03-12,03:40,LIGHT,61,
2026-03-12,03:41,LIGHT,61,
2026-03-12,03:42,LIGHT,61,
2026-03-12,03:43,LIGHT,61,
2026-03-12,03:44,LIGHT,61,
2026-03-12,03:45,LIGHT,61,
2026-03-12,03:46,LIGHT,61,
2026-03-12,03:47,LIGHT,66,
2026-03-12,03:48,LIGHT,66,
2026-03-12,03:49,REM,64,
2026-03-12,03:50,REM,69,
2026-03-12,03:51,REM,67,
2026-03-12,03:52,REM,60,
2026-03-12,03:53,REM,62,
2026-03-12,03:54,REM,62,
2026-03-12,03:55,REM,66,
2026-03-12,03:56,REM,66,
2026-03-12,03:57,REM,68,
2026-03-12,03:58,REM,67,
2026-03-12,03:59,REM,70,
2026-03-12,04:00,REM,74,
2026-03-12,04:01,REM,74,
2026-03-12,04:02,REM,71,
2026-03-12,04:03,REM,71,
2026-03-12,04:04,REM,68,
2026-03-12,04:05,REM,65,
2026-03-12,04:06,REM,62,
2026-03-12,04:07,REM,59,
2026-03-12,04:08,REM,59,
2026-03-12,04:09,REM,62,
2026-03-12,04:10,REM,62,
2026-03-12,04:11,REM,61,
2026-03-12,04:12,REM,62,
2026-03-12,04:13,REM,64,
2026-03-12,04:14,REM,64,
2026-03-12,04:15,REM,62,
2026-03-12,04:16,REM,59,
2026-03-12,04:17,REM,61,
2026-03-12,04:18,REM,58,
2026-03-12,04:19,REM,69,
2026-03-12,04:20,REM,74,
2026-03-12,04:21,REM,66,
2026-03-12,04:22,REM,63,
2026-03-12,04:23,REM,65,
2026-03-12,04:24,REM,65,
2026-03-12,04:25,REM,70,
2026-03-12,04:26,REM,63,
2026-03-12,04:27,REM,55,
2026-03-12,04:28,REM,57,
2026-03-12,04:29,REM,63,
2026-03-12,04:30,REM,63,
2026-03-12,04:31,REM,63,
2026-03-12,04:32,REM,63,
2026-03-12,04:33,REM,64,
2026-03-12,04:34,LIGHT,57,
2026-03-12,04:35,LIGHT,57,
2026-03-12,04:36,LIGHT,59,
2026-03-12,04:37,LIGHT,59,
2026-03-12,04:38,LIGHT,61,
2026-03-12,04:39,LIGHT,73,
2026-03-12,04:40,LIGHT,69,
2026-03-12,04:41,LIGHT,64,
2026-03-12,04:42,LIGHT,59,
2026-03-12,04:43,LIGHT,59,
2026-03-12,04:44,LIGHT,60,
2026-03-12,04:45,LIGHT,62,
2026-03-12,04:46,LIGHT,62,
2026-03-12,04:47,LIGHT,62,
2026-03-12,04:48,LIGHT,62,
2026-03-12,04:49,LIGHT,62,
2026-03-12,04:50,LIGHT,62,
2026-03-12,04:51,LIGHT,62,
2026-03-12,04:52,LIGHT,62,
2026-03-12,04:53,LIGHT,62,
2026-03-12,04:54,LIGHT,63,
2026-03-12,04:55,LIGHT,63,
2026-03-12,04:56,LIGHT,63,
2026-03-12,04:57,LIGHT,61,
2026-03-12,04:58,LIGHT,62,
2026-03-12,04:59,LIGHT,62,
2026-03-12,05:00,LIGHT,62,
2026-03-12,05:01,LIGHT,64,
2026-03-12,05:02,DEEP,66,
2026-03-12,05:03,DEEP,58,
2026-03-12,05:04,DEEP,55,
2026-03-12,05:05,DEEP,55,
2026-03-12,05:06,DEEP,57,
2026-03-12,05:07,DEEP,58,
2026-03-12,05:08,DEEP,58,
2026-03-12,05:09,DEEP,57,
2026-03-12,05:10,DEEP,59,
2026-03-12,05:11,DEEP,59,
2026-03-12,05:12,DEEP,59,
2026-03-12,05:13,DEEP,59,
2026-03-12,05:14,DEEP,59,
2026-03-12,05:15,DEEP,59,
2026-03-12,05:16,DEEP,58,
2026-03-12,05:17,DEEP,58,
2026-03-12,05:18,DEEP,58,
2026-03-12,05:19,DEEP,58,
2026-03-12,05:20,DEEP,58,
2026-03-12,05:21,DEEP,63,
2026-03-12,05:22,DEEP,57,
2026-03-12,05:23,DEEP,55,
2026-03-12,05:24,LIGHT,55,
2026-03-12,05:25,LIGHT,55,
2026-03-12,05:26,LIGHT,55,
2026-03-12,05:27,LIGHT,56,
2026-03-12,05:28,LIGHT,64,
2026-03-12,05:29,LIGHT,65,
2026-03-12,05:30,LIGHT,57,
2026-03-12,05:31,REM,54,
2026-03-12,05:32,REM,54,
2026-03-12,05:33,REM,59,
2026-03-12,05:34,REM,56,
2026-03-12,05:35,REM,57,
2026-03-12,05:36,REM,54,
2026-03-12,05:37,REM,53,
2026-03-12,05:38,REM,56,
2026-03-12,05:39,LIGHT,62,
2026-03-12,05:40,LIGHT,56,
2026-03-12,05:41,LIGHT,57,
2026-03-12,05:42,WAKE,58,
2026-03-12,05:43,LIGHT,62,
2026-03-12,05:44,LIGHT,66,
2026-03-12,05:45,LIGHT,63,
2026-03-12,05:46,LIGHT,62,
2026-03-12,05:47,LIGHT,62,
2026-03-12,05:48,LIGHT,61,
2026-03-12,05:49,LIGHT,63,
2026-03-12,05:50,LIGHT,60,
2026-03-12,05:51,LIGHT,55,
2026-03-12,05:52,LIGHT,64,
2026-03-12,05:53,LIGHT,58,
2026-03-12,05:54,LIGHT,62,
2026-03-12,05:55,LIGHT,67,
2026-03-12,05:56,LIGHT,60,
2026-03-12,05:57,LIGHT,58,
2026-03-12,05:58,LIGHT,62,
2026-03-12,05:59,LIGHT,56,
2026-03-12,06:00,LIGHT,55,
2026-03-12,06:01,LIGHT,55,
2026-03-12,06:02,LIGHT,56,
2026-03-12,06:03,LIGHT,58,
2026-03-12,06:04,LIGHT,58,
2026-03-12,06:05,LIGHT,65,
2026-03-12,06:06,LIGHT,57,
2026-03-12,06:07,LIGHT,54,
2026-03-12,06:08,LIGHT,54,
2026-03-12,06:09,LIGHT,54,
2026-03-12,06:10,LIGHT,54,
2026-03-12,06:11,LIGHT,59,
2026-03-12,06:12,LIGHT,53,
2026-03-12,06:13,LIGHT,53,
2026-03-12,06:14,LIGHT,53,
2026-03-12,06:15,LIGHT,54,
2026-03-12,06:16,LIGHT,54,
2026-03-12,06:17,LIGHT,54,
2026-03-12,06:18,LIGHT,54,
2026-03-12,06:19,LIGHT,58,
2026-03-12,06:20,LIGHT,61,
2026-03-12,06:21,LIGHT,54,
2026-03-12,06:22,LIGHT,54,
2026-03-12,06:23,LIGHT,54,
2026-03-12,06:24,LIGHT,54,
2026-03-12,06:25,LIGHT,54,
2026-03-12,06:26,LIGHT,55,
2026-03-12,06:27,LIGHT,57,
2026-03-12,06:28,LIGHT,69,
2026-03-12,06:29,LIGHT,58,
2026-03-12,06:30,DEEP,54,
2026-03-12,06:31,DEEP,53,
2026-03-12,06:32,DEEP,53,
2026-03-12,06:33,DEEP,53,
2026-03-12,06:34,LIGHT,53,
2026-03-12,06:35,LIGHT,53,
2026-03-12,06:36,LIGHT,53,
2026-03-12,06:37,LIGHT,53,
2026-03-12,06:38,LIGHT,53,
2026-03-12,06:39,LIGHT,53,
2026-03-12,06:40,LIGHT,55,
2026-03-12,06:41,LIGHT,64,
2026-03-12,06:42,LIGHT,58,
2026-03-12,06:43,LIGHT,55,
2026-03-12,06:44,LIGHT,55,
2026-03-12,06:45,LIGHT,59,
2026-03-12,06:46,LIGHT,55,
2026-03-12,06:47,LIGHT,55,
2026-03-12,06:48,LIGHT,55,
2026-03-12,06:49,LIGHT,56,
2026-03-12,06:50,LIGHT,56,
2026-03-12,06:51,LIGHT,56,
2026-03-12,06:52,LIGHT,56,
2026-03-12,06:53,LIGHT,56,
2026-03-12,06:54,LIGHT,56,
2026-03-12,06:55,LIGHT,56,
2026-03-12,06:56,LIGHT,56,
2026-03-12,06:57,LIGHT,64,
2026-03-12,06:58,LIGHT,68,
2026-03-12,06:59,LIGHT,61,
2026-03-12,07:00,REM,57,
2026-03-12,07:01,REM,54,
2026-03-12,07:02,REM,54,
2026-03-12,07:03,REM,59,
2026-03-12,07:04,REM,55,
2026-03-12,07:05,REM,58,
2026-03-12,07:06,REM,55,
2026-03-12,07:07,REM,57,
2026-03-12,07:08,REM,54,
2026-03-12,07:09,REM,59,
2026-03-12,07:10,REM,64,
2026-03-12,07:11,REM,68,
2026-03-12,07:12,REM,62,
2026-03-12,07:13,REM,58,
2026-03-12,07:14,REM,58,
2026-03-12,07:15,REM,57,
2026-03-12,07:16,REM,57,
2026-03-12,07:17,REM,54,
2026-03-12,07:18,REM,55,
2026-03-12,07:19,REM,53,
2026-03-12,07:20,REM,56,
2026-03-12,07:21,REM,57,
2026-03-12,07:22,REM,64,
2026-03-12,07:23,REM,56,
2026-03-12,07:24,REM,54,
2026-03-12,07:25,REM,56,
2026-03-12,07:26,REM,52,
2026-03-12,07:27,REM,53,
2026-03-12,07:28,REM,57,
2026-03-12,07:29,REM,57,
2026-03-12,07:30,REM,56,
2026-03-12,07:31,REM,57,
2026-03-12,07:32,REM,57,
2026-03-12,07:33,REM,57,
2026-03-12,07:34,REM,57,
2026-03-12,07:35,REM,58,
2026-03-12,07:36,REM,61,
2026-03-12,07:37,REM,61,
2026-03-12,07:38,REM,71,
2026-03-12,07:39,REM,65,
2026-03-12,07:40,REM,63,
2026-03-12,07:41,REM,68,
2026-03-12,07:42,REM,65,
2026-03-12,07:43,REM,61,
2026-03-12,07:44,REM,58,
2026-03-12,07:45,REM,59,
2026-03-12,07:46,REM,59,
2026-03-12,07:47,REM,59,
2026-03-12,07:48,REM,52,
2026-03-12,07:49,REM,62,
2026-03-12,07:50,REM,59,
2026-03-12,07:51,REM,61,
2026-03-12,07:52,LIGHT,66,
2026-03-12,07:53,LIGHT,56,
2026-03-12,07:54,LIGHT,56,
2026-03-12,07:55,LIGHT,55,
2026-03-12,07:56,LIGHT,56,
2026-03-12,07:57,LIGHT,60,
2026-03-12,07:58,LIGHT,62,
2026-03-12,07:59,LIGHT,60,
2026-03-12,08:00,LIGHT,59,
2026-03-12,08:01,LIGHT,60,
2026-03-12,08:02,LIGHT,59,
2026-03-12,08:03,LIGHT,61,
2026-03-12,08:04,LIGHT,59,
2026-03-12,08:05,LIGHT,59,
2026-03-12,08:06,LIGHT,59,
2026-03-12,08:07,LIGHT,59,
2026-03-12,08:08,LIGHT,59,
2026-03-12,08:09,LIGHT,59,
2026-03-12,08:10,LIGHT,58,
2026-03-12,08:11,LIGHT,58,
2026-03-12,08:12,LIGHT,59,
2026-03-12,08:13,LIGHT,66,
2026-03-12,08:14,LIGHT,60,
2026-03-12,08:15,LIGHT,58,
2026-03-12,08:16,LIGHT,58,
2026-03-12,08:17,LIGHT,58,
2026-03-12,08:18,LIGHT,58,
2026-03-12,08:19,LIGHT,58,
2026-03-12,08:20,LIGHT,58,
2026-03-12,08:21,LIGHT,58,
2026-03-12,08:22,LIGHT,58,
2026-03-12,08:23,LIGHT,58,
2026-03-12,08:24,LIGHT,57,
2026-03-12,08:25,LIGHT,57,
2026-03-12,08:26,LIGHT,58,
2026-03-12,08:27,LIGHT,59,
2026-03-12,08:28,LIGHT,59,
2026-03-12,08:29,LIGHT,58,
2026-03-12,08:30,LIGHT,58,
2026-03-12,08:31,LIGHT,58,
2026-03-12,08:32,WAKE,58,
2026-03-12,08:33,LIGHT,58,
2026-03-12,08:34,LIGHT,60,
2026-03-12,08:35,LIGHT,59,
2026-03-12,08:36,LIGHT,59,
2026-03-12,08:37,LIGHT,61,
2026-03-12,08:38,LIGHT,60,
2026-03-12,08:39,LIGHT,60,
2026-03-12,08:40,LIGHT,67,
2026-03-12,08:41,LIGHT,66,
2026-03-12,08:42,LIGHT,58,
2026-03-12,08:43,LIGHT,56,
2026-03-12,08:44,LIGHT,56,
2026-03-12,08:45,LIGHT,56,
2026-03-12,08:46,LIGHT,56,
2026-03-12,08:47,LIGHT,58,
2026-03-12,08:48,REM,57,
2026-03-12,08:49,REM,57,
2026-03-12,08:50,REM,57,
2026-03-12,08:51,REM,57,
2026-03-12,08:52,REM,57,
2026-03-12,08:53,REM,57,
2026-03-12,08:54,REM,56,
2026-03-12,08:55,REM,56,
2026-03-12,08:56,REM,52,
2026-03-12,08:57,REM,58,
2026-03-12,08:58,REM,65,
2026-03-12,08:59,REM,64,
2026-03-12,09:00,REM,63,
2026-03-12,09:01,REM,57,
2026-03-12,09:02,REM,56,
2026-03-12,09:03,REM,58,
2026-03-12,09:04,REM,60,
2026-03-12,09:05,REM,60,
2026-03-12,09:06,REM,58,
2026-03-12,09:07,REM,60,
2026-03-12,09:08,REM,62,
2026-03-12,09:09,REM,59,
2026-03-12,09:10,REM,66,
2026-03-12,09:11,REM,72,
2026-03-12,09:12,REM,64,
2026-03-12,09:13,LIGHT,65,
2026-03-12,09:14,LIGHT,73,
2026-03-12,09:15,LIGHT,71,
2026-03-12,09:16,LIGHT,68,
2026-03-12,09:17,LIGHT,65,
2026-03-13,01:25,LIGHT,60,
2026-03-13,01:26,LIGHT,60,
2026-03-13,01:27,LIGHT,60,
2026-03-13,01:28,LIGHT,60,
2026-03-13,01:29,LIGHT,60,
2026-03-13,01:30,LIGHT,60,
2026-03-13,01:31,LIGHT,60,
2026-03-13,01:32,LIGHT,60,
2026-03-13,01:33,LIGHT,60,
2026-03-13,01:34,LIGHT,60,
2026-03-13,01:35,LIGHT,60,
2026-03-13,01:36,LIGHT,61,
2026-03-13,01:37,LIGHT,61,
2026-03-13,01:38,LIGHT,61,
2026-03-13,01:39,LIGHT,61,
2026-03-13,01:40,LIGHT,61,
2026-03-13,01:41,LIGHT,68,
2026-03-13,01:42,LIGHT,69,
2026-03-13,01:43,LIGHT,71,
2026-03-13,01:44,LIGHT,59,
2026-03-13,01:45,DEEP,58,
2026-03-13,01:46,DEEP,59,
2026-03-13,01:47,DEEP,62,
2026-03-13,01:48,DEEP,69,
2026-03-13,01:49,DEEP,60,
2026-03-13,01:50,DEEP,60,
2026-03-13,01:51,DEEP,61,
2026-03-13,01:52,DEEP,63,
2026-03-13,01:53,DEEP,65,
2026-03-13,01:54,LIGHT,67,
2026-03-13,01:55,LIGHT,66,
2026-03-13,01:56,LIGHT,64,
2026-03-13,01:57,LIGHT,64,
2026-03-13,01:58,DEEP,68,
2026-03-13,01:59,DEEP,72,
2026-03-13,02:00,DEEP,69,
2026-03-13,02:01,DEEP,63,
2026-03-13,02:02,DEEP,62,
2026-03-13,02:03,DEEP,61,
2026-03-13,02:04,DEEP,61,
2026-03-13,02:05,DEEP,61,
2026-03-13,02:06,DEEP,61,
2026-03-13,02:07,DEEP,61,
2026-03-13,02:08,DEEP,62,
2026-03-13,02:09,DEEP,62,
2026-03-13,02:10,DEEP,62,
2026-03-13,02:11,DEEP,63,
2026-03-13,02:12,DEEP,63,
2026-03-13,02:13,DEEP,63,
2026-03-13,02:14,DEEP,63,
2026-03-13,02:15,DEEP,63,
2026-03-13,02:16,DEEP,63,
2026-03-13,02:17,DEEP,70,
2026-03-13,02:18,LIGHT,64,
2026-03-13,02:19,LIGHT,60,
2026-03-13,02:20,LIGHT,60,
2026-03-13,02:21,WAKE,61,
2026-03-13,02:22,LIGHT,61,
2026-03-13,02:23,LIGHT,62,
2026-03-13,02:24,LIGHT,62,
2026-03-13,02:25,WAKE,62,
2026-03-13,02:26,LIGHT,62,
2026-03-13,02:27,LIGHT,62,
2026-03-13,02:28,LIGHT,62,
2026-03-13,02:29,LIGHT,62,
2026-03-13,02:30,LIGHT,62,
2026-03-13,02:31,LIGHT,62,
2026-03-13,02:32,LIGHT,62,
2026-03-13,02:33,LIGHT,68,
2026-03-13,02:34,LIGHT,62,
2026-03-13,02:35,LIGHT,60,
2026-03-13,02:36,LIGHT,60,
2026-03-13,02:37,LIGHT,60,
2026-03-13,02:38,LIGHT,68,
2026-03-13,02:39,LIGHT,61,
2026-03-13,02:40,LIGHT,60,
2026-03-13,02:41,LIGHT,62,
2026-03-13,02:42,LIGHT,62,
2026-03-13,02:43,LIGHT,62,
2026-03-13,02:44,LIGHT,63,
2026-03-13,02:45,LIGHT,64,
2026-03-13,02:46,LIGHT,64,
2026-03-13,02:47,LIGHT,65,
2026-03-13,02:48,LIGHT,65,
2026-03-13,02:49,LIGHT,65,
2026-03-13,02:50,LIGHT,65,
2026-03-13,02:51,LIGHT,65,
2026-03-13,02:52,LIGHT,65,
2026-03-13,02:53,LIGHT,65,
2026-03-13,02:54,DEEP,65,
2026-03-13,02:55,DEEP,65,
2026-03-13,02:56,DEEP,66,
2026-03-13,02:57,DEEP,66,
2026-03-13,02:58,DEEP,65,
2026-03-13,02:59,DEEP,65,
2026-03-13,03:00,DEEP,65,
2026-03-13,03:01,DEEP,66,
2026-03-13,03:02,DEEP,66,
2026-03-13,03:03,DEEP,66,
2026-03-13,03:04,DEEP,66,
2026-03-13,03:05,DEEP,66,
2026-03-13,03:06,DEEP,66,
2026-03-13,03:07,DEEP,71,
2026-03-13,03:08,DEEP,63,
2026-03-13,03:09,LIGHT,57,
2026-03-13,03:10,LIGHT,58,
2026-03-13,03:11,LIGHT,69,
2026-03-13,03:12,LIGHT,69,
2026-03-13,03:13,LIGHT,67,
2026-03-13,03:14,LIGHT,59,
2026-03-13,03:15,DEEP,56,
2026-03-13,03:16,DEEP,58,
2026-03-13,03:17,DEEP,59,
2026-03-13,03:18,DEEP,55,
2026-03-13,03:19,DEEP,55,
2026-03-13,03:20,DEEP,55,
2026-03-13,03:21,DEEP,57,
2026-03-13,03:22,DEEP,60,
2026-03-13,03:23,DEEP,63,
2026-03-13,03:24,DEEP,60,
2026-03-13,03:25,DEEP,63,
2026-03-13,03:26,DEEP,63,
2026-03-13,03:27,DEEP,68,
2026-03-13,03:28,DEEP,71,
2026-03-13,03:29,DEEP,71,
2026-03-13,03:30,LIGHT,74,
2026-03-13,03:31,LIGHT,71,
2026-03-13,03:32,LIGHT,70,
2026-03-13,03:33,LIGHT,66,
2026-03-13,03:34,LIGHT,60,
2026-03-13,03:35,DEEP,60,
2026-03-13,03:36,DEEP,57,
2026-03-13,03:37,DEEP,59,
2026-03-13,03:38,DEEP,59,
2026-03-13,03:39,DEEP,59,
2026-03-13,03:40,DEEP,60,
2026-03-13,03:41,DEEP,62,
2026-03-13,03:42,DEEP,60,
2026-03-13,03:43,DEEP,65,
2026-03-13,03:44,DEEP,62,
2026-03-13,03:45,DEEP,62,
2026-03-13,03:46,DEEP,64,
2026-03-13,03:47,DEEP,63,
2026-03-13,03:48,DEEP,59,
2026-03-13,03:49,LIGHT,61,
2026-03-13,03:50,LIGHT,63,
2026-03-13,03:51,LIGHT,63,
2026-03-13,03:52,LIGHT,67,
2026-03-13,03:53,LIGHT,67,
2026-03-13,03:54,LIGHT,64,
2026-03-13,03:55,LIGHT,65,
2026-03-13,03:56,LIGHT,65,
2026-03-13,03:57,REM,63,
2026-03-13,03:58,REM,65,
2026-03-13,03:59,REM,63,
2026-03-13,04:00,REM,63,
2026-03-13,04:01,REM,61,
2026-03-13,04:02,REM,58,
2026-03-13,04:03,REM,58,
2026-03-13,04:04,REM,67,
2026-03-13,04:05,REM,72,
2026-03-13,04:06,REM,63,
2026-03-13,04:07,REM,60,
2026-03-13,04:08,REM,59,
2026-03-13,04:09,REM,59,
2026-03-13,04:10,REM,59,
2026-03-13,04:11,REM,60,
2026-03-13,04:12,REM,59,
2026-03-13,04:13,REM,59,
2026-03-13,04:14,REM,59,
2026-03-13,04:15,REM,59,
2026-03-13,04:16,REM,61,
2026-03-13,04:17,REM,59,
2026-03-13,04:18,REM,59,
2026-03-13,04:19,REM,59,
2026-03-13,04:20,REM,59,
2026-03-13,04:21,REM,61,
2026-03-13,04:22,REM,59,
2026-03-13,04:23,REM,57,
2026-03-13,04:24,REM,57,
2026-03-13,04:25,REM,58,
2026-03-13,04:26,REM,58,
2026-03-13,04:27,REM,59,
2026-03-13,04:28,REM,59,
2026-03-13,04:29,REM,59,
2026-03-13,04:30,REM,60,
2026-03-13,04:31,REM,60,
2026-03-13,04:32,REM,59,
2026-03-13,04:33,REM,59,
2026-03-13,04:34,REM,59,
2026-03-13,04:35,REM,59,
2026-03-13,04:36,LIGHT,60,
2026-03-13,04:37,LIGHT,60,
2026-03-13,04:38,LIGHT,60,
2026-03-13,04:39,LIGHT,60,
2026-03-13,04:40,LIGHT,70,
2026-03-13,04:41,LIGHT,61,
2026-03-13,04:42,LIGHT,59,
2026-03-13,04:43,LIGHT,59,
2026-03-13,04:44,LIGHT,59,
2026-03-13,04:45,LIGHT,64,
2026-03-13,04:46,LIGHT,67,
2026-03-13,04:47,LIGHT,59,
2026-03-13,04:48,LIGHT,56,
2026-03-13,04:49,LIGHT,57,
2026-03-13,04:50,LIGHT,57,
2026-03-13,04:51,LIGHT,59,
2026-03-13,04:52,LIGHT,58,
2026-03-13,04:53,LIGHT,58,
2026-03-13,04:54,LIGHT,59,
2026-03-13,04:55,LIGHT,60,
2026-03-13,04:56,LIGHT,59,
2026-03-13,04:57,LIGHT,59,
2026-03-13,04:58,LIGHT,59,
2026-03-13,04:59,LIGHT,58,
2026-03-13,05:00,LIGHT,59,
2026-03-13,05:01,LIGHT,59,
2026-03-13,05:02,LIGHT,59,
2026-03-13,05:03,LIGHT,60,
2026-03-13,05:04,LIGHT,60,
2026-03-13,05:05,LIGHT,60,
2026-03-13,05:06,LIGHT,60,
2026-03-13,05:07,LIGHT,60,
2026-03-13,05:08,LIGHT,60,
2026-03-13,05:09,LIGHT,60,
2026-03-13,05:10,LIGHT,60,
2026-03-13,05:11,LIGHT,60,
2026-03-13,05:12,LIGHT,60,
2026-03-13,05:13,LIGHT,60,
2026-03-13,05:14,LIGHT,60,
2026-03-13,05:15,DEEP,60,
2026-03-13,05:16,DEEP,60,
2026-03-13,05:17,DEEP,60,
2026-03-13,05:18,DEEP,60,
2026-03-13,05:19,DEEP,60,
2026-03-13,05:20,DEEP,72,
2026-03-13,05:21,DEEP,61,
2026-03-13,05:22,DEEP,58,
2026-03-13,05:23,LIGHT,57,
2026-03-13,05:24,LIGHT,59,
2026-03-13,05:25,LIGHT,64,
2026-03-13,05:26,LIGHT,62,
2026-03-13,05:27,LIGHT,56,
2026-03-13,05:28,LIGHT,57,
2026-03-13,05:29,LIGHT,57,
2026-03-13,05:30,LIGHT,59,
2026-03-13,05:31,LIGHT,61,
2026-03-13,05:32,LIGHT,59,
2026-03-13,05:33,LIGHT,60,
2026-03-13,05:34,LIGHT,60,
2026-03-13,05:35,REM,60,
2026-03-13,05:36,REM,58,
2026-03-13,05:37,REM,56,
2026-03-13,05:38,REM,66,
2026-03-13,05:39,REM,61,
2026-03-13,05:40,REM,60,
2026-03-13,05:41,REM,61,
2026-03-13,05:42,REM,58,
2026-03-13,05:43,REM,58,
2026-03-13,05:44,REM,58,
2026-03-13,05:45,REM,60,
2026-03-13,05:46,REM,60,
2026-03-13,05:47,REM,62,
2026-03-13,05:48,REM,56,
2026-03-13,05:49,REM,53,
2026-03-13,05:50,REM,53,
2026-03-13,05:51,REM,54,
2026-03-13,05:52,REM,54,
2026-03-13,05:53,REM,55,
2026-03-13,05:54,REM,60,
2026-03-13,05:55,REM,57,
2026-03-13,05:56,REM,56,
2026-03-13,05:57,REM,55,
2026-03-13,05:58,REM,56,
2026-03-13,05:59,REM,56,
2026-03-13,06:00,REM,56,
2026-03-13,06:01,REM,55,
2026-03-13,06:02,REM,62,
2026-03-13,06:03,REM,56,
2026-03-13,06:04,LIGHT,56,
2026-03-13,06:05,LIGHT,56,
2026-03-13,06:06,LIGHT,56,
2026-03-13,06:07,LIGHT,61,
2026-03-13,06:08,LIGHT,55,
2026-03-13,06:09,LIGHT,55,
2026-03-13,06:10,LIGHT,56,
2026-03-13,06:11,LIGHT,56,
2026-03-13,06:12,LIGHT,57,
2026-03-13,06:13,LIGHT,57,
2026-03-13,06:14,LIGHT,57,
2026-03-13,06:15,LIGHT,57,
2026-03-13,06:16,LIGHT,58,
2026-03-13,06:17,LIGHT,58,
2026-03-13,06:18,LIGHT,58,
2026-03-13,06:19,LIGHT,58,
2026-03-13,06:20,LIGHT,58,
2026-03-13,06:21,LIGHT,58,
2026-03-13,06:22,LIGHT,58,
2026-03-13,06:23,LIGHT,58,
2026-03-13,06:24,LIGHT,58,
2026-03-13,06:25,LIGHT,58,
2026-03-13,06:26,LIGHT,66,
2026-03-13,06:27,LIGHT,58,
2026-03-13,06:28,LIGHT,55,
2026-03-13,06:29,LIGHT,55,
2026-03-13,06:30,LIGHT,56,
2026-03-13,06:31,LIGHT,56,
2026-03-13,06:32,LIGHT,56,
2026-03-13,06:33,LIGHT,56,
2026-03-13,06:34,LIGHT,56,
2026-03-13,06:35,LIGHT,56,
2026-03-13,06:36,LIGHT,56,
2026-03-13,06:37,LIGHT,56,
2026-03-13,06:38,LIGHT,56,
2026-03-13,06:39,LIGHT,57,
2026-03-13,06:40,LIGHT,57,
2026-03-13,06:41,LIGHT,57,
2026-03-13,06:42,LIGHT,57,
2026-03-13,06:43,LIGHT,57,
2026-03-13,06:44,LIGHT,57,
2026-03-13,06:45,LIGHT,57,
2026-03-13,06:46,LIGHT,57,
2026-03-13,06:47,LIGHT,57,
2026-03-13,06:48,LIGHT,57,
2026-03-13,06:49,LIGHT,67,
2026-03-13,06:50,LIGHT,67,
2026-03-13,06:51,LIGHT,56,
2026-03-13,06:52,LIGHT,54,
2026-03-13,06:53,LIGHT,55,
2026-03-13,06:54,LIGHT,55,
2026-03-13,06:55,LIGHT,54,
2026-03-13,06:56,LIGHT,55,
2026-03-13,06:57,LIGHT,56,
2026-03-13,06:58,LIGHT,61,
2026-03-13,06:59,LIGHT,56,
2026-03-13,07:00,LIGHT,56,
2026-03-13,07:01,LIGHT,60,
2026-03-13,07:02,LIGHT,59,
2026-03-13,07:03,LIGHT,54,
2026-03-13,07:04,LIGHT,54,
2026-03-13,07:05,LIGHT,54,
2026-03-13,07:06,LIGHT,52,
2026-03-13,07:07,LIGHT,54,
2026-03-13,07:08,REM,56,
2026-03-13,07:09,REM,54,
2026-03-13,07:10,REM,54,
2026-03-13,07:11,REM,54,
2026-03-13,07:12,REM,55,
2026-03-13,07:13,REM,60,
2026-03-13,07:14,REM,57,
2026-03-13,07:15,REM,55,
2026-03-13,07:16,REM,64,
2026-03-13,07:17,REM,56,
2026-03-13,07:18,REM,56,
2026-03-13,07:19,REM,56,
2026-03-13,07:20,REM,58,
2026-03-13,07:21,REM,59,
2026-03-13,07:22,REM,63,
2026-03-13,07:23,REM,57,
2026-03-13,07:24,REM,57,
2026-03-13,07:25,REM,59,
2026-03-13,07:26,REM,65,
2026-03-13,07:27,REM,63,
2026-03-13,07:28,REM,68,
2026-03-13,07:29,REM,58,
2026-03-13,07:30,REM,58,
2026-03-13,07:31,REM,66,
2026-03-13,07:32,REM,63,
2026-03-13,07:33,REM,57,
2026-03-13,07:34,REM,58,
2026-03-13,07:35,REM,59,
2026-03-13,07:36,REM,57,
2026-03-13,07:37,REM,56,
2026-03-13,07:38,REM,56,
2026-03-13,07:39,REM,56,
2026-03-13,07:40,REM,59,
2026-03-13,07:41,REM,59,
2026-03-13,07:42,REM,56,
2026-03-13,07:43,REM,56,
2026-03-13,07:44,REM,58,
2026-03-13,07:45,REM,60,
2026-03-13,07:46,REM,57,
2026-03-13,07:47,REM,57,
2026-03-13,07:48,REM,62,
2026-03-13,07:49,REM,59,
2026-03-13,07:50,REM,59,
2026-03-13,07:51,REM,57,
2026-03-13,07:52,REM,57,
2026-03-13,07:53,REM,58,
2026-03-13,07:54,REM,58,
2026-03-13,07:55,REM,59,
2026-03-13,07:56,REM,59,
2026-03-13,07:57,REM,62,
2026-03-13,07:58,REM,67,
2026-03-13,07:59,LIGHT,59,
2026-03-13,08:00,LIGHT,57,
2026-03-13,08:01,LIGHT,56,
2026-03-13,08:02,LIGHT,56,
2026-03-13,08:03,LIGHT,57,
2026-03-13,08:04,LIGHT,58,
2026-03-13,08:05,LIGHT,70,
2026-03-13,08:06,LIGHT,63,
2026-03-13,08:07,LIGHT,66,
2026-03-13,08:08,LIGHT,63,
2026-03-13,08:09,LIGHT,59,
2026-03-13,08:10,LIGHT,57,
2026-03-13,08:11,LIGHT,57,
2026-03-13,08:12,LIGHT,58,
2026-03-13,08:13,LIGHT,58,
2026-03-13,08:14,LIGHT,57,
2026-03-13,08:15,LIGHT,57,
2026-03-13,08:16,LIGHT,58,
2026-03-13,08:17,LIGHT,58,
2026-03-13,08:18,LIGHT,58,
2026-03-13,08:19,LIGHT,57,
2026-03-13,08:20,LIGHT,57,
2026-03-13,08:21,LIGHT,57,
2026-03-13,08:22,LIGHT,58,
2026-03-13,08:23,LIGHT,58,
2026-03-13,08:24,LIGHT,60,
2026-03-13,08:25,LIGHT,58,
2026-03-13,08:26,LIGHT,65,
2026-03-13,08:27,LIGHT,61,
2026-03-13,08:28,LIGHT,58,
2026-03-13,08:29,LIGHT,56,
2026-03-13,08:30,DEEP,56,
2026-03-13,08:31,DEEP,53,
2026-03-13,08:32,DEEP,58,
2026-03-13,08:33,DEEP,59,
2026-03-13,08:34,DEEP,59,
2026-03-13,08:35,DEEP,57,
2026-03-13,08:36,LIGHT,56,
2026-03-13,08:37,LIGHT,53,
2026-03-13,08:38,LIGHT,58,
2026-03-13,08:39,LIGHT,58,
2026-03-13,08:40,LIGHT,63,
2026-03-13,08:41,LIGHT,67,
2026-03-13,08:42,LIGHT,64,
2026-03-13,08:43,LIGHT,59,
2026-03-13,08:44,LIGHT,58,
2026-03-13,08:45,LIGHT,56,
2026-03-13,08:46,LIGHT,55,
2026-03-13,08:47,LIGHT,57,
2026-03-13,08:48,LIGHT,59,
2026-03-13,08:49,LIGHT,61,
2026-03-13,08:50,LIGHT,59,
2026-03-13,08:51,LIGHT,61,
2026-03-13,08:52,LIGHT,59,
2026-03-13,08:53,LIGHT,56,
2026-03-13,08:54,LIGHT,56,
2026-03-13,08:55,LIGHT,58,
2026-03-13,08:56,LIGHT,63,
2026-03-13,08:57,LIGHT,62,
2026-03-13,08:58,LIGHT,63,
2026-03-13,08:59,LIGHT,60,
2026-03-13,09:00,LIGHT,61,
2026-03-13,09:01,LIGHT,60,
2026-03-13,09:02,LIGHT,62,
2026-03-13,09:03,LIGHT,62,
2026-03-13,09:04,LIGHT,67,
2026-03-13,09:05,LIGHT,63,
2026-03-13,09:06,REM,57,
2026-03-13,09:07,REM,58,
2026-03-13,09:08,REM,58,
2026-03-13,09:09,REM,58,
2026-03-13,09:10,LIGHT,61,
2026-03-13,09:11,LIGHT,61,
2026-03-13,09:12,LIGHT,59,
2026-03-13,09:13,LIGHT,60,
2026-03-13,09:14,LIGHT,67,
2026-03-14,00:59,LIGHT,77,
2026-03-14,01:00,LIGHT,77,
2026-03-14,01:01,WAKE,91,
2026-03-14,01:02,LIGHT,98,
2026-03-14,01:03,LIGHT,90,
2026-03-14,01:04,LIGHT,84,
2026-03-14,01:05,LIGHT,80,
2026-03-14,01:06,LIGHT,72,
2026-03-14,01:07,LIGHT,72,
2026-03-14,01:08,LIGHT,72,
2026-03-14,01:09,LIGHT,72,
2026-03-14,01:10,LIGHT,72,
2026-03-14,01:11,LIGHT,72,
2026-03-14,01:12,LIGHT,72,
2026-03-14,01:13,LIGHT,74,
2026-03-14,01:14,DEEP,74,
2026-03-14,01:15,DEEP,74,
2026-03-14,01:16,DEEP,74,
2026-03-14,01:17,DEEP,73,
2026-03-14,01:18,DEEP,73,
2026-03-14,01:19,DEEP,74,
2026-03-14,01:20,DEEP,74,
2026-03-14,01:21,DEEP,74,
2026-03-14,01:22,DEEP,74,
2026-03-14,01:23,DEEP,74,
2026-03-14,01:24,DEEP,74,
2026-03-14,01:25,DEEP,75,
2026-03-14,01:26,DEEP,75,
2026-03-14,01:27,DEEP,75,
2026-03-14,01:28,DEEP,75,
2026-03-14,01:29,DEEP,76,
2026-03-14,01:30,DEEP,76,
2026-03-14,01:31,DEEP,76,
2026-03-14,01:32,DEEP,76,
2026-03-14,01:33,DEEP,76,
2026-03-14,01:34,DEEP,76,
2026-03-14,01:35,DEEP,77,
2026-03-14,01:36,DEEP,77,
2026-03-14,01:37,DEEP,77,
2026-03-14,01:38,DEEP,77,
2026-03-14,01:39,DEEP,77,
2026-03-14,01:40,DEEP,82,
2026-03-14,01:41,DEEP,97,
2026-03-14,01:42,DEEP,91,
2026-03-14,01:43,LIGHT,86,
2026-03-14,01:44,LIGHT,83,
2026-03-14,01:45,LIGHT,83,
2026-03-14,01:46,LIGHT,83,
2026-03-14,01:47,LIGHT,77,
2026-03-14,01:48,LIGHT,76,
2026-03-14,01:49,LIGHT,78,
2026-03-14,01:50,LIGHT,78,
2026-03-14,01:51,LIGHT,77,
2026-03-14,01:52,REM,77,
2026-03-14,01:53,REM,78,
2026-03-14,01:54,REM,78,
2026-03-14,01:55,REM,78,
2026-03-14,01:56,REM,77,
2026-03-14,01:57,REM,77,
2026-03-14,01:58,REM,78,
2026-03-14,01:59,REM,78,
2026-03-14,02:00,REM,78,
2026-03-14,02:01,REM,78,
2026-03-14,02:02,REM,78,
2026-03-14,02:03,LIGHT,78,
2026-03-14,02:04,LIGHT,80,
2026-03-14,02:05,LIGHT,85,
2026-03-14,02:06,LIGHT,80,
2026-03-14,02:07,LIGHT,80,
2026-03-14,02:08,LIGHT,77,
2026-03-14,02:09,LIGHT,77,
2026-03-14,02:10,LIGHT,77,
2026-03-14,02:11,LIGHT,77,
2026-03-14,02:12,LIGHT,79,
2026-03-14,02:13,LIGHT,79,
2026-03-14,02:14,LIGHT,79,
2026-03-14,02:15,LIGHT,79,
2026-03-14,02:16,LIGHT,79,
2026-03-14,02:17,LIGHT,79,
2026-03-14,02:18,LIGHT,79,
2026-03-14,02:19,LIGHT,79,
2026-03-14,02:20,LIGHT,86,
2026-03-14,02:21,LIGHT,79,
2026-03-14,02:22,LIGHT,74,
2026-03-14,02:23,LIGHT,80,
2026-03-14,02:24,LIGHT,80,
2026-03-14,02:25,LIGHT,78,
2026-03-14,02:26,LIGHT,74,
2026-03-14,02:27,LIGHT,77,
2026-03-14,02:28,LIGHT,79,
2026-03-14,02:29,LIGHT,79,
2026-03-14,02:30,LIGHT,82,
2026-03-14,02:31,LIGHT,82,
2026-03-14,02:32,LIGHT,79,
2026-03-14,02:33,LIGHT,77,
2026-03-14,02:34,LIGHT,79,
2026-03-14,02:35,LIGHT,79,
2026-03-14,02:36,LIGHT,81,
2026-03-14,02:37,LIGHT,79,
2026-03-14,02:38,LIGHT,80,
2026-03-14,02:39,LIGHT,77,
2026-03-14,02:40,LIGHT,79,
2026-03-14,02:41,LIGHT,80,
2026-03-14,02:42,LIGHT,80,
2026-03-14,02:43,LIGHT,79,
2026-03-14,02:44,LIGHT,77,
2026-03-14,02:45,LIGHT,77,
2026-03-14,02:46,LIGHT,77,
2026-03-14,02:47,LIGHT,77,
2026-03-14,02:48,DEEP,75,
2026-03-14,02:49,DEEP,76,
2026-03-14,02:50,DEEP,76,
2026-03-14,02:51,DEEP,75,
2026-03-14,02:52,DEEP,74,
2026-03-14,02:53,DEEP,74,
2026-03-14,02:54,DEEP,75,
2026-03-14,02:55,DEEP,75,
2026-03-14,02:56,DEEP,75,
2026-03-14,02:57,DEEP,75,
2026-03-14,02:58,DEEP,74,
2026-03-14,02:59,DEEP,75,
2026-03-14,03:00,DEEP,75,
2026-03-14,03:01,DEEP,79,
2026-03-14,03:02,DEEP,73,
2026-03-14,03:03,DEEP,73,
2026-03-14,03:04,DEEP,74,
2026-03-14,03:05,DEEP,74,
2026-03-14,03:06,DEEP,75,
2026-03-14,03:07,DEEP,77,
2026-03-14,03:08,DEEP,74,
2026-03-14,03:09,LIGHT,73,
2026-03-14,03:10,LIGHT,74,
2026-03-14,03:11,LIGHT,74,
2026-03-14,03:12,LIGHT,74,
2026-03-14,03:13,LIGHT,74,
2026-03-14,03:14,LIGHT,74,
2026-03-14,03:15,LIGHT,75,
2026-03-14,03:16,LIGHT,75,
2026-03-14,03:17,LIGHT,74,
2026-03-14,03:18,LIGHT,74,
2026-03-14,03:19,LIGHT,74,
2026-03-14,03:20,LIGHT,74,
2026-03-14,03:21,LIGHT,74,
2026-03-14,03:22,LIGHT,74,
2026-03-14,03:23,LIGHT,74,
2026-03-14,03:24,REM,74,
2026-03-14,03:25,REM,74,
2026-03-14,03:26,REM,74,
2026-03-14,03:27,REM,74,
2026-03-14,03:28,REM,74,
2026-03-14,03:29,REM,74,
2026-03-14,03:30,REM,74,
2026-03-14,03:31,REM,74,
2026-03-14,03:32,REM,74,
2026-03-14,03:33,REM,74,
2026-03-14,03:34,REM,74,
2026-03-14,03:35,REM,74,
2026-03-14,03:36,REM,74,
2026-03-14,03:37,REM,74,
2026-03-14,03:38,REM,73,
2026-03-14,03:39,REM,73,
2026-03-14,03:40,REM,73,
2026-03-14,03:41,REM,73,
2026-03-14,03:42,REM,73,
2026-03-14,03:43,REM,73,
2026-03-14,03:44,REM,73,
2026-03-14,03:45,REM,74,
2026-03-14,03:46,REM,73,
2026-03-14,03:47,REM,78,
2026-03-14,03:48,REM,70,
2026-03-14,03:49,REM,76,
2026-03-14,03:50,REM,71,
2026-03-14,03:51,REM,74,
2026-03-14,03:52,REM,70,
2026-03-14,03:53,REM,69,
2026-03-14,03:54,REM,71,
2026-03-14,03:55,REM,73,
2026-03-14,03:56,REM,72,
2026-03-14,03:57,REM,70,
2026-03-14,03:58,REM,75,
2026-03-14,03:59,REM,80,
2026-03-14,04:00,REM,77,
2026-03-14,04:01,REM,78,
2026-03-14,04:02,REM,80,
2026-03-14,04:03,REM,80,
2026-03-14,04:04,REM,82,
2026-03-14,04:05,REM,79,
2026-03-14,04:06,REM,69,
2026-03-14,04:07,LIGHT,68,
2026-03-14,04:08,LIGHT,68,
2026-03-14,04:09,LIGHT,70,
2026-03-14,04:10,LIGHT,70,
2026-03-14,04:11,LIGHT,70,
2026-03-14,04:12,LIGHT,65,
2026-03-14,04:13,LIGHT,68,
2026-03-14,04:14,LIGHT,70,
2026-03-14,04:15,LIGHT,70,
2026-03-14,04:16,LIGHT,70,
2026-03-14,04:17,LIGHT,70,
2026-03-14,04:18,LIGHT,69,
2026-03-14,04:19,LIGHT,71,
2026-03-14,04:20,LIGHT,70,
2026-03-14,04:21,LIGHT,74,
2026-03-14,04:22,LIGHT,67,
2026-03-14,04:23,LIGHT,69,
2026-03-14,04:24,LIGHT,70,
2026-03-14,04:25,LIGHT,69,
2026-03-14,04:26,LIGHT,69,
2026-03-14,04:27,LIGHT,69,
2026-03-14,04:28,LIGHT,68,
2026-03-14,04:29,LIGHT,68,
2026-03-14,04:30,LIGHT,67,
2026-03-14,04:31,LIGHT,67,
2026-03-14,04:32,LIGHT,68,
2026-03-14,04:33,DEEP,68,
2026-03-14,04:34,DEEP,68,
2026-03-14,04:35,DEEP,68,
2026-03-14,04:36,DEEP,68,
2026-03-14,04:37,DEEP,68,
2026-03-14,04:38,DEEP,68,
2026-03-14,04:39,DEEP,68,
2026-03-14,04:40,DEEP,68,
2026-03-14,04:41,LIGHT,68,
2026-03-14,04:42,LIGHT,68,
2026-03-14,04:43,LIGHT,68,
2026-03-14,04:44,LIGHT,68,
2026-03-14,04:45,LIGHT,68,
2026-03-14,04:46,LIGHT,68,
2026-03-14,04:47,LIGHT,68,
2026-03-14,04:48,LIGHT,68,
2026-03-14,04:49,LIGHT,68,
2026-03-14,04:50,LIGHT,68,
2026-03-14,04:51,LIGHT,68,
2026-03-14,04:52,LIGHT,68,
2026-03-14,04:53,LIGHT,68,
2026-03-14,04:54,LIGHT,69,
2026-03-14,04:55,LIGHT,76,
2026-03-14,04:56,LIGHT,65,
2026-03-14,04:57,LIGHT,65,
2026-03-14,04:58,LIGHT,67,
2026-03-14,04:59,LIGHT,67,
2026-03-14,05:00,LIGHT,67,
2026-03-14,05:01,DEEP,65,
2026-03-14,05:02,DEEP,65,
2026-03-14,05:03,DEEP,66,
2026-03-14,05:04,DEEP,73,
2026-03-14,05:05,DEEP,67,
2026-03-14,05:06,DEEP,65,
2026-03-14,05:07,DEEP,65,
2026-03-14,05:08,DEEP,66,
2026-03-14,05:09,DEEP,66,
2026-03-14,05:10,DEEP,66,
2026-03-14,05:11,DEEP,67,
2026-03-14,05:12,DEEP,67,
2026-03-14,05:13,DEEP,67,
2026-03-14,05:14,DEEP,71,
2026-03-14,05:15,DEEP,71,
2026-03-14,05:16,DEEP,67,
2026-03-14,05:17,DEEP,66,
2026-03-14,05:18,LIGHT,66,
2026-03-14,05:19,LIGHT,66,
2026-03-14,05:20,LIGHT,66,
2026-03-14,05:21,WAKE,66,
2026-03-14,05:22,LIGHT,66,
2026-03-14,05:23,LIGHT,66,
2026-03-14,05:24,LIGHT,66,
2026-03-14,05:25,LIGHT,66,
2026-03-14,05:26,LIGHT,66,
2026-03-14,05:27,LIGHT,66,
2026-03-14,05:28,LIGHT,71,
2026-03-14,05:29,LIGHT,65,
2026-03-14,05:30,REM,62,
2026-03-14,05:31,REM,61,
2026-03-14,05:32,REM,62,
2026-03-14,05:33,REM,62,
2026-03-14,05:34,REM,62,
2026-03-14,05:35,REM,63,
2026-03-14,05:36,REM,69,
2026-03-14,05:37,REM,62,
2026-03-14,05:38,REM,59,
2026-03-14,05:39,REM,59,
2026-03-14,05:40,REM,59,
2026-03-14,05:41,REM,63,
2026-03-14,05:42,REM,62,
2026-03-14,05:43,REM,65,
2026-03-14,05:44,REM,66,
2026-03-14,05:45,REM,66,
2026-03-14,05:46,REM,64,
2026-03-14,05:47,REM,66,
2026-03-14,05:48,REM,73,
2026-03-14,05:49,REM,64,
2026-03-14,05:50,REM,63,
2026-03-14,05:51,REM,65,
2026-03-14,05:52,REM,65,
2026-03-14,05:53,REM,66,
2026-03-14,05:54,REM,71,
2026-03-14,05:55,LIGHT,64,
2026-03-14,05:56,LIGHT,64,
2026-03-14,05:57,LIGHT,68,
2026-03-14,05:58,LIGHT,69,
2026-03-14,05:59,LIGHT,68,
2026-03-14,06:00,LIGHT,71,
2026-03-14,06:01,LIGHT,64,
2026-03-14,06:02,LIGHT,63,
2026-03-14,06:03,LIGHT,65,
2026-03-14,06:04,LIGHT,70,
2026-03-14,06:05,LIGHT,61,
2026-03-14,06:06,LIGHT,60,
2026-03-14,06:07,LIGHT,61,
2026-03-14,06:08,LIGHT,61,
2026-03-14,06:09,LIGHT,61,
2026-03-14,06:10,LIGHT,58,
2026-03-14,06:11,LIGHT,63,
2026-03-14,06:12,LIGHT,63,
2026-03-14,06:13,LIGHT,61,
2026-03-14,06:14,LIGHT,61,
2026-03-14,06:15,LIGHT,71,
2026-03-14,06:16,LIGHT,65,
2026-03-14,06:17,LIGHT,65,
2026-03-14,06:18,LIGHT,65,
2026-03-14,06:19,LIGHT,60,
2026-03-14,06:20,LIGHT,62,
2026-03-14,06:21,LIGHT,62,
2026-03-14,06:22,LIGHT,56,
2026-03-14,06:23,LIGHT,64,
2026-03-14,06:24,LIGHT,66,
2026-03-14,06:25,LIGHT,65,
2026-03-14,06:26,LIGHT,67,
2026-03-14,06:27,LIGHT,67,
2026-03-14,06:28,LIGHT,62,
2026-03-14,06:29,LIGHT,62,
2026-03-14,06:30,LIGHT,62,
2026-03-14,06:31,LIGHT,62,
2026-03-14,06:32,LIGHT,62,
2026-03-14,06:33,LIGHT,63,
2026-03-14,06:34,LIGHT,61,
2026-03-14,06:35,LIGHT,63,
2026-03-14,06:36,LIGHT,62,
2026-03-14,06:37,LIGHT,62,
2026-03-14,06:38,DEEP,61,
2026-03-14,06:39,DEEP,63,
2026-03-14,06:40,DEEP,63,
2026-03-14,06:41,DEEP,63,
2026-03-14,06:42,DEEP,63,
2026-03-14,06:43,DEEP,63,
2026-03-14,06:44,DEEP,63,
2026-03-14,06:45,DEEP,63,
2026-03-14,06:46,DEEP,64,
2026-03-14,06:47,DEEP,65,
2026-03-14,06:48,DEEP,62,
2026-03-14,06:49,DEEP,62,
2026-03-14,06:50,LIGHT,63,
2026-03-14,06:51,LIGHT,62,
2026-03-14,06:52,LIGHT,63,
2026-03-14,06:53,LIGHT,63,
2026-03-14,06:54,LIGHT,63,
2026-03-14,06:55,LIGHT,63,
2026-03-14,06:56,LIGHT,63,
2026-03-14,06:57,LIGHT,63,
2026-03-14,06:58,REM,63,
2026-03-14,06:59,REM,63,
2026-03-14,07:00,REM,63,
2026-03-14,07:01,REM,65,
2026-03-14,07:02,REM,57,
2026-03-14,07:03,REM,59,
2026-03-14,07:04,REM,60,
2026-03-14,07:05,REM,57,
2026-03-14,07:06,REM,57,
2026-03-14,07:07,REM,57,
2026-03-14,07:08,REM,57,
2026-03-14,07:09,REM,58,
2026-03-14,07:10,REM,58,
2026-03-14,07:11,REM,58,
2026-03-14,07:12,REM,58,
2026-03-14,07:13,REM,59,
2026-03-14,07:14,REM,59,
2026-03-14,07:15,REM,59,
2026-03-14,07:16,REM,59,
2026-03-14,07:17,REM,59,
2026-03-14,07:18,REM,59,
2026-03-14,07:19,REM,59,
2026-03-14,07:20,REM,59,
2026-03-14,07:21,REM,59,
2026-03-14,07:22,REM,59,
2026-03-14,07:23,REM,59,
2026-03-14,07:24,REM,59,
2026-03-14,07:25,REM,59,
2026-03-14,07:26,REM,59,
2026-03-14,07:27,REM,59,
2026-03-14,07:28,REM,59,
2026-03-14,07:29,REM,59,
2026-03-14,07:30,REM,59,
2026-03-14,07:31,REM,66,
2026-03-14,07:32,REM,62,
2026-03-14,07:33,REM,57,
2026-03-14,07:34,LIGHT,62,
2026-03-14,07:35,LIGHT,56,
2026-03-14,07:36,LIGHT,58,
2026-03-14,07:37,LIGHT,58,
2026-03-14,07:38,LIGHT,64,
2026-03-14,07:39,LIGHT,58,
2026-03-14,07:40,LIGHT,63,
2026-03-14,07:41,LIGHT,60,
2026-03-14,07:42,LIGHT,56,
2026-03-14,07:43,LIGHT,57,
2026-03-14,07:44,LIGHT,57,
2026-03-14,07:45,LIGHT,57,
2026-03-14,07:46,LIGHT,62,
2026-03-14,07:47,LIGHT,61,
2026-03-14,07:48,LIGHT,63,
2026-03-14,07:49,LIGHT,59,
2026-03-14,07:50,LIGHT,63,
2026-03-14,07:51,LIGHT,65,
2026-03-14,07:52,LIGHT,65,
2026-03-14,07:53,LIGHT,62,
2026-03-14,07:54,LIGHT,64,
2026-03-14,07:55,LIGHT,57,
2026-03-14,07:56,LIGHT,62,
2026-03-14,07:57,LIGHT,62,
2026-03-14,07:58,LIGHT,59,
2026-03-14,07:59,LIGHT,56,
2026-03-14,08:00,LIGHT,65,
2026-03-14,08:01,LIGHT,64,
2026-03-14,08:02,LIGHT,60,
2026-03-14,08:03,LIGHT,57,
2026-03-14,08:04,LIGHT,59,
2026-03-14,08:05,LIGHT,64,
2026-03-14,08:06,WAKE,71,
2026-03-14,08:07,WAKE,63,
2026-03-14,08:08,WAKE,58,
2026-03-14,08:09,LIGHT,58,
2026-03-14,08:10,LIGHT,56,
2026-03-14,08:11,LIGHT,58,
2026-03-14,08:12,LIGHT,64,
2026-03-14,08:13,LIGHT,58,
2026-03-14,08:14,LIGHT,57,
2026-03-14,08:15,LIGHT,55,
2026-03-14,08:16,LIGHT,57,
2026-03-14,08:17,LIGHT,59,
2026-03-14,08:18,LIGHT,58,
2026-03-14,08:19,LIGHT,60,
2026-03-14,08:20,LIGHT,57,
2026-03-14,08:21,LIGHT,57,
2026-03-14,08:22,LIGHT,60,
2026-03-14,08:23,LIGHT,68,
2026-03-14,08:24,LIGHT,64,
2026-03-14,08:25,LIGHT,60,
2026-03-14,08:26,LIGHT,59,
2026-03-14,08:27,LIGHT,57,
2026-03-14,08:28,LIGHT,62,
2026-03-14,08:29,LIGHT,59,
2026-03-14,08:30,LIGHT,59,
2026-03-14,08:31,LIGHT,60,
2026-03-14,08:32,LIGHT,62,
2026-03-14,08:33,LIGHT,59,
2026-03-14,08:34,LIGHT,68,
2026-03-14,08:35,LIGHT,63,
2026-03-14,08:36,REM,60,
2026-03-14,08:37,REM,60,
2026-03-14,08:38,REM,62,
2026-03-14,08:39,REM,60,
2026-03-14,08:40,REM,60,
2026-03-14,08:41,REM,67,
2026-03-14,08:42,REM,61,
2026-03-14,08:43,REM,59,
2026-03-14,08:44,REM,59,
2026-03-14,08:45,REM,59,
2026-03-14,08:46,REM,62,
2026-03-14,08:47,REM,58,
2026-03-14,08:48,REM,67,
2026-03-14,08:49,REM,56,
2026-03-14,08:50,REM,68,
2026-03-14,08:51,REM,87,
2026-03-14,08:52,REM,85,
2026-03-14,08:53,REM,87,
2026-03-14,08:54,REM,90,
2026-03-14,08:55,REM,89,
2026-03-14,08:56,REM,83,
2026-03-14,08:57,REM,72,
2026-03-14,08:58,REM,69,
2026-03-14,08:59,REM,68,
2026-03-14,09:00,REM,63,
2026-03-14,09:01,REM,65,
2026-03-14,09:02,REM,61,
2026-03-14,09:03,REM,63,
2026-03-14,09:04,REM,61,
2026-03-14,09:05,REM,67,
2026-03-14,09:06,REM,69,
2026-03-14,09:07,REM,71,
2026-03-14,09:08,REM,68,
2026-03-14,09:09,REM,70,
2026-03-14,09:10,REM,85,
2026-03-14,09:11,REM,85,
2026-03-14,09:12,REM,85,
2026-03-14,09:13,REM,86,
2026-03-14,09:14,REM,82,
2026-03-14,09:15,REM,80,
2026-03-14,09:16,LIGHT,81,
2026-03-14,09:17,LIGHT,75,
2026-03-14,09:18,LIGHT,72,
2026-03-14,09:19,LIGHT,71,
2026-03-14,09:20,LIGHT,67,
2026-03-15,01:10,LIGHT,75,
2026-03-15,01:11,LIGHT,79,
2026-03-15,01:12,LIGHT,71,
2026-03-15,01:13,LIGHT,62,
2026-03-15,01:14,LIGHT,59,
2026-03-15,01:15,LIGHT,59,
2026-03-15,01:16,LIGHT,59,
2026-03-15,01:17,LIGHT,59,
2026-03-15,01:18,LIGHT,59,
2026-03-15,01:19,LIGHT,57,
2026-03-15,01:20,DEEP,59,
2026-03-15,01:21,DEEP,59,
2026-03-15,01:22,DEEP,60,
2026-03-15,01:23,DEEP,60,
2026-03-15,01:24,DEEP,59,
2026-03-15,01:25,DEEP,60,
2026-03-15,01:26,DEEP,61,
2026-03-15,01:27,DEEP,62,
2026-03-15,01:28,DEEP,62,
2026-03-15,01:29,DEEP,62,
2026-03-15,01:30,DEEP,62,
2026-03-15,01:31,DEEP,66,
2026-03-15,01:32,DEEP,60,
2026-03-15,01:33,DEEP,60,
2026-03-15,01:34,DEEP,61,
2026-03-15,01:35,DEEP,61,
2026-03-15,01:36,DEEP,61,
2026-03-15,01:37,DEEP,62,
2026-03-15,01:38,DEEP,63,
2026-03-15,01:39,DEEP,63,
2026-03-15,01:40,DEEP,63,
2026-03-15,01:41,DEEP,63,
2026-03-15,01:42,LIGHT,63,
2026-03-15,01:43,LIGHT,63,
2026-03-15,01:44,LIGHT,63,
2026-03-15,01:45,LIGHT,63,
2026-03-15,01:46,LIGHT,63,
2026-03-15,01:47,LIGHT,63,
2026-03-15,01:48,LIGHT,63,
2026-03-15,01:49,LIGHT,64,
2026-03-15,01:50,LIGHT,64,
2026-03-15,01:51,DEEP,64,
2026-03-15,01:52,DEEP,64,
2026-03-15,01:53,DEEP,64,
2026-03-15,01:54,DEEP,64,
2026-03-15,01:55,DEEP,64,
2026-03-15,01:56,DEEP,64,
2026-03-15,01:57,DEEP,65,
2026-03-15,01:58,DEEP,65,
2026-03-15,01:59,DEEP,65,
2026-03-15,02:00,DEEP,65,
2026-03-15,02:01,DEEP,65,
2026-03-15,02:02,DEEP,65,
2026-03-15,02:03,DEEP,65,
2026-03-15,02:04,DEEP,65,
2026-03-15,02:05,DEEP,65,
2026-03-15,02:06,LIGHT,65,
2026-03-15,02:07,LIGHT,65,
2026-03-15,02:08,LIGHT,65,
2026-03-15,02:09,LIGHT,66,
2026-03-15,02:10,LIGHT,66,
2026-03-15,02:11,LIGHT,66,
2026-03-15,02:12,LIGHT,65,
2026-03-15,02:13,DEEP,68,
2026-03-15,02:14,DEEP,70,
2026-03-15,02:15,DEEP,74,
2026-03-15,02:16,DEEP,73,
2026-03-15,02:17,DEEP,72,
2026-03-15,02:18,DEEP,74,
2026-03-15,02:19,DEEP,73,
2026-03-15,02:20,DEEP,79,
2026-03-15,02:21,DEEP,68,
2026-03-15,02:22,LIGHT,70,
2026-03-15,02:23,LIGHT,67,
2026-03-15,02:24,LIGHT,67,
2026-03-15,02:25,LIGHT,65,
2026-03-15,02:26,LIGHT,66,
2026-03-15,02:27,LIGHT,72,
2026-03-15,02:28,LIGHT,69,
2026-03-15,02:29,LIGHT,66,
2026-03-15,02:30,LIGHT,65,
2026-03-15,02:31,LIGHT,65,
2026-03-15,02:32,REM,65,
2026-03-15,02:33,REM,65,
2026-03-15,02:34,REM,65,
2026-03-15,02:35,REM,65,
2026-03-15,02:36,REM,64,
2026-03-15,02:37,REM,64,
2026-03-15,02:38,REM,64,
2026-03-15,02:39,REM,64,
2026-03-15,02:40,REM,72,
2026-03-15,02:41,REM,63,
2026-03-15,02:42,REM,63,
2026-03-15,02:43,REM,65,
2026-03-15,02:44,REM,66,
2026-03-15,02:45,REM,68,
2026-03-15,02:46,REM,68,
2026-03-15,02:47,REM,69,
2026-03-15,02:48,LIGHT,69,
2026-03-15,02:49,LIGHT,69,
2026-03-15,02:50,LIGHT,69,
2026-03-15,02:51,LIGHT,69,
2026-03-15,02:52,LIGHT,69,
2026-03-15,02:53,LIGHT,69,
2026-03-15,02:54,LIGHT,69,
2026-03-15,02:55,LIGHT,70,
2026-03-15,02:56,LIGHT,72,
2026-03-15,02:57,LIGHT,69,
2026-03-15,02:58,LIGHT,69,
2026-03-15,02:59,DEEP,70,
2026-03-15,03:00,DEEP,69,
2026-03-15,03:01,DEEP,69,
2026-03-15,03:02,LIGHT,69,
2026-03-15,03:03,LIGHT,69,
2026-03-15,03:04,LIGHT,69,
2026-03-15,03:05,LIGHT,68,
2026-03-15,03:06,LIGHT,68,
2026-03-15,03:07,LIGHT,72,
2026-03-15,03:08,LIGHT,69,
2026-03-15,03:09,LIGHT,68,
2026-03-15,03:10,LIGHT,70,
2026-03-15,03:11,LIGHT,67,
2026-03-15,03:12,LIGHT,61,
2026-03-15,03:13,LIGHT,62,
2026-03-15,03:14,LIGHT,65,
2026-03-15,03:15,DEEP,60,
2026-03-15,03:16,DEEP,62,
2026-03-15,03:17,DEEP,65,
2026-03-15,03:18,DEEP,65,
2026-03-15,03:19,DEEP,64,
2026-03-15,03:20,DEEP,68,
2026-03-15,03:21,DEEP,69,
2026-03-15,03:22,DEEP,64,
2026-03-15,03:23,DEEP,69,
2026-03-15,03:24,DEEP,61,
2026-03-15,03:25,DEEP,61,
2026-03-15,03:26,DEEP,61,
2026-03-15,03:27,DEEP,62,
2026-03-15,03:28,DEEP,60,
2026-03-15,03:29,DEEP,65,
2026-03-15,03:30,DEEP,65,
2026-03-15,03:31,DEEP,61,
2026-03-15,03:32,DEEP,58,
2026-03-15,03:33,DEEP,58,
2026-03-15,03:34,DEEP,59,
2026-03-15,03:35,DEEP,57,
2026-03-15,03:36,DEEP,59,
2026-03-15,03:37,DEEP,63,
2026-03-15,03:38,DEEP,67,
2026-03-15,03:39,DEEP,70,
2026-03-15,03:40,DEEP,72,
2026-03-15,03:41,DEEP,75,
2026-03-15,03:42,DEEP,72,
2026-03-15,03:43,DEEP,66,
2026-03-15,03:44,DEEP,60,
2026-03-15,03:45,DEEP,62,
2026-03-15,03:46,DEEP,59,
2026-03-15,03:47,DEEP,59,
2026-03-15,03:48,LIGHT,66,
2026-03-15,03:49,LIGHT,71,
2026-03-15,03:50,LIGHT,63,
2026-03-15,03:51,LIGHT,62,
2026-03-15,03:52,LIGHT,63,
2026-03-15,03:53,LIGHT,58,
2026-03-15,03:54,LIGHT,59,
2026-03-15,03:55,LIGHT,56,
2026-03-15,03:56,LIGHT,60,
2026-03-15,03:57,REM,71,
2026-03-15,03:58,REM,68,
2026-03-15,03:59,REM,66,
2026-03-15,04:00,REM,65,
2026-03-15,04:01,REM,63,
2026-03-15,04:02,REM,63,
2026-03-15,04:03,REM,63,
2026-03-15,04:04,REM,68,
2026-03-15,04:05,REM,63,
2026-03-15,04:06,REM,57,
2026-03-15,04:07,REM,64,
2026-03-15,04:08,REM,66,
2026-03-15,04:09,REM,59,
2026-03-15,04:10,REM,58,
2026-03-15,04:11,REM,58,
2026-03-15,04:12,LIGHT,58,
2026-03-15,04:13,LIGHT,58,
2026-03-15,04:14,LIGHT,60,
2026-03-15,04:15,LIGHT,60,
2026-03-15,04:16,LIGHT,60,
2026-03-15,04:17,LIGHT,60,
2026-03-15,04:18,LIGHT,62,
2026-03-15,04:19,LIGHT,57,
2026-03-15,04:20,LIGHT,57,
2026-03-15,04:21,LIGHT,58,
2026-03-15,04:22,LIGHT,59,
2026-03-15,04:23,LIGHT,59,
2026-03-15,04:24,LIGHT,59,
2026-03-15,04:25,LIGHT,59,
2026-03-15,04:26,LIGHT,66,
2026-03-15,04:27,LIGHT,61,
2026-03-15,04:28,LIGHT,58,
2026-03-15,04:29,LIGHT,58,
2026-03-15,04:30,LIGHT,58,
2026-03-15,04:31,LIGHT,58,
2026-03-15,04:32,LIGHT,58,
2026-03-15,04:33,LIGHT,58,
2026-03-15,04:34,LIGHT,58,
2026-03-15,04:35,LIGHT,59,
2026-03-15,04:36,LIGHT,59,
2026-03-15,04:37,LIGHT,59,
2026-03-15,04:38,LIGHT,59,
2026-03-15,04:39,LIGHT,57,
2026-03-15,04:40,LIGHT,57,
2026-03-15,04:41,LIGHT,58,
2026-03-15,04:42,LIGHT,58,
2026-03-15,04:43,LIGHT,58,
2026-03-15,04:44,LIGHT,58,
2026-03-15,04:45,LIGHT,58,
2026-03-15,04:46,LIGHT,58,
2026-03-15,04:47,DEEP,58,
2026-03-15,04:48,DEEP,58,
2026-03-15,04:49,DEEP,58,
2026-03-15,04:50,DEEP,58,
2026-03-15,04:51,DEEP,58,
2026-03-15,04:52,DEEP,58,
2026-03-15,04:53,DEEP,58,
2026-03-15,04:54,DEEP,58,
2026-03-15,04:55,DEEP,58,
2026-03-15,04:56,LIGHT,58,
2026-03-15,04:57,LIGHT,58,
2026-03-15,04:58,LIGHT,58,
2026-03-15,04:59,LIGHT,58,
2026-03-15,05:00,LIGHT,58,
2026-03-15,05:01,LIGHT,58,
2026-03-15,05:02,LIGHT,65,
2026-03-15,05:03,LIGHT,72,
2026-03-15,05:04,LIGHT,64,
2026-03-15,05:05,LIGHT,56,
2026-03-15,05:06,LIGHT,60,
2026-03-15,05:07,LIGHT,60,
2026-03-15,05:08,LIGHT,56,
2026-03-15,05:09,LIGHT,56,
2026-03-15,05:10,LIGHT,58,
2026-03-15,05:11,LIGHT,58,
2026-03-15,05:12,LIGHT,59,
2026-03-15,05:13,LIGHT,59,
2026-03-15,05:14,LIGHT,61,
2026-03-15,05:15,LIGHT,66,
2026-03-15,05:16,LIGHT,71,
2026-03-15,05:17,LIGHT,60,
2026-03-15,05:18,LIGHT,60,
2026-03-15,05:19,LIGHT,57,
2026-03-15,05:20,LIGHT,61,
2026-03-15,05:21,LIGHT,60,
2026-03-15,05:22,LIGHT,62,
2026-03-15,05:23,LIGHT,59,
2026-03-15,05:24,LIGHT,61,
2026-03-15,05:25,LIGHT,58,
2026-03-15,05:26,LIGHT,60,
2026-03-15,05:27,LIGHT,57,
2026-03-15,05:28,LIGHT,57,
2026-03-15,05:29,LIGHT,63,
2026-03-15,05:30,LIGHT,60,
2026-03-15,05:31,LIGHT,59,
2026-03-15,05:32,LIGHT,58,
2026-03-15,05:33,LIGHT,58,
2026-03-15,05:34,LIGHT,58,
2026-03-15,05:35,LIGHT,58,
2026-03-15,05:36,LIGHT,57,
2026-03-15,05:37,LIGHT,56,
2026-03-15,05:38,LIGHT,54,
2026-03-15,05:39,LIGHT,58,
2026-03-15,05:40,REM,61,
2026-03-15,05:41,REM,65,
2026-03-15,05:42,REM,58,
2026-03-15,05:43,REM,58,
2026-03-15,05:44,REM,58,
2026-03-15,05:45,REM,58,
2026-03-15,05:46,REM,58,
2026-03-15,05:47,REM,58,
2026-03-15,05:48,REM,54,
2026-03-15,05:49,REM,54,
2026-03-15,05:50,REM,54,
2026-03-15,05:51,REM,55,
2026-03-15,05:52,REM,55,
2026-03-15,05:53,REM,55,
2026-03-15,05:54,REM,55,
2026-03-15,05:55,REM,55,
2026-03-15,05:56,REM,55,
2026-03-15,05:57,REM,55,
2026-03-15,05:58,REM,55,
2026-03-15,05:59,REM,55,
2026-03-15,06:00,REM,55,
2026-03-15,06:01,REM,55,
2026-03-15,06:02,REM,55,
2026-03-15,06:03,REM,55,
2026-03-15,06:04,REM,55,
2026-03-15,06:05,REM,55,
2026-03-15,06:06,REM,55,
2026-03-15,06:07,REM,55,
2026-03-15,06:08,REM,55,
2026-03-15,06:09,REM,55,
2026-03-15,06:10,REM,55,
2026-03-15,06:11,REM,55,
2026-03-15,06:12,REM,55,
2026-03-15,06:13,REM,56,
2026-03-15,06:14,REM,55,
2026-03-15,06:15,REM,55,
2026-03-15,06:16,REM,55,
2026-03-15,06:17,REM,60,
2026-03-15,06:18,REM,54,
2026-03-15,06:19,REM,53,
2026-03-15,06:20,REM,54,
2026-03-15,06:21,REM,54,
2026-03-15,06:22,REM,54,
2026-03-15,06:23,REM,54,
2026-03-15,06:24,REM,55,
2026-03-15,06:25,REM,55,
2026-03-15,06:26,REM,55,
2026-03-15,06:27,REM,55,
2026-03-15,06:28,REM,55,
2026-03-15,06:29,REM,55,
2026-03-15,06:30,REM,55,
2026-03-15,06:31,LIGHT,55,
2026-03-15,06:32,LIGHT,62,
2026-03-15,06:33,LIGHT,57,
2026-03-15,06:34,LIGHT,54,
2026-03-15,06:35,LIGHT,54,
2026-03-15,06:36,LIGHT,54,
2026-03-15,06:37,LIGHT,56,
2026-03-15,06:38,LIGHT,58,
2026-03-15,06:39,LIGHT,53,
2026-03-15,06:40,LIGHT,50,
2026-03-15,06:41,LIGHT,50,
2026-03-15,06:42,LIGHT,51,
2026-03-15,06:43,LIGHT,52,
2026-03-15,06:44,LIGHT,53,
2026-03-15,06:45,LIGHT,59,
2026-03-15,06:46,LIGHT,56,
2026-03-15,06:47,LIGHT,55,
2026-03-15,06:48,LIGHT,55,
2026-03-15,06:49,LIGHT,56,
2026-03-15,06:50,LIGHT,57,
2026-03-15,06:51,LIGHT,57,
2026-03-15,06:52,LIGHT,57,
2026-03-15,06:53,LIGHT,55,
2026-03-15,06:54,LIGHT,55,
2026-03-15,06:55,LIGHT,60,
2026-03-15,06:56,DEEP,58,
2026-03-15,06:57,DEEP,55,
2026-03-15,06:58,DEEP,54,
2026-03-15,06:59,DEEP,52,
2026-03-15,07:00,DEEP,54,
2026-03-15,07:01,DEEP,53,
2026-03-15,07:02,LIGHT,57,
2026-03-15,07:03,LIGHT,60,
2026-03-15,07:04,LIGHT,55,
2026-03-15,07:05,LIGHT,53,
2026-03-15,07:06,LIGHT,53,
2026-03-15,07:07,LIGHT,55,
2026-03-15,07:08,LIGHT,56,
2026-03-15,07:09,LIGHT,58,
2026-03-15,07:10,LIGHT,58,
2026-03-15,07:11,LIGHT,61,
2026-03-15,07:12,LIGHT,63,
2026-03-15,07:13,LIGHT,59,
2026-03-15,07:14,LIGHT,58,
2026-03-15,07:15,DEEP,56,
2026-03-15,07:16,DEEP,54,
2026-03-15,07:17,DEEP,51,
2026-03-15,07:18,DEEP,54,
2026-03-15,07:19,DEEP,54,
2026-03-15,07:20,DEEP,54,
2026-03-15,07:21,DEEP,59,
2026-03-15,07:22,DEEP,54,
2026-03-15,07:23,DEEP,53,
2026-03-15,07:24,DEEP,59,
2026-03-15,07:25,DEEP,57,
2026-03-15,07:26,DEEP,57,
2026-03-15,07:27,DEEP,65,
2026-03-15,07:28,DEEP,59,
2026-03-15,07:29,DEEP,57,
2026-03-15,07:30,DEEP,54,
2026-03-15,07:31,DEEP,56,
2026-03-15,07:32,DEEP,53,
2026-03-15,07:33,LIGHT,55,
2026-03-15,07:34,LIGHT,60,
2026-03-15,07:35,LIGHT,57,
2026-03-15,07:36,LIGHT,61,
2026-03-15,07:37,LIGHT,55,
2026-03-15,07:38,LIGHT,55,
2026-03-15,07:39,LIGHT,54,
2026-03-15,07:40,REM,53,
2026-03-15,07:41,REM,52,
2026-03-15,07:42,REM,56,
2026-03-15,07:43,REM,54,
2026-03-15,07:44,REM,60,
2026-03-15,07:45,REM,59,
2026-03-15,07:46,REM,61,
2026-03-15,07:47,REM,59,
2026-03-15,07:48,REM,67,
2026-03-15,07:49,REM,66,
2026-03-15,07:50,REM,66,
2026-03-15,07:51,REM,64,
2026-03-15,07:52,REM,58,
2026-03-15,07:53,REM,56,
2026-03-15,07:54,REM,63,
2026-03-15,07:55,REM,65,
2026-03-15,07:56,REM,80,
2026-03-15,07:57,REM,85,
2026-03-15,07:58,REM,72,
2026-03-15,07:59,REM,71,
2026-03-15,08:00,REM,72,
2026-03-15,08:01,REM,69,
2026-03-15,08:02,REM,71,
2026-03-15,08:03,REM,83,
2026-03-15,08:04,REM,86,
2026-03-15,08:05,REM,86,
2026-03-15,08:06,REM,82,
2026-03-15,08:07,REM,78,
2026-03-15,08:08,REM,67,
2026-03-15,08:09,REM,65,
2026-03-15,08:10,REM,67,
2026-03-15,08:11,REM,64,
2026-03-15,08:12,REM,66,
2026-03-15,08:13,LIGHT,68,
2026-03-15,08:14,LIGHT,68,
2026-03-15,08:15,LIGHT,66,
2026-03-15,08:16,LIGHT,67,
2026-03-15,08:17,LIGHT,64,
2026-03-15,08:18,LIGHT,68,
2026-03-15,08:19,LIGHT,66,
2026-03-15,08:20,LIGHT,64,
2026-03-15,08:21,LIGHT,64,
2026-03-15,08:22,LIGHT,66,
2026-03-15,08:23,LIGHT,73,
2026-03-15,08:24,LIGHT,76,
2026-03-15,08:25,LIGHT,80,
2026-03-15,08:26,LIGHT,,
2026-03-15,08:27,LIGHT,,
2026-03-15,08:28,LIGHT,,
2026-03-15,08:29,LIGHT,,
2026-03-15,08:30,LIGHT,,
2026-03-15,08:31,LIGHT,,
2026-03-15,08:32,LIGHT,,
2026-03-15,08:33,LIGHT,82,
2026-03-15,08:34,LIGHT,85,
2026-03-15,08:35,LIGHT,98,
2026-03-15,08:36,LIGHT,97,
2026-03-15,08:37,LIGHT,97,
2026-03-15,08:38,LIGHT,102,
2026-03-15,08:39,LIGHT,96,
2026-03-15,08:40,LIGHT,96,
2026-03-15,08:41,LIGHT,99,
2026-03-15,08:42,LIGHT,99,
2026-03-15,08:43,LIGHT,94,
2026-03-15,08:44,LIGHT,94,
2026-03-15,08:45,LIGHT,93,
2026-03-15,08:46,LIGHT,94,
2026-03-15,08:47,LIGHT,92,
2026-03-15,08:48,LIGHT,79,
2026-03-16,01:23,LIGHT,69,
2026-03-16,01:24,LIGHT,69,
2026-03-16,01:25,LIGHT,69,
2026-03-16,01:26,LIGHT,69,
2026-03-16,01:27,LIGHT,69,
2026-03-16,01:28,LIGHT,64,
2026-03-16,01:29,LIGHT,65,
2026-03-16,01:30,LIGHT,64,
2026-03-16,01:31,LIGHT,64,
2026-03-16,01:32,LIGHT,65,
2026-03-16,01:33,LIGHT,66,
2026-03-16,01:34,LIGHT,66,
2026-03-16,01:35,LIGHT,66,
2026-03-16,01:36,LIGHT,66,
2026-03-16,01:37,DEEP,66,
2026-03-16,01:38,DEEP,66,
2026-03-16,01:39,DEEP,66,
2026-03-16,01:40,DEEP,75,
2026-03-16,01:41,DEEP,67,
2026-03-16,01:42,DEEP,70,
2026-03-16,01:43,DEEP,71,
2026-03-16,01:44,DEEP,73,
2026-03-16,01:45,DEEP,67,
2026-03-16,01:46,DEEP,70,
2026-03-16,01:47,DEEP,72,
2026-03-16,01:48,DEEP,72,
2026-03-16,01:49,DEEP,76,
2026-03-16,01:50,DEEP,76,
2026-03-16,01:51,DEEP,76,
2026-03-16,01:52,DEEP,75,
2026-03-16,01:53,DEEP,76,
2026-03-16,01:54,DEEP,74,
2026-03-16,01:55,DEEP,75,
2026-03-16,01:56,DEEP,75,
2026-03-16,01:57,DEEP,77,
2026-03-16,01:58,DEEP,76,
2026-03-16,01:59,DEEP,76,
2026-03-16,02:00,DEEP,74,
2026-03-16,02:01,DEEP,74,
2026-03-16,02:02,DEEP,75,
2026-03-16,02:03,DEEP,73,
2026-03-16,02:04,DEEP,75,
2026-03-16,02:05,DEEP,77,
2026-03-16,02:06,DEEP,74,
2026-03-16,02:07,DEEP,69,
2026-03-16,02:08,DEEP,66,
2026-03-16,02:09,DEEP,66,
2026-03-16,02:10,DEEP,69,
2026-03-16,02:11,DEEP,67,
2026-03-16,02:12,DEEP,65,
2026-03-16,02:13,DEEP,66,
2026-03-16,02:14,DEEP,66,
2026-03-16,02:15,DEEP,66,
2026-03-16,02:16,DEEP,66,
2026-03-16,02:17,LIGHT,66,
2026-03-16,02:18,LIGHT,66,
2026-03-16,02:19,LIGHT,67,
2026-03-16,02:20,LIGHT,67,
2026-03-16,02:21,WAKE,67,
2026-03-16,02:22,LIGHT,67,
2026-03-16,02:23,LIGHT,72,
2026-03-16,02:24,LIGHT,66,
2026-03-16,02:25,WAKE,66,
2026-03-16,02:26,LIGHT,67,
2026-03-16,02:27,LIGHT,67,
2026-03-16,02:28,LIGHT,68,
2026-03-16,02:29,LIGHT,68,
2026-03-16,02:30,LIGHT,68,
2026-03-16,02:31,LIGHT,68,
2026-03-16,02:32,LIGHT,68,
2026-03-16,02:33,LIGHT,68,
2026-03-16,02:34,LIGHT,68,
2026-03-16,02:35,LIGHT,68,
2026-03-16,02:36,LIGHT,68,
2026-03-16,02:37,LIGHT,68,
2026-03-16,02:38,LIGHT,68,
2026-03-16,02:39,LIGHT,68,
2026-03-16,02:40,LIGHT,68,
2026-03-16,02:41,LIGHT,68,
2026-03-16,02:42,LIGHT,68,
2026-03-16,02:43,LIGHT,68,
2026-03-16,02:44,LIGHT,67,
2026-03-16,02:45,LIGHT,67,
2026-03-16,02:46,LIGHT,67,
2026-03-16,02:47,LIGHT,67,
2026-03-16,02:48,LIGHT,67,
2026-03-16,02:49,LIGHT,67,
2026-03-16,02:50,LIGHT,67,
2026-03-16,02:51,LIGHT,66,
2026-03-16,02:52,LIGHT,66,
2026-03-16,02:53,LIGHT,66,
2026-03-16,02:54,LIGHT,66,
2026-03-16,02:55,LIGHT,66,
2026-03-16,02:56,LIGHT,65,
2026-03-16,02:57,LIGHT,66,
2026-03-16,02:58,LIGHT,66,
2026-03-16,02:59,LIGHT,65,
2026-03-16,03:00,LIGHT,65,
2026-03-16,03:01,LIGHT,65,
2026-03-16,03:02,LIGHT,65,
2026-03-16,03:03,LIGHT,65,
2026-03-16,03:04,LIGHT,65,
2026-03-16,03:05,LIGHT,65,
2026-03-16,03:06,LIGHT,65,
2026-03-16,03:07,LIGHT,67,
2026-03-16,03:08,LIGHT,63,
2026-03-16,03:09,LIGHT,63,
2026-03-16,03:10,LIGHT,64,
2026-03-16,03:11,LIGHT,64,
2026-03-16,03:12,LIGHT,65,
2026-03-16,03:13,LIGHT,67,
2026-03-16,03:14,LIGHT,69,
2026-03-16,03:15,LIGHT,67,
2026-03-16,03:16,LIGHT,67,
2026-03-16,03:17,LIGHT,67,
2026-03-16,03:18,LIGHT,73,
2026-03-16,03:19,LIGHT,62,
2026-03-16,03:20,LIGHT,64,
2026-03-16,03:21,LIGHT,71,
2026-03-16,03:22,WAKE,67,
2026-03-16,03:23,WAKE,63,
2026-03-16,03:24,WAKE,61,
2026-03-16,03:25,LIGHT,62,
2026-03-16,03:26,LIGHT,63,
2026-03-16,03:27,LIGHT,67,
2026-03-16,03:28,LIGHT,63,
2026-03-16,03:29,LIGHT,62,
2026-03-16,03:30,LIGHT,62,
2026-03-16,03:31,WAKE,61,
2026-03-16,03:32,LIGHT,61,
2026-03-16,03:33,LIGHT,62,
2026-03-16,03:34,LIGHT,61,
2026-03-16,03:35,REM,61,
2026-03-16,03:36,REM,61,
2026-03-16,03:37,REM,61,
2026-03-16,03:38,REM,71,
2026-03-16,03:39,REM,65,
2026-03-16,03:40,REM,59,
2026-03-16,03:41,REM,59,
2026-03-16,03:42,REM,61,
2026-03-16,03:43,REM,61,
2026-03-16,03:44,REM,61,
2026-03-16,03:45,REM,61,
2026-03-16,03:46,REM,61,
2026-03-16,03:47,REM,62,
2026-03-16,03:48,REM,62,
2026-03-16,03:49,REM,62,
2026-03-16,03:50,REM,62,
2026-03-16,03:51,REM,62,
2026-03-16,03:52,REM,60,
2026-03-16,03:53,REM,61,
2026-03-16,03:54,REM,61,
2026-03-16,03:55,REM,62,
2026-03-16,03:56,REM,62,
2026-03-16,03:57,REM,62,
2026-03-16,03:58,REM,61,
2026-03-16,03:59,LIGHT,61,
2026-03-16,04:00,LIGHT,61,
2026-03-16,04:01,LIGHT,61,
2026-03-16,04:02,LIGHT,61,
2026-03-16,04:03,LIGHT,61,
2026-03-16,04:04,LIGHT,61,
2026-03-16,04:05,LIGHT,61,
2026-03-16,04:06,LIGHT,61,
2026-03-16,04:07,LIGHT,61,
2026-03-16,04:08,LIGHT,61,
2026-03-16,04:09,LIGHT,61,
2026-03-16,04:10,LIGHT,61,
2026-03-16,04:11,LIGHT,61,
2026-03-16,04:12,LIGHT,61,
2026-03-16,04:13,LIGHT,61,
2026-03-16,04:14,LIGHT,61,
2026-03-16,04:15,LIGHT,61,
2026-03-16,04:16,LIGHT,61,
2026-03-16,04:17,LIGHT,61,
2026-03-16,04:18,LIGHT,61,
2026-03-16,04:19,LIGHT,61,
2026-03-16,04:20,LIGHT,60,
2026-03-16,04:21,LIGHT,60,
2026-03-16,04:22,LIGHT,60,
2026-03-16,04:23,LIGHT,60,
2026-03-16,04:24,LIGHT,60,
2026-03-16,04:25,LIGHT,60,
2026-03-16,04:26,LIGHT,60,
2026-03-16,04:27,LIGHT,60,
2026-03-16,04:28,LIGHT,60,
2026-03-16,04:29,LIGHT,59,
2026-03-16,04:30,LIGHT,58,
2026-03-16,04:31,LIGHT,68,
2026-03-16,04:32,LIGHT,60,
2026-03-16,04:33,LIGHT,63,
2026-03-16,04:34,LIGHT,60,
2026-03-16,04:35,LIGHT,59,
2026-03-16,04:36,LIGHT,56,
2026-03-16,04:37,LIGHT,63,
2026-03-16,04:38,LIGHT,57,
2026-03-16,04:39,DEEP,55,
2026-03-16,04:40,DEEP,60,
2026-03-16,04:41,DEEP,60,
2026-03-16,04:42,DEEP,62,
2026-03-16,04:43,DEEP,62,
2026-03-16,04:44,DEEP,62,
2026-03-16,04:45,DEEP,62,
2026-03-16,04:46,DEEP,59,
2026-03-16,04:47,DEEP,59,
2026-03-16,04:48,DEEP,58,
2026-03-16,04:49,DEEP,61,
2026-03-16,04:50,DEEP,68,
2026-03-16,04:51,DEEP,69,
2026-03-16,04:52,DEEP,66,
2026-03-16,04:53,DEEP,69,
2026-03-16,04:54,DEEP,74,
2026-03-16,04:55,DEEP,67,
2026-03-16,04:56,DEEP,63,
2026-03-16,04:57,DEEP,63,
2026-03-16,04:58,DEEP,64,
2026-03-16,04:59,DEEP,61,
2026-03-16,05:00,DEEP,62,
2026-03-16,05:01,DEEP,59,
2026-03-16,05:02,DEEP,59,
2026-03-16,05:03,DEEP,65,
2026-03-16,05:04,LIGHT,60,
2026-03-16,05:05,LIGHT,60,
2026-03-16,05:06,LIGHT,61,
2026-03-16,05:07,LIGHT,60,
2026-03-16,05:08,LIGHT,60,
2026-03-16,05:09,LIGHT,59,
2026-03-16,05:10,LIGHT,60,
2026-03-16,05:11,REM,59,
2026-03-16,05:12,REM,63,
2026-03-16,05:13,REM,60,
2026-03-16,05:14,REM,62,
2026-03-16,05:15,REM,60,
2026-03-16,05:16,REM,58,
2026-03-16,05:17,REM,60,
2026-03-16,05:18,REM,62,
2026-03-16,05:19,REM,59,
2026-03-16,05:20,REM,57,
2026-03-16,05:21,REM,62,
2026-03-16,05:22,REM,63,
2026-03-16,05:23,REM,57,
2026-03-16,05:24,REM,55,
2026-03-16,05:25,REM,55,
2026-03-16,05:26,REM,55,
2026-03-16,05:27,REM,54,
2026-03-16,05:28,REM,54,
2026-03-16,05:29,REM,54,
2026-03-16,05:30,REM,56,
2026-03-16,05:31,REM,58,
2026-03-16,05:32,REM,53,
2026-03-16,05:33,REM,52,
2026-03-16,05:34,REM,52,
2026-03-16,05:35,REM,52,
2026-03-16,05:36,REM,52,
2026-03-16,05:37,REM,52,
2026-03-16,05:38,REM,53,
2026-03-16,05:39,REM,53,
2026-03-16,05:40,REM,53,
2026-03-16,05:41,REM,53,
2026-03-16,05:42,LIGHT,53,
2026-03-16,05:43,LIGHT,53,
2026-03-16,05:44,LIGHT,53,
2026-03-16,05:45,LIGHT,53,
2026-03-16,05:46,LIGHT,53,
2026-03-16,05:47,LIGHT,53,
2026-03-16,05:48,LIGHT,54,
2026-03-16,05:49,LIGHT,54,
2026-03-16,05:50,LIGHT,55,
2026-03-16,05:51,LIGHT,53,
2026-03-16,05:52,LIGHT,60,
2026-03-16,05:53,LIGHT,55,
2026-03-16,05:54,LIGHT,54,
2026-03-16,05:55,LIGHT,54,
2026-03-16,05:56,LIGHT,54,
2026-03-16,05:57,LIGHT,55,
2026-03-16,05:58,LIGHT,56,
2026-03-16,05:59,LIGHT,55,
2026-03-16,06:00,LIGHT,54,
2026-03-16,06:01,LIGHT,55,
2026-03-16,06:02,LIGHT,57,
2026-03-16,06:03,LIGHT,59,
2026-03-16,06:04,LIGHT,66,
2026-03-16,06:05,LIGHT,59,
2026-03-16,06:06,LIGHT,57,
2026-03-16,06:07,LIGHT,59,
2026-03-16,06:08,LIGHT,58,
2026-03-16,06:09,LIGHT,60,
2026-03-16,06:10,LIGHT,57,
2026-03-16,06:11,LIGHT,58,
2026-03-16,06:12,LIGHT,55,
2026-03-16,06:13,LIGHT,57,
2026-03-16,06:14,LIGHT,55,
2026-03-16,06:15,LIGHT,57,
2026-03-16,06:16,LIGHT,60,
2026-03-16,06:17,LIGHT,58,
2026-03-16,06:18,LIGHT,68,
2026-03-16,06:19,LIGHT,62,
2026-03-16,06:20,LIGHT,57,
2026-03-16,06:21,LIGHT,58,
2026-03-16,06:22,LIGHT,58,
2026-03-16,06:23,LIGHT,58,
2026-03-16,06:24,DEEP,56,
2026-03-16,06:25,DEEP,56,
2026-03-16,06:26,DEEP,55,
2026-03-16,06:27,DEEP,55,
2026-03-16,06:28,DEEP,55,
2026-03-16,06:29,DEEP,52,
2026-03-16,06:30,DEEP,59,
2026-03-16,06:31,DEEP,56,
2026-03-16,06:32,DEEP,55,
2026-03-16,06:33,LIGHT,58,
2026-03-16,06:34,LIGHT,58,
2026-03-16,06:35,LIGHT,58,
2026-03-16,06:36,LIGHT,55,
2026-03-16,06:37,LIGHT,57,
2026-03-16,06:38,LIGHT,56,
2026-03-16,06:39,LIGHT,58,
2026-03-16,06:40,LIGHT,58,
2026-03-16,06:41,LIGHT,56,
2026-03-16,06:42,LIGHT,56,
2026-03-16,06:43,LIGHT,60,
2026-03-16,06:44,LIGHT,67,
2026-03-16,06:45,LIGHT,58,
2026-03-16,06:46,REM,55,
2026-03-16,06:47,REM,55,
2026-03-16,06:48,REM,52,
2026-03-16,06:49,REM,52,
2026-03-16,06:50,REM,57,
2026-03-16,06:51,REM,60,
2026-03-16,06:52,REM,57,
2026-03-16,06:53,REM,59,
2026-03-16,06:54,REM,57,
2026-03-16,06:55,REM,57,
2026-03-16,06:56,REM,59,
2026-03-16,06:57,REM,56,
2026-03-16,06:58,REM,57,
2026-03-16,06:59,REM,56,
2026-03-16,07:00,REM,56,
2026-03-16,07:01,REM,56,
2026-03-16,07:02,REM,56,
2026-03-16,07:03,REM,56,
2026-03-16,07:04,REM,56,
2026-03-16,07:05,REM,58,
2026-03-16,07:06,REM,58,
2026-03-16,07:07,REM,60,
2026-03-16,07:08,REM,58,
2026-03-16,07:09,REM,58,
2026-03-16,07:10,REM,58,
2026-03-16,07:11,REM,58,
2026-03-16,07:12,REM,56,
2026-03-16,07:13,REM,60,
2026-03-16,07:14,REM,63,
2026-03-16,07:15,REM,67,
2026-03-16,07:16,REM,59,
2026-03-16,07:17,REM,59,
2026-03-16,07:18,REM,58,
2026-03-16,07:19,REM,56,
2026-03-16,07:20,REM,56,
2026-03-16,07:21,REM,56,
2026-03-16,07:22,REM,62,
2026-03-16,07:23,REM,58,
2026-03-16,07:24,REM,62,
2026-03-16,07:25,REM,60,
2026-03-16,07:26,REM,64,
2026-03-16,07:27,REM,58,
2026-03-16,07:28,REM,57,
2026-03-16,07:29,REM,64,
2026-03-16,07:30,REM,58,
2026-03-16,07:31,REM,57,
2026-03-16,07:32,REM,61,
2026-03-16,07:33,REM,60,
2026-03-16,07:34,REM,59,
2026-03-16,07:35,REM,58,
2026-03-16,07:36,REM,59,
2026-03-16,07:37,REM,59,
2026-03-16,07:38,REM,59,
2026-03-16,07:39,REM,59,
2026-03-16,07:40,REM,59,
2026-03-16,07:41,REM,59,
2026-03-16,07:42,REM,59,
2026-03-16,07:43,REM,59,
2026-03-16,07:44,LIGHT,58,
2026-03-16,07:45,LIGHT,58,
2026-03-16,07:46,LIGHT,58,
2026-03-16,07:47,LIGHT,58,
2026-03-16,07:48,LIGHT,59,
2026-03-17,00:47,LIGHT,75,
2026-03-17,00:48,LIGHT,74,
2026-03-17,00:49,LIGHT,74,
2026-03-17,00:50,LIGHT,77,
2026-03-17,00:51,LIGHT,77,
2026-03-17,00:52,LIGHT,74,
2026-03-17,00:53,LIGHT,74,
2026-03-17,00:54,LIGHT,82,
2026-03-17,00:55,LIGHT,84,
2026-03-17,00:56,LIGHT,88,
2026-03-17,00:57,LIGHT,90,
2026-03-17,00:58,LIGHT,85,
2026-03-17,00:59,LIGHT,87,
2026-03-17,01:00,LIGHT,83,
2026-03-17,01:01,LIGHT,77,
2026-03-17,01:02,LIGHT,79,
2026-03-17,01:03,DEEP,75,
2026-03-17,01:04,DEEP,76,
2026-03-17,01:05,DEEP,73,
2026-03-17,01:06,DEEP,69,
2026-03-17,01:07,DEEP,70,
2026-03-17,01:08,DEEP,70,
2026-03-17,01:09,DEEP,69,
2026-03-17,01:10,DEEP,68,
2026-03-17,01:11,DEEP,68,
2026-03-17,01:12,DEEP,68,
2026-03-17,01:13,DEEP,69,
2026-03-17,01:14,DEEP,69,
2026-03-17,01:15,DEEP,69,
2026-03-17,01:16,DEEP,68,
2026-03-17,01:17,DEEP,69,
2026-03-17,01:18,DEEP,69,
2026-03-17,01:19,DEEP,70,
2026-03-17,01:20,DEEP,70,
2026-03-17,01:21,DEEP,70,
2026-03-17,01:22,DEEP,71,
2026-03-17,01:23,DEEP,71,
2026-03-17,01:24,DEEP,71,
2026-03-17,01:25,DEEP,71,
2026-03-17,01:26,DEEP,71,
2026-03-17,01:27,DEEP,71,
2026-03-17,01:28,LIGHT,71,
2026-03-17,01:29,LIGHT,73,
2026-03-17,01:30,LIGHT,74,
2026-03-17,01:31,LIGHT,72,
2026-03-17,01:32,LIGHT,72,
2026-03-17,01:33,LIGHT,77,
2026-03-17,01:34,DEEP,74,
2026-03-17,01:35,DEEP,72,
2026-03-17,01:36,DEEP,72,
2026-03-17,01:37,DEEP,72,
2026-03-17,01:38,LIGHT,73,
2026-03-17,01:39,LIGHT,73,
2026-03-17,01:40,LIGHT,74,
2026-03-17,01:41,WAKE,75,
2026-03-17,01:42,LIGHT,75,
2026-03-17,01:43,LIGHT,75,
2026-03-17,01:44,LIGHT,76,
2026-03-17,01:45,LIGHT,76,
2026-03-17,01:46,LIGHT,76,
2026-03-17,01:47,LIGHT,81,
2026-03-17,01:48,LIGHT,75,
2026-03-17,01:49,LIGHT,74,
2026-03-17,01:50,LIGHT,75,
2026-03-17,01:51,REM,76,
2026-03-17,01:52,REM,76,
2026-03-17,01:53,REM,75,
2026-03-17,01:54,REM,76,
2026-03-17,01:55,REM,76,
2026-03-17,01:56,REM,76,
2026-03-17,01:57,REM,76,
2026-03-17,01:58,REM,76,
2026-03-17,01:59,REM,76,
2026-03-17,02:00,REM,76,
2026-03-17,02:01,REM,76,
2026-03-17,02:02,REM,77,
2026-03-17,02:03,REM,77,
2026-03-17,02:04,LIGHT,77,
2026-03-17,02:05,LIGHT,77,
2026-03-17,02:06,LIGHT,77,
2026-03-17,02:07,WAKE,77,
2026-03-17,02:08,LIGHT,77,
2026-03-17,02:09,LIGHT,87,
2026-03-17,02:10,LIGHT,80,
2026-03-17,02:11,LIGHT,77,
2026-03-17,02:12,LIGHT,74,
2026-03-17,02:13,LIGHT,75,
2026-03-17,02:14,LIGHT,77,
2026-03-17,02:15,LIGHT,77,
2026-03-17,02:16,LIGHT,76,
2026-03-17,02:17,LIGHT,76,
2026-03-17,02:18,LIGHT,78,
2026-03-17,02:19,LIGHT,79,
2026-03-17,02:20,LIGHT,79,
2026-03-17,02:21,LIGHT,77,
2026-03-17,02:22,LIGHT,77,
2026-03-17,02:23,LIGHT,79,
2026-03-17,02:24,LIGHT,76,
2026-03-17,02:25,LIGHT,76,
2026-03-17,02:26,LIGHT,78,
2026-03-17,02:27,LIGHT,76,
2026-03-17,02:28,LIGHT,77,
2026-03-17,02:29,LIGHT,77,
2026-03-17,02:30,LIGHT,74,
2026-03-17,02:31,LIGHT,76,
2026-03-17,02:32,LIGHT,76,
2026-03-17,02:33,LIGHT,77,
2026-03-17,02:34,DEEP,76,
2026-03-17,02:35,DEEP,76,
2026-03-17,02:36,DEEP,76,
2026-03-17,02:37,DEEP,79,
2026-03-17,02:38,DEEP,76,
2026-03-17,02:39,DEEP,70,
2026-03-17,02:40,DEEP,71,
2026-03-17,02:41,DEEP,72,
2026-03-17,02:42,DEEP,72,
2026-03-17,02:43,DEEP,73,
2026-03-17,02:44,DEEP,76,
2026-03-17,02:45,DEEP,72,
2026-03-17,02:46,DEEP,72,
2026-03-17,02:47,DEEP,71,
2026-03-17,02:48,DEEP,71,
2026-03-17,02:49,DEEP,70,
2026-03-17,02:50,DEEP,69,
2026-03-17,02:51,DEEP,69,
2026-03-17,02:52,DEEP,69,
2026-03-17,02:53,DEEP,69,
2026-03-17,02:54,DEEP,69,
2026-03-17,02:55,DEEP,69,
2026-03-17,02:56,DEEP,70,
2026-03-17,02:57,DEEP,70,
2026-03-17,02:58,DEEP,69,
2026-03-17,02:59,DEEP,69,
2026-03-17,03:00,DEEP,69,
2026-03-17,03:01,DEEP,69,
2026-03-17,03:02,DEEP,69,
2026-03-17,03:03,DEEP,69,
2026-03-17,03:04,DEEP,69,
2026-03-17,03:05,DEEP,69,
2026-03-17,03:06,DEEP,69,
2026-03-17,03:07,DEEP,74,
2026-03-17,03:08,DEEP,70,
2026-03-17,03:09,LIGHT,69,
2026-03-17,03:10,LIGHT,70,
2026-03-17,03:11,LIGHT,70,
2026-03-17,03:12,LIGHT,71,
2026-03-17,03:13,REM,71,
2026-03-17,03:14,REM,72,
2026-03-17,03:15,REM,72,
2026-03-17,03:16,REM,72,
2026-03-17,03:17,REM,72,
2026-03-17,03:18,REM,72,
2026-03-17,03:19,LIGHT,72,
2026-03-17,03:20,LIGHT,72,
2026-03-17,03:21,LIGHT,72,
2026-03-17,03:22,WAKE,72,
2026-03-17,03:23,WAKE,72,
2026-03-17,03:24,LIGHT,72,
2026-03-17,03:25,LIGHT,72,
2026-03-17,03:26,LIGHT,72,
2026-03-17,03:27,LIGHT,71,
2026-03-17,03:28,LIGHT,71,
2026-03-17,03:29,LIGHT,73,
2026-03-17,03:30,LIGHT,83,
2026-03-17,03:31,LIGHT,77,
2026-03-17,03:32,LIGHT,67,
2026-03-17,03:33,LIGHT,67,
2026-03-17,03:34,LIGHT,69,
2026-03-17,03:35,LIGHT,72,
2026-03-17,03:36,LIGHT,69,
2026-03-17,03:37,LIGHT,69,
2026-03-17,03:38,LIGHT,74,
2026-03-17,03:39,LIGHT,76,
2026-03-17,03:40,LIGHT,78,
2026-03-17,03:41,LIGHT,77,
2026-03-17,03:42,LIGHT,76,
2026-03-17,03:43,LIGHT,74,
2026-03-17,03:44,LIGHT,71,
2026-03-17,03:45,LIGHT,75,
2026-03-17,03:46,LIGHT,74,
2026-03-17,03:47,LIGHT,73,
2026-03-17,03:48,LIGHT,67,
2026-03-17,03:49,LIGHT,67,
2026-03-17,03:50,LIGHT,65,
2026-03-17,03:51,LIGHT,67,
2026-03-17,03:52,LIGHT,67,
2026-03-17,03:53,LIGHT,68,
2026-03-17,03:54,LIGHT,66,
2026-03-17,03:55,LIGHT,73,
2026-03-17,03:56,LIGHT,65,
2026-03-17,03:57,LIGHT,64,
2026-03-17,03:58,LIGHT,62,
2026-03-17,03:59,LIGHT,63,
2026-03-17,04:00,DEEP,63,
2026-03-17,04:01,DEEP,63,
2026-03-17,04:02,DEEP,65,
2026-03-17,04:03,DEEP,65,
2026-03-17,04:04,DEEP,65,
2026-03-17,04:05,DEEP,65,
2026-03-17,04:06,DEEP,66,
2026-03-17,04:07,DEEP,66,
2026-03-17,04:08,DEEP,66,
2026-03-17,04:09,DEEP,67,
2026-03-17,04:10,DEEP,70,
2026-03-17,04:11,DEEP,76,
2026-03-17,04:12,DEEP,74,
2026-03-17,04:13,DEEP,72,
2026-03-17,04:14,DEEP,64,
2026-03-17,04:15,DEEP,62,
2026-03-17,04:16,DEEP,62,
2026-03-17,04:17,DEEP,62,
2026-03-17,04:18,DEEP,62,
2026-03-17,04:19,DEEP,62,
2026-03-17,04:20,DEEP,62,
2026-03-17,04:21,DEEP,62,
2026-03-17,04:22,DEEP,62,
2026-03-17,04:23,DEEP,62,
2026-03-17,04:24,DEEP,62,
2026-03-17,04:25,DEEP,62,
2026-03-17,04:26,DEEP,62,
2026-03-17,04:27,DEEP,62,
2026-03-17,04:28,DEEP,62,
2026-03-17,04:29,DEEP,62,
2026-03-17,04:30,DEEP,61,
2026-03-17,04:31,DEEP,61,
2026-03-17,04:32,LIGHT,61,
2026-03-17,04:33,LIGHT,61,
2026-03-17,04:34,LIGHT,61,
2026-03-17,04:35,LIGHT,61,
2026-03-17,04:36,LIGHT,61,
2026-03-17,04:37,LIGHT,60,
2026-03-17,04:38,LIGHT,60,
2026-03-17,04:39,LIGHT,60,
2026-03-17,04:40,LIGHT,60,
2026-03-17,04:41,REM,60,
2026-03-17,04:42,REM,60,
2026-03-17,04:43,REM,60,
2026-03-17,04:44,REM,59,
2026-03-17,04:45,REM,59,
2026-03-17,04:46,REM,58,
2026-03-17,04:47,REM,59,
2026-03-17,04:48,REM,59,
2026-03-17,04:49,REM,60,
2026-03-17,04:50,REM,60,
2026-03-17,04:51,REM,58,
2026-03-17,04:52,REM,58,
2026-03-17,04:53,REM,58,
2026-03-17,04:54,REM,59,
2026-03-17,04:55,REM,59,
2026-03-17,04:56,REM,59,
2026-03-17,04:57,REM,66,
2026-03-17,04:58,LIGHT,65,
2026-03-17,04:59,LIGHT,63,
2026-03-17,05:00,LIGHT,59,
2026-03-17,05:01,WAKE,61,
2026-03-17,05:02,LIGHT,61,
2026-03-17,05:03,LIGHT,62,
2026-03-17,05:04,LIGHT,63,
2026-03-17,05:05,LIGHT,68,
2026-03-17,05:06,LIGHT,64,
2026-03-17,05:07,LIGHT,64,
2026-03-17,05:08,LIGHT,66,
2026-03-17,05:09,LIGHT,66,
2026-03-17,05:10,LIGHT,66,
2026-03-17,05:11,LIGHT,66,
2026-03-17,05:12,LIGHT,66,
2026-03-17,05:13,LIGHT,65,
2026-03-17,05:14,LIGHT,65,
2026-03-17,05:15,LIGHT,67,
2026-03-17,05:16,LIGHT,69,
2026-03-17,05:17,LIGHT,60,
2026-03-17,05:18,LIGHT,57,
2026-03-17,05:19,LIGHT,61,
2026-03-17,05:20,LIGHT,63,
2026-03-17,05:21,LIGHT,58,
2026-03-17,05:22,LIGHT,60,
2026-03-17,05:23,LIGHT,60,
2026-03-17,05:24,LIGHT,60,
2026-03-17,05:25,LIGHT,70,
2026-03-17,05:26,LIGHT,73,
2026-03-17,05:27,LIGHT,70,
2026-03-17,05:28,LIGHT,67,
2026-03-17,05:29,LIGHT,64,
2026-03-17,05:30,LIGHT,76,
2026-03-17,05:31,LIGHT,73,
2026-03-17,05:32,LIGHT,65,
2026-03-17,05:33,LIGHT,63,
2026-03-17,05:34,LIGHT,59,
2026-03-17,05:35,LIGHT,56,
2026-03-17,05:36,LIGHT,60,
2026-03-17,05:37,LIGHT,63,
2026-03-17,05:38,LIGHT,64,
2026-03-17,05:39,LIGHT,62,
2026-03-17,05:40,LIGHT,66,
2026-03-17,05:41,LIGHT,66,
2026-03-17,05:42,LIGHT,68,
2026-03-17,05:43,LIGHT,64,
2026-03-17,05:44,LIGHT,66,
2026-03-17,05:45,LIGHT,66,
2026-03-17,05:46,LIGHT,63,
2026-03-17,05:47,LIGHT,63,
2026-03-17,05:48,LIGHT,61,
2026-03-17,05:49,LIGHT,62,
2026-03-17,05:50,LIGHT,61,
2026-03-17,05:51,LIGHT,62,
2026-03-17,05:52,LIGHT,63,
2026-03-17,05:53,LIGHT,63,
2026-03-17,05:54,LIGHT,65,
2026-03-17,05:55,LIGHT,70,
2026-03-17,05:56,LIGHT,63,
2026-03-17,05:57,LIGHT,58,
2026-03-17,05:58,LIGHT,58,
2026-03-17,05:59,LIGHT,56,
2026-03-17,06:00,REM,56,
2026-03-17,06:01,REM,56,
2026-03-17,06:02,REM,56,
2026-03-17,06:03,REM,56,
2026-03-17,06:04,REM,56,
2026-03-17,06:05,REM,57,
2026-03-17,06:06,REM,58,
2026-03-17,06:07,REM,62,
2026-03-17,06:08,REM,58,
2026-03-17,06:09,REM,58,
2026-03-17,06:10,REM,59,
2026-03-17,06:11,REM,59,
2026-03-17,06:12,REM,58,
2026-03-17,06:13,REM,58,
2026-03-17,06:14,REM,59,
2026-03-17,06:15,REM,59,
2026-03-17,06:16,REM,59,
2026-03-17,06:17,REM,59,
2026-03-17,06:18,REM,59,
2026-03-17,06:19,REM,59,
2026-03-17,06:20,REM,60,
2026-03-17,06:21,REM,60,
2026-03-17,06:22,REM,60,
2026-03-17,06:23,REM,60,
2026-03-17,06:24,REM,60,
2026-03-17,06:25,REM,60,
2026-03-17,06:26,REM,60,
2026-03-17,06:27,REM,60,
2026-03-17,06:28,REM,60,
2026-03-17,06:29,REM,59,
2026-03-17,06:30,REM,59,
2026-03-17,06:31,REM,59,
2026-03-17,06:32,REM,58,
2026-03-17,06:33,REM,58,
2026-03-17,06:34,REM,59,
2026-03-17,06:35,LIGHT,59,
2026-03-17,06:36,LIGHT,60,
2026-03-17,06:37,LIGHT,60,
2026-03-17,06:38,LIGHT,59,
2026-03-17,06:39,LIGHT,59,
2026-03-17,06:40,LIGHT,59,
2026-03-17,06:41,LIGHT,59,
2026-03-17,06:42,LIGHT,58,
2026-03-17,06:43,LIGHT,58,
2026-03-17,06:44,LIGHT,58,
2026-03-17,06:45,LIGHT,58,
2026-03-17,06:46,LIGHT,57,
2026-03-17,06:47,LIGHT,57,
2026-03-17,06:48,LIGHT,58,
2026-03-17,06:49,LIGHT,58,
2026-03-17,06:50,LIGHT,58,
2026-03-17,06:51,LIGHT,58,
2026-03-17,06:52,LIGHT,58,
2026-03-17,06:53,LIGHT,69,
2026-03-17,06:54,LIGHT,59,
2026-03-17,06:55,LIGHT,61,
2026-03-17,06:56,LIGHT,56,
2026-03-17,06:57,LIGHT,56,
2026-03-17,06:58,LIGHT,55,
2026-03-17,06:59,LIGHT,55,
2026-03-17,07:00,LIGHT,55,
2026-03-17,07:01,LIGHT,55,
2026-03-17,07:02,LIGHT,55,
2026-03-17,07:03,LIGHT,56,
2026-03-17,07:04,LIGHT,56,
2026-03-17,07:05,LIGHT,56,
2026-03-17,07:06,LIGHT,56,
2026-03-17,07:07,LIGHT,58,
2026-03-17,07:08,LIGHT,59,
2026-03-17,07:09,LIGHT,59,
2026-03-17,07:10,LIGHT,69,
2026-03-17,07:11,LIGHT,58,
2026-03-17,07:12,LIGHT,59,
2026-03-17,07:13,LIGHT,65,
2026-03-17,07:14,LIGHT,57,
2026-03-17,07:15,LIGHT,55,
2026-03-17,07:16,LIGHT,57,
2026-03-17,07:17,LIGHT,60,
2026-03-17,07:18,LIGHT,62,
2026-03-17,07:19,LIGHT,57,
2026-03-17,07:20,LIGHT,55,
2026-03-17,07:21,LIGHT,57,
2026-03-17,07:22,LIGHT,53,
2026-03-17,07:23,LIGHT,53,
2026-03-17,07:24,LIGHT,55,
2026-03-17,07:25,LIGHT,55,
2026-03-17,07:26,LIGHT,57,
2026-03-17,07:27,LIGHT,59,
2026-03-17,07:28,LIGHT,59,
2026-03-17,07:29,LIGHT,58,
2026-03-17,07:30,LIGHT,63,
2026-03-17,07:31,LIGHT,58,
2026-03-17,07:32,LIGHT,53,
2026-03-17,07:33,LIGHT,53,
2026-03-17,07:34,LIGHT,52,
2026-03-17,07:35,LIGHT,57,
2026-03-17,07:36,LIGHT,55,
2026-03-17,07:37,LIGHT,67,
2026-03-17,07:38,LIGHT,60,
2026-03-17,07:39,LIGHT,59,
2026-03-17,07:40,LIGHT,64,
2026-03-17,07:41,LIGHT,56,
2026-03-17,07:42,LIGHT,61,
2026-03-17,07:43,LIGHT,55,
2026-03-17,07:44,DEEP,54,
2026-03-17,07:45,DEEP,62,
2026-03-17,07:46,DEEP,57,
2026-03-17,07:47,DEEP,54,
2026-03-17,07:48,DEEP,58,
2026-03-17,07:49,DEEP,58,
2026-03-17,07:50,DEEP,58,
2026-03-17,07:51,DEEP,58,
2026-03-17,07:52,DEEP,58,
2026-03-17,07:53,DEEP,60,
2026-03-17,07:54,DEEP,61,
2026-03-17,07:55,DEEP,61,
2026-03-17,07:56,DEEP,63,
2026-03-17,07:57,DEEP,58,
2026-03-17,07:58,DEEP,58,
2026-03-17,07:59,DEEP,58,
2026-03-17,08:00,DEEP,58,
2026-03-17,08:01,DEEP,64,
2026-03-17,08:02,DEEP,58,
2026-03-17,08:03,DEEP,55,
2026-03-17,08:04,DEEP,54,
2026-03-17,08:05,DEEP,55,
2026-03-17,08:06,DEEP,56,
2026-03-17,08:07,DEEP,63,
2026-03-17,08:08,DEEP,58,
2026-03-17,08:09,DEEP,55,
2026-03-17,08:10,DEEP,57,
2026-03-17,08:11,DEEP,57,
2026-03-17,08:12,DEEP,57,
2026-03-17,08:13,DEEP,57,
2026-03-17,08:14,DEEP,62,
2026-03-17,08:15,LIGHT,64,
2026-03-17,08:16,LIGHT,61,
2026-03-17,08:17,LIGHT,61,
2026-03-17,08:18,LIGHT,58,
2026-03-17,08:19,LIGHT,55,
2026-03-17,08:20,LIGHT,56,
2026-03-17,08:21,LIGHT,55,
2026-03-17,08:22,LIGHT,56,
2026-03-17,08:23,REM,55,
2026-03-17,08:24,REM,55,
2026-03-17,08:25,REM,55,
2026-03-17,08:26,REM,55,
2026-03-17,08:27,REM,60,
2026-03-17,08:28,REM,61,
2026-03-17,08:29,REM,57,
2026-03-17,08:30,REM,57,
2026-03-17,08:31,REM,58,
2026-03-17,08:32,REM,58,
2026-03-17,08:33,REM,58,
2026-03-17,08:34,REM,57,
2026-03-17,08:35,REM,57,
2026-03-17,08:36,REM,57,
2026-03-17,08:37,REM,59,
2026-03-17,08:38,REM,58,
2026-03-17,08:39,REM,58,
2026-03-17,08:40,REM,58,
2026-03-17,08:41,REM,62,
2026-03-17,08:42,REM,56,
2026-03-17,08:43,REM,55,
2026-03-17,08:44,REM,55,
2026-03-17,08:45,REM,55,
2026-03-17,08:46,REM,55,
2026-03-17,08:47,REM,56,
2026-03-17,08:48,REM,56,
2026-03-17,08:49,REM,56,
2026-03-17,08:50,REM,55,
2026-03-17,08:51,REM,56,
2026-03-17,08:52,REM,60,
2026-03-17,08:53,REM,56,
2026-03-17,08:54,LIGHT,56,
2026-03-17,08:55,LIGHT,62,
2026-03-17,08:56,LIGHT,67,
2026-03-17,08:57,LIGHT,61,
2026-03-17,08:58,LIGHT,58,
2026-03-17,08:59,LIGHT,57,
2026-03-17,09:00,LIGHT,58,
2026-03-17,09:01,LIGHT,59,
2026-03-17,09:02,LIGHT,60,
2026-03-17,09:03,LIGHT,57,
2026-03-17,09:04,LIGHT,60,
2026-03-17,09:05,LIGHT,60,
2026-03-17,09:06,LIGHT,62,
2026-03-17,09:07,LIGHT,66,
2026-03-17,09:08,LIGHT,65,
2026-03-17,09:09,LIGHT,66,
2026-03-17,09:10,LIGHT,64,
2026-03-17,09:11,LIGHT,63,
2026-03-17,09:12,LIGHT,63,
2026-03-17,09:13,LIGHT,66,
2026-03-17,09:14,LIGHT,67,
2026-03-17,09:15,LIGHT,67,
2026-03-17,09:16,LIGHT,67,
2026-03-17,09:17,LIGHT,71,
2026-03-17,09:18,LIGHT,73,
2026-03-17,09:19,LIGHT,72,
2026-03-17,09:20,LIGHT,66,
2026-03-17,09:21,LIGHT,66,
2026-03-17,09:22,LIGHT,63,
2026-03-17,09:23,LIGHT,68,
2026-03-17,09:24,LIGHT,70,
2026-03-17,09:25,LIGHT,77,
2026-03-17,09:26,LIGHT,79,
2026-03-17,09:27,LIGHT,81,
2026-03-17,09:28,WAKE,75,
2026-03-17,09:29,LIGHT,71,
2026-03-17,09:30,LIGHT,70,
2026-03-17,09:31,LIGHT,69,
2026-03-18,01:12,LIGHT,68,
2026-03-18,01:13,LIGHT,71,
2026-03-18,01:14,LIGHT,71,
2026-03-18,01:15,LIGHT,68,
2026-03-18,01:16,LIGHT,66,
2026-03-18,01:17,LIGHT,68,
2026-03-18,01:18,LIGHT,70,
2026-03-18,01:19,LIGHT,75,
2026-03-18,01:20,LIGHT,76,
2026-03-18,01:21,LIGHT,75,
2026-03-18,01:22,LIGHT,75,
2026-03-18,01:23,DEEP,80,
2026-03-18,01:24,DEEP,80,
2026-03-18,01:25,DEEP,91,
2026-03-18,01:26,DEEP,91,
2026-03-18,01:27,DEEP,84,
2026-03-18,01:28,DEEP,80,
2026-03-18,01:29,DEEP,81,
2026-03-18,01:30,DEEP,84,
2026-03-18,01:31,LIGHT,85,
2026-03-18,01:32,LIGHT,85,
2026-03-18,01:33,LIGHT,85,
2026-03-18,01:34,LIGHT,90,
2026-03-18,01:35,LIGHT,80,
2026-03-18,01:36,LIGHT,73,
2026-03-18,01:37,LIGHT,67,
2026-03-18,01:38,DEEP,71,
2026-03-18,01:39,DEEP,71,
2026-03-18,01:40,DEEP,73,
2026-03-18,01:41,DEEP,75,
2026-03-18,01:42,DEEP,69,
2026-03-18,01:43,DEEP,66,
2026-03-18,01:44,DEEP,66,
2026-03-18,01:45,DEEP,65,
2026-03-18,01:46,DEEP,65,
2026-03-18,01:47,DEEP,64,
2026-03-18,01:48,DEEP,63,
2026-03-18,01:49,LIGHT,63,
2026-03-18,01:50,LIGHT,64,
2026-03-18,01:51,LIGHT,64,
2026-03-18,01:52,LIGHT,63,
2026-03-18,01:53,DEEP,63,
2026-03-18,01:54,DEEP,63,
2026-03-18,01:55,DEEP,63,
2026-03-18,01:56,DEEP,63,
2026-03-18,01:57,DEEP,63,
2026-03-18,01:58,DEEP,64,
2026-03-18,01:59,DEEP,64,
2026-03-18,02:00,DEEP,63,
2026-03-18,02:01,DEEP,63,
2026-03-18,02:02,DEEP,63,
2026-03-18,02:03,DEEP,64,
2026-03-18,02:04,DEEP,62,
2026-03-18,02:05,DEEP,62,
2026-03-18,02:06,DEEP,62,
2026-03-18,02:07,DEEP,62,
2026-03-18,02:08,DEEP,63,
2026-03-18,02:09,DEEP,63,
2026-03-18,02:10,LIGHT,63,
2026-03-18,02:11,LIGHT,63,
2026-03-18,02:12,LIGHT,63,
2026-03-18,02:13,LIGHT,63,
2026-03-18,02:14,LIGHT,63,
2026-03-18,02:15,LIGHT,64,
2026-03-18,02:16,LIGHT,65,
2026-03-18,02:17,LIGHT,65,
2026-03-18,02:18,LIGHT,65,
2026-03-18,02:19,REM,70,
2026-03-18,02:20,REM,65,
2026-03-18,02:21,REM,62,
2026-03-18,02:22,REM,62,
2026-03-18,02:23,REM,63,
2026-03-18,02:24,REM,63,
2026-03-18,02:25,REM,68,
2026-03-18,02:26,REM,64,
2026-03-18,02:27,REM,69,
2026-03-18,02:28,REM,65,
2026-03-18,02:29,REM,63,
2026-03-18,02:30,REM,63,
2026-03-18,02:31,REM,63,
2026-03-18,02:32,REM,63,
2026-03-18,02:33,REM,64,
2026-03-18,02:34,REM,65,
2026-03-18,02:35,REM,65,
2026-03-18,02:36,REM,65,
2026-03-18,02:37,LIGHT,66,
2026-03-18,02:38,LIGHT,66,
2026-03-18,02:39,LIGHT,66,
2026-03-18,02:40,LIGHT,66,
2026-03-18,02:41,LIGHT,67,
2026-03-18,02:42,LIGHT,68,
2026-03-18,02:43,LIGHT,67,
2026-03-18,02:44,LIGHT,69,
2026-03-18,02:45,LIGHT,68,
2026-03-18,02:46,LIGHT,68,
2026-03-18,02:47,LIGHT,69,
2026-03-18,02:48,LIGHT,67,
2026-03-18,02:49,LIGHT,69,
2026-03-18,02:50,LIGHT,74,
2026-03-18,02:51,LIGHT,68,
2026-03-18,02:52,LIGHT,68,
2026-03-18,02:53,LIGHT,66,
2026-03-18,02:54,LIGHT,68,
2026-03-18,02:55,LIGHT,67,
2026-03-18,02:56,LIGHT,68,
2026-03-18,02:57,LIGHT,68,
2026-03-18,02:58,LIGHT,68,
2026-03-18,02:59,LIGHT,70,
2026-03-18,03:00,LIGHT,69,
2026-03-18,03:01,LIGHT,68,
2026-03-18,03:02,LIGHT,68,
2026-03-18,03:03,LIGHT,68,
2026-03-18,03:04,LIGHT,69,
2026-03-18,03:05,LIGHT,69,
2026-03-18,03:06,DEEP,69,
2026-03-18,03:07,DEEP,74,
2026-03-18,03:08,LIGHT,68,
2026-03-18,03:09,LIGHT,67,
2026-03-18,03:10,LIGHT,67,
2026-03-18,03:11,LIGHT,67,
2026-03-18,03:12,LIGHT,67,
2026-03-18,03:13,LIGHT,68,
2026-03-18,03:14,LIGHT,68,
2026-03-18,03:15,DEEP,68,
2026-03-18,03:16,DEEP,68,
2026-03-18,03:17,DEEP,68,
2026-03-18,03:18,DEEP,67,
2026-03-18,03:19,DEEP,67,
2026-03-18,03:20,DEEP,66,
2026-03-18,03:21,DEEP,66,
2026-03-18,03:22,DEEP,67,
2026-03-18,03:23,DEEP,66,
2026-03-18,03:24,DEEP,67,
2026-03-18,03:25,DEEP,67,
2026-03-18,03:26,DEEP,67,
2026-03-18,03:27,DEEP,67,
2026-03-18,03:28,LIGHT,67,
2026-03-18,03:29,LIGHT,67,
2026-03-18,03:30,LIGHT,66,
2026-03-18,03:31,WAKE,65,
2026-03-18,03:32,LIGHT,65,
2026-03-18,03:33,LIGHT,67,
2026-03-18,03:34,LIGHT,77,
2026-03-18,03:35,LIGHT,64,
2026-03-18,03:36,LIGHT,65,
2026-03-18,03:37,LIGHT,67,
2026-03-18,03:38,REM,74,
2026-03-18,03:39,REM,70,
2026-03-18,03:40,REM,62,
2026-03-18,03:41,REM,61,
2026-03-18,03:42,REM,61,
2026-03-18,03:43,REM,66,
2026-03-18,03:44,REM,60,
2026-03-18,03:45,REM,62,
2026-03-18,03:46,REM,62,
2026-03-18,03:47,REM,59,
2026-03-18,03:48,REM,60,
2026-03-18,03:49,REM,60,
2026-03-18,03:50,REM,61,
2026-03-18,03:51,REM,61,
2026-03-18,03:52,REM,61,
2026-03-18,03:53,REM,61,
2026-03-18,03:54,REM,61,
2026-03-18,03:55,LIGHT,60,
2026-03-18,03:56,LIGHT,60,
2026-03-18,03:57,LIGHT,60,
2026-03-18,03:58,LIGHT,61,
2026-03-18,03:59,LIGHT,61,
2026-03-18,04:00,LIGHT,61,
2026-03-18,04:01,LIGHT,61,
2026-03-18,04:02,LIGHT,64,
2026-03-18,04:03,LIGHT,66,
2026-03-18,04:04,LIGHT,60,
2026-03-18,04:05,LIGHT,59,
2026-03-18,04:06,LIGHT,60,
2026-03-18,04:07,LIGHT,60,
2026-03-18,04:08,LIGHT,60,
2026-03-18,04:09,LIGHT,61,
2026-03-18,04:10,LIGHT,61,
2026-03-18,04:11,LIGHT,61,
2026-03-18,04:12,LIGHT,63,
2026-03-18,04:13,LIGHT,73,
2026-03-18,04:14,LIGHT,67,
2026-03-18,04:15,LIGHT,62,
2026-03-18,04:16,LIGHT,60,
2026-03-18,04:17,LIGHT,60,
2026-03-18,04:18,LIGHT,63,
2026-03-18,04:19,LIGHT,67,
2026-03-18,04:20,LIGHT,70,
2026-03-18,04:21,LIGHT,72,
2026-03-18,04:22,LIGHT,74,
2026-03-18,04:23,LIGHT,71,
2026-03-18,04:24,DEEP,66,
2026-03-18,04:25,DEEP,70,
2026-03-18,04:26,DEEP,72,
2026-03-18,04:27,DEEP,74,
2026-03-18,04:28,DEEP,71,
2026-03-18,04:29,DEEP,68,
2026-03-18,04:30,DEEP,70,
2026-03-18,04:31,DEEP,68,
2026-03-18,04:32,DEEP,66,
2026-03-18,04:33,DEEP,64,
2026-03-18,04:34,DEEP,63,
2026-03-18,04:35,DEEP,63,
2026-03-18,04:36,DEEP,65,
2026-03-18,04:37,DEEP,64,
2026-03-18,04:38,DEEP,65,
2026-03-18,04:39,DEEP,61,
2026-03-18,04:40,DEEP,61,
2026-03-18,04:41,DEEP,63,
2026-03-18,04:42,DEEP,60,
2026-03-18,04:43,DEEP,65,
2026-03-18,04:44,DEEP,60,
2026-03-18,04:45,DEEP,62,
2026-03-18,04:46,DEEP,61,
2026-03-18,04:47,DEEP,58,
2026-03-18,04:48,DEEP,58,
2026-03-18,04:49,DEEP,58,
2026-03-18,04:50,DEEP,60,
2026-03-18,04:51,DEEP,60,
2026-03-18,04:52,DEEP,61,
2026-03-18,04:53,DEEP,61,
2026-03-18,04:54,DEEP,61,
2026-03-18,04:55,DEEP,61,
2026-03-18,04:56,DEEP,61,
2026-03-18,04:57,DEEP,61,
2026-03-18,04:58,LIGHT,61,
2026-03-18,04:59,LIGHT,61,
2026-03-18,05:00,LIGHT,61,
2026-03-18,05:01,LIGHT,61,
2026-03-18,05:02,LIGHT,61,
2026-03-18,05:03,REM,61,
2026-03-18,05:04,REM,61,
2026-03-18,05:05,REM,60,
2026-03-18,05:06,REM,60,
2026-03-18,05:07,REM,60,
2026-03-18,05:08,REM,60,
2026-03-18,05:09,REM,60,
2026-03-18,05:10,REM,60,
2026-03-18,05:11,REM,60,
2026-03-18,05:12,REM,60,
2026-03-18,05:13,REM,67,
2026-03-18,05:14,REM,69,
2026-03-18,05:15,REM,69,
2026-03-18,05:16,REM,69,
2026-03-18,05:17,REM,66,
2026-03-18,05:18,LIGHT,58,
2026-03-18,05:19,LIGHT,58,
2026-03-18,05:20,LIGHT,58,
2026-03-18,05:21,WAKE,58,
2026-03-18,05:22,LIGHT,58,
2026-03-18,05:23,LIGHT,59,
2026-03-18,05:24,LIGHT,59,
2026-03-18,05:25,REM,59,
2026-03-18,05:26,REM,59,
2026-03-18,05:27,REM,59,
2026-03-18,05:28,REM,59,
2026-03-18,05:29,REM,59,
2026-03-18,05:30,REM,59,
2026-03-18,05:31,REM,59,
2026-03-18,05:32,REM,59,
2026-03-18,05:33,REM,59,
2026-03-18,05:34,REM,59,
2026-03-18,05:35,REM,59,
2026-03-18,05:36,REM,60,
2026-03-18,05:37,REM,60,
2026-03-18,05:38,REM,60,
2026-03-18,05:39,REM,62,
2026-03-18,05:40,REM,66,
2026-03-18,05:41,REM,65,
2026-03-18,05:42,REM,58,
2026-03-18,05:43,REM,58,
2026-03-18,05:44,REM,59,
2026-03-18,05:45,REM,62,
2026-03-18,05:46,REM,67,
2026-03-18,05:47,REM,62,
2026-03-18,05:48,REM,64,
2026-03-18,05:49,REM,64,
2026-03-18,05:50,REM,69,
2026-03-18,05:51,REM,60,
2026-03-18,05:52,REM,66,
2026-03-18,05:53,REM,58,
2026-03-18,05:54,REM,58,
2026-03-18,05:55,REM,55,
2026-03-18,05:56,LIGHT,56,
2026-03-18,05:57,LIGHT,56,
2026-03-18,05:58,LIGHT,57,
2026-03-18,05:59,LIGHT,59,
2026-03-18,06:00,LIGHT,56,
2026-03-18,06:01,LIGHT,54,
2026-03-18,06:02,LIGHT,58,
2026-03-18,06:03,LIGHT,62,
2026-03-18,06:04,LIGHT,64,
2026-03-18,06:05,LIGHT,57,
2026-03-18,06:06,LIGHT,56,
2026-03-18,06:07,LIGHT,63,
2026-03-18,06:08,LIGHT,59,
2026-03-18,06:09,LIGHT,58,
2026-03-18,06:10,LIGHT,66,
2026-03-18,06:11,LIGHT,58,
2026-03-18,06:12,LIGHT,60,
2026-03-18,06:13,LIGHT,62,
2026-03-18,06:14,LIGHT,59,
2026-03-18,06:15,LIGHT,57,
2026-03-18,06:16,LIGHT,61,
2026-03-18,06:17,LIGHT,59,
2026-03-18,06:18,LIGHT,56,
2026-03-18,06:19,LIGHT,53,
2026-03-18,06:20,LIGHT,54,
2026-03-18,06:21,LIGHT,54,
2026-03-18,06:22,LIGHT,59,
2026-03-18,06:23,LIGHT,63,
2026-03-18,06:24,LIGHT,57,
2026-03-18,06:25,LIGHT,57,
2026-03-18,06:26,DEEP,58,
2026-03-18,06:27,DEEP,55,
2026-03-18,06:28,DEEP,57,
2026-03-18,06:29,DEEP,58,
2026-03-18,06:30,DEEP,55,
2026-03-18,06:31,DEEP,58,
2026-03-18,06:32,DEEP,56,
2026-03-18,06:33,DEEP,59,
2026-03-18,06:34,DEEP,57,
2026-03-18,06:35,DEEP,54,
2026-03-18,06:36,DEEP,54,
2026-03-18,06:37,DEEP,54,
2026-03-18,06:38,DEEP,54,
2026-03-18,06:39,DEEP,54,
2026-03-18,06:40,DEEP,54,
2026-03-18,06:41,DEEP,55,
2026-03-18,06:42,DEEP,55,
2026-03-18,06:43,DEEP,55,
2026-03-18,06:44,DEEP,55,
2026-03-18,06:45,DEEP,55,
2026-03-18,06:46,DEEP,55,
2026-03-18,06:47,DEEP,55,
2026-03-18,06:48,DEEP,55,
2026-03-18,06:49,DEEP,55,
2026-03-18,06:50,DEEP,55,
2026-03-18,06:51,DEEP,55,
2026-03-18,06:52,DEEP,55,
2026-03-18,06:53,DEEP,55,
2026-03-18,06:54,LIGHT,55,
2026-03-18,06:55,LIGHT,55,
2026-03-18,06:56,LIGHT,55,
2026-03-18,06:57,LIGHT,55,
2026-03-18,06:58,LIGHT,55,
2026-03-18,06:59,LIGHT,55,
2026-03-18,07:00,LIGHT,55,
2026-03-18,07:01,LIGHT,55,
2026-03-18,07:02,LIGHT,55,
2026-03-18,07:03,LIGHT,55,
2026-03-18,07:04,LIGHT,55,
2026-03-18,07:05,LIGHT,55,
2026-03-18,07:06,LIGHT,55,
2026-03-18,07:07,LIGHT,55,
2026-03-18,07:08,LIGHT,55,
2026-03-18,07:09,REM,55,
2026-03-18,07:10,REM,55,
2026-03-18,07:11,REM,56,
2026-03-18,07:12,LIGHT,56,
2026-03-18,07:13,LIGHT,55,
2026-03-18,07:14,LIGHT,55,
2026-03-18,07:15,LIGHT,55,
2026-03-18,07:16,LIGHT,55,
2026-03-18,07:17,REM,55,
2026-03-18,07:18,REM,54,
2026-03-18,07:19,REM,54,
2026-03-18,07:20,REM,54,
2026-03-18,07:21,REM,54,
2026-03-18,07:22,REM,54,
2026-03-18,07:23,REM,54,
2026-03-18,07:24,REM,53,
2026-03-18,07:25,REM,60,
2026-03-18,07:26,REM,62,
2026-03-18,07:27,REM,54,
2026-03-18,07:28,REM,56,
2026-03-18,07:29,REM,61,
2026-03-18,07:30,REM,64,
2026-03-18,07:31,REM,56,
2026-03-18,07:32,REM,54,
2026-03-18,07:33,REM,56,
2026-03-18,07:34,REM,56,
2026-03-18,07:35,REM,56,
2026-03-18,07:36,REM,57,
2026-03-18,07:37,REM,56,
2026-03-18,07:38,REM,58,
2026-03-18,07:39,REM,67,
2026-03-18,07:40,REM,58,
2026-03-18,07:41,REM,60,
2026-03-18,07:42,REM,56,
2026-03-18,07:43,REM,55,
2026-03-18,07:44,REM,55,
2026-03-18,07:45,REM,55,
2026-03-18,07:46,REM,55,
2026-03-18,07:47,LIGHT,55,
2026-03-18,07:48,LIGHT,55,
2026-03-18,07:49,LIGHT,56,
2026-03-18,07:50,LIGHT,61,
2026-03-18,07:51,LIGHT,56,
2026-03-18,07:52,LIGHT,55,
2026-03-18,07:53,LIGHT,54,
2026-03-18,07:54,LIGHT,51,
2026-03-18,07:55,LIGHT,62,
2026-03-18,07:56,LIGHT,56,
2026-03-18,07:57,LIGHT,56,
2026-03-18,07:58,LIGHT,54,
2026-03-18,07:59,LIGHT,54,
2026-03-18,08:00,LIGHT,56,
2026-03-18,08:01,LIGHT,57,
2026-03-18,08:02,LIGHT,61,
2026-03-18,08:03,LIGHT,58,
2026-03-18,08:04,LIGHT,55,
2026-03-18,08:05,LIGHT,57,
2026-03-18,08:06,LIGHT,57,
2026-03-18,08:07,LIGHT,62,
2026-03-18,08:08,LIGHT,54,
2026-03-18,08:09,LIGHT,54,
2026-03-18,08:10,LIGHT,52,
2026-03-18,08:11,LIGHT,51,
2026-03-18,08:12,LIGHT,59,
2026-03-18,08:13,LIGHT,55,
2026-03-18,08:14,LIGHT,54,
2026-03-18,08:15,LIGHT,61,
2026-03-18,08:16,LIGHT,64,
2026-03-18,08:17,LIGHT,61,
2026-03-18,08:18,LIGHT,55,
2026-03-18,08:19,LIGHT,61,
2026-03-18,08:20,LIGHT,66,
2026-03-18,08:21,LIGHT,67,
2026-03-18,08:22,LIGHT,62,
2026-03-18,08:23,LIGHT,64,
2026-03-18,08:24,LIGHT,62,
2026-03-18,08:25,LIGHT,62,
2026-03-18,08:26,LIGHT,59,
2026-03-18,08:27,LIGHT,58,
2026-03-18,08:28,LIGHT,61,
2026-03-18,08:29,LIGHT,53,
2026-03-18,08:30,LIGHT,52,
2026-03-18,08:31,LIGHT,52,
2026-03-18,08:32,LIGHT,53,
2026-03-18,08:33,LIGHT,52,
2026-03-18,08:34,LIGHT,58,
2026-03-18,08:35,LIGHT,53,
2026-03-18,08:36,LIGHT,51,
2026-03-18,08:37,LIGHT,52,
2026-03-18,08:38,LIGHT,54,
2026-03-18,08:39,LIGHT,55,
2026-03-18,08:40,LIGHT,53,
2026-03-18,08:41,LIGHT,54,
2026-03-18,08:42,LIGHT,54,
2026-03-18,08:43,LIGHT,54,
2026-03-18,08:44,LIGHT,54,
2026-03-18,08:45,REM,55,
2026-03-18,08:46,REM,55,
2026-03-18,08:47,REM,55,
2026-03-18,08:48,REM,55,
2026-03-18,08:49,REM,55,
2026-03-18,08:50,REM,61,
2026-03-18,08:51,REM,61,
2026-03-18,08:52,REM,59,
2026-03-18,08:53,LIGHT,,
2026-03-18,08:54,LIGHT,,
2026-03-18,08:55,LIGHT,,
2026-03-18,08:56,LIGHT,,
2026-03-18,08:57,LIGHT,,
2026-03-18,08:58,LIGHT,,
2026-03-18,08:59,LIGHT,,
2026-03-18,09:00,LIGHT,,
2026-03-18,09:01,LIGHT,,
2026-03-18,09:02,LIGHT,,
2026-03-18,09:03,LIGHT,,
2026-03-18,09:04,REM,,
2026-03-18,09:05,REM,,
2026-03-18,09:06,REM,,
2026-03-18,09:07,REM,62,
2026-03-18,09:08,REM,57,
2026-03-18,09:09,REM,54,
2026-03-18,09:10,REM,61,
2026-03-18,09:11,REM,67,
2026-03-18,09:12,REM,74,
2026-03-18,09:13,LIGHT,79,
2026-03-18,09:14,LIGHT,74,
2026-03-18,09:15,LIGHT,70,
2026-03-18,09:16,LIGHT,67,
2026-03-18,09:17,LIGHT,67,
2026-03-19,01:46,LIGHT,60,
2026-03-19,01:47,LIGHT,61,
2026-03-19,01:48,LIGHT,61,
2026-03-19,01:49,LIGHT,61,
2026-03-19,01:50,LIGHT,61,
2026-03-19,01:51,LIGHT,61,
2026-03-19,01:52,LIGHT,61,
2026-03-19,01:53,LIGHT,61,
2026-03-19,01:54,LIGHT,62,
2026-03-19,01:55,LIGHT,62,
2026-03-19,01:56,LIGHT,62,
2026-03-19,01:57,LIGHT,62,
2026-03-19,01:58,DEEP,62,
2026-03-19,01:59,DEEP,62,
2026-03-19,02:00,DEEP,62,
2026-03-19,02:01,DEEP,63,
2026-03-19,02:02,DEEP,62,
2026-03-19,02:03,DEEP,62,
2026-03-19,02:04,DEEP,64,
2026-03-19,02:05,DEEP,61,
2026-03-19,02:06,DEEP,66,
2026-03-19,02:07,DEEP,63,
2026-03-19,02:08,DEEP,60,
2026-03-19,02:09,DEEP,60,
2026-03-19,02:10,DEEP,62,
2026-03-19,02:11,DEEP,67,
2026-03-19,02:12,DEEP,71,
2026-03-19,02:13,DEEP,69,
2026-03-19,02:14,DEEP,70,
2026-03-19,02:15,DEEP,72,
2026-03-19,02:16,DEEP,72,
2026-03-19,02:17,DEEP,77,
2026-03-19,02:18,DEEP,77,
2026-03-19,02:19,DEEP,66,
2026-03-19,02:20,DEEP,66,
2026-03-19,02:21,LIGHT,64,
2026-03-19,02:22,LIGHT,69,
2026-03-19,02:23,LIGHT,69,
2026-03-19,02:24,LIGHT,63,
2026-03-19,02:25,LIGHT,62,
2026-03-19,02:26,LIGHT,61,
2026-03-19,02:27,LIGHT,64,
2026-03-19,02:28,LIGHT,66,
2026-03-19,02:29,LIGHT,61,
2026-03-19,02:30,LIGHT,61,
2026-03-19,02:31,LIGHT,61,
2026-03-19,02:32,LIGHT,61,
2026-03-19,02:33,LIGHT,62,
2026-03-19,02:34,LIGHT,62,
2026-03-19,02:35,LIGHT,74,
2026-03-19,02:36,LIGHT,63,
2026-03-19,02:37,DEEP,58,
2026-03-19,02:38,DEEP,58,
2026-03-19,02:39,DEEP,59,
2026-03-19,02:40,REM,59,
2026-03-19,02:41,REM,59,
2026-03-19,02:42,REM,59,
2026-03-19,02:43,REM,60,
2026-03-19,02:44,REM,68,
2026-03-19,02:45,REM,60,
2026-03-19,02:46,REM,59,
2026-03-19,02:47,REM,59,
2026-03-19,02:48,REM,59,
2026-03-19,02:49,REM,59,
2026-03-19,02:50,REM,59,
2026-03-19,02:51,REM,59,
2026-03-19,02:52,REM,60,
2026-03-19,02:53,REM,60,
2026-03-19,02:54,REM,60,
2026-03-19,02:55,REM,60,
2026-03-19,02:56,REM,60,
2026-03-19,02:57,REM,59,
2026-03-19,02:58,REM,71,
2026-03-19,02:59,REM,68,
2026-03-19,03:00,LIGHT,61,
2026-03-19,03:01,LIGHT,57,
2026-03-19,03:02,LIGHT,56,
2026-03-19,03:03,LIGHT,61,
2026-03-19,03:04,LIGHT,59,
2026-03-19,03:05,LIGHT,57,
2026-03-19,03:06,LIGHT,57,
2026-03-19,03:07,LIGHT,65,
2026-03-19,03:08,LIGHT,62,
2026-03-19,03:09,LIGHT,57,
2026-03-19,03:10,LIGHT,57,
2026-03-19,03:11,LIGHT,57,
2026-03-19,03:12,LIGHT,58,
2026-03-19,03:13,LIGHT,58,
2026-03-19,03:14,LIGHT,58,
2026-03-19,03:15,LIGHT,59,
2026-03-19,03:16,LIGHT,59,
2026-03-19,03:17,LIGHT,59,
2026-03-19,03:18,LIGHT,60,
2026-03-19,03:19,LIGHT,60,
2026-03-19,03:20,LIGHT,60,
2026-03-19,03:21,LIGHT,60,
2026-03-19,03:22,LIGHT,59,
2026-03-19,03:23,LIGHT,59,
2026-03-19,03:24,LIGHT,59,
2026-03-19,03:25,DEEP,59,
2026-03-19,03:26,DEEP,59,
2026-03-19,03:27,DEEP,59,
2026-03-19,03:28,DEEP,59,
2026-03-19,03:29,DEEP,59,
2026-03-19,03:30,DEEP,59,
2026-03-19,03:31,DEEP,59,
2026-03-19,03:32,LIGHT,58,
2026-03-19,03:33,LIGHT,58,
2026-03-19,03:34,LIGHT,58,
2026-03-19,03:35,WAKE,58,
2026-03-19,03:36,LIGHT,67,
2026-03-19,03:37,LIGHT,62,
2026-03-19,03:38,LIGHT,59,
2026-03-19,03:39,LIGHT,57,
2026-03-19,03:40,LIGHT,59,
2026-03-19,03:41,LIGHT,62,
2026-03-19,03:42,LIGHT,69,
2026-03-19,03:43,LIGHT,71,
2026-03-19,03:44,LIGHT,68,
2026-03-19,03:45,LIGHT,68,
2026-03-19,03:46,LIGHT,67,
2026-03-19,03:47,LIGHT,68,
2026-03-19,03:48,LIGHT,64,
2026-03-19,03:49,LIGHT,67,
2026-03-19,03:50,LIGHT,68,
2026-03-19,03:51,LIGHT,69,
2026-03-19,03:52,LIGHT,69,
2026-03-19,03:53,LIGHT,69,
2026-03-19,03:54,LIGHT,71,
2026-03-19,03:55,LIGHT,75,
2026-03-19,03:56,LIGHT,66,
2026-03-19,03:57,LIGHT,61,
2026-03-19,03:58,DEEP,58,
2026-03-19,03:59,DEEP,58,
2026-03-19,04:00,DEEP,58,
2026-03-19,04:01,DEEP,55,
2026-03-19,04:02,DEEP,59,
2026-03-19,04:03,DEEP,58,
2026-03-19,04:04,LIGHT,58,
2026-03-19,04:05,LIGHT,58,
2026-03-19,04:06,LIGHT,59,
2026-03-19,04:07,LIGHT,59,
2026-03-19,04:08,LIGHT,59,
2026-03-19,04:09,LIGHT,59,
2026-03-19,04:10,LIGHT,59,
2026-03-19,04:11,LIGHT,59,
2026-03-19,04:12,LIGHT,60,
2026-03-19,04:13,LIGHT,69,
2026-03-19,04:14,WAKE,61,
2026-03-19,04:15,LIGHT,62,
2026-03-19,04:16,LIGHT,64,
2026-03-19,04:17,LIGHT,69,
2026-03-19,04:18,REM,61,
2026-03-19,04:19,REM,60,
2026-03-19,04:20,REM,58,
2026-03-19,04:21,REM,57,
2026-03-19,04:22,REM,57,
2026-03-19,04:23,REM,60,
2026-03-19,04:24,REM,58,
2026-03-19,04:25,REM,57,
2026-03-19,04:26,REM,59,
2026-03-19,04:27,REM,59,
2026-03-19,04:28,REM,59,
2026-03-19,04:29,REM,60,
2026-03-19,04:30,REM,60,
2026-03-19,04:31,REM,61,
2026-03-19,04:32,REM,60,
2026-03-19,04:33,REM,58,
2026-03-19,04:34,REM,58,
2026-03-19,04:35,REM,60,
2026-03-19,04:36,REM,59,
2026-03-19,04:37,REM,59,
2026-03-19,04:38,REM,59,
2026-03-19,04:39,REM,59,
2026-03-19,04:40,REM,60,
2026-03-19,04:41,REM,60,
2026-03-19,04:42,REM,60,
2026-03-19,04:43,REM,60,
2026-03-19,04:44,LIGHT,60,
2026-03-19,04:45,LIGHT,60,
2026-03-19,04:46,LIGHT,60,
2026-03-19,04:47,LIGHT,68,
2026-03-19,04:48,LIGHT,62,
2026-03-19,04:49,LIGHT,59,
2026-03-19,04:50,LIGHT,60,
2026-03-19,04:51,LIGHT,59,
2026-03-19,04:52,LIGHT,61,
2026-03-19,04:53,LIGHT,55,
2026-03-19,04:54,LIGHT,53,
2026-03-19,04:55,LIGHT,53,
2026-03-19,04:56,LIGHT,53,
2026-03-19,04:57,LIGHT,54,
2026-03-19,04:58,LIGHT,54,
2026-03-19,04:59,LIGHT,54,
2026-03-19,05:00,LIGHT,55,
2026-03-19,05:01,LIGHT,54,
2026-03-19,05:02,LIGHT,54,
2026-03-19,05:03,LIGHT,54,
2026-03-19,05:04,LIGHT,58,
2026-03-19,05:05,DEEP,55,
2026-03-19,05:06,DEEP,52,
2026-03-19,05:07,DEEP,53,
2026-03-19,05:08,DEEP,53,
2026-03-19,05:09,DEEP,54,
2026-03-19,05:10,DEEP,54,
2026-03-19,05:11,LIGHT,54,
2026-03-19,05:12,LIGHT,54,
2026-03-19,05:13,LIGHT,54,
2026-03-19,05:14,WAKE,54,
2026-03-19,05:15,LIGHT,54,
2026-03-19,05:16,LIGHT,54,
2026-03-19,05:17,LIGHT,54,
2026-03-19,05:18,LIGHT,54,
2026-03-19,05:19,LIGHT,54,
2026-03-19,05:20,LIGHT,54,
2026-03-19,05:21,LIGHT,54,
2026-03-19,05:22,LIGHT,54,
2026-03-19,05:23,LIGHT,53,
2026-03-19,05:24,LIGHT,52,
2026-03-19,05:25,LIGHT,55,
2026-03-19,05:26,LIGHT,57,
2026-03-19,05:27,LIGHT,60,
2026-03-19,05:28,LIGHT,62,
2026-03-19,05:29,LIGHT,64,
2026-03-19,05:30,LIGHT,65,
2026-03-19,05:31,LIGHT,58,
2026-03-19,05:32,LIGHT,54,
2026-03-19,05:33,LIGHT,57,
2026-03-19,05:34,LIGHT,55,
2026-03-19,05:35,LIGHT,59,
2026-03-19,05:36,LIGHT,59,
2026-03-19,05:37,LIGHT,56,
2026-03-19,05:38,DEEP,56,
2026-03-19,05:39,DEEP,64,
2026-03-19,05:40,DEEP,56,
2026-03-19,05:41,LIGHT,53,
2026-03-19,05:42,LIGHT,53,
2026-03-19,05:43,LIGHT,59,
2026-03-19,05:44,REM,56,
2026-03-19,05:45,REM,56,
2026-03-19,05:46,REM,56,
2026-03-19,05:47,REM,57,
2026-03-19,05:48,REM,57,
2026-03-19,05:49,REM,62,
2026-03-19,05:50,REM,56,
2026-03-19,05:51,REM,53,
2026-03-19,05:52,REM,55,
2026-03-19,05:53,REM,54,
2026-03-19,05:54,REM,54,
2026-03-19,05:55,REM,56,
2026-03-19,05:56,REM,58,
2026-03-19,05:57,REM,55,
2026-03-19,05:58,REM,55,
2026-03-19,05:59,REM,54,
2026-03-19,06:00,REM,54,
2026-03-19,06:01,REM,56,
2026-03-19,06:02,REM,61,
2026-03-19,06:03,REM,55,
2026-03-19,06:04,REM,55,
2026-03-19,06:05,REM,55,
2026-03-19,06:06,REM,55,
2026-03-19,06:07,REM,55,
2026-03-19,06:08,REM,55,
2026-03-19,06:09,REM,55,
2026-03-19,06:10,REM,56,
2026-03-19,06:11,REM,56,
2026-03-19,06:12,REM,56,
2026-03-19,06:13,REM,56,
2026-03-19,06:14,REM,56,
2026-03-19,06:15,REM,56,
2026-03-19,06:16,REM,56,
2026-03-19,06:17,REM,56,
2026-03-19,06:18,REM,56,
2026-03-19,06:19,REM,56,
2026-03-19,06:20,REM,56,
2026-03-19,06:21,REM,56,
2026-03-19,06:22,REM,57,
2026-03-19,06:23,REM,57,
2026-03-19,06:24,LIGHT,56,
2026-03-19,06:25,LIGHT,56,
2026-03-19,06:26,LIGHT,56,
2026-03-19,06:27,LIGHT,56,
2026-03-19,06:28,LIGHT,56,
2026-03-19,06:29,LIGHT,56,
2026-03-19,06:30,LIGHT,56,
2026-03-19,06:31,LIGHT,56,
2026-03-19,06:32,LIGHT,56,
2026-03-19,06:33,LIGHT,56,
2026-03-19,06:34,LIGHT,57,
2026-03-19,06:35,LIGHT,57,
2026-03-19,06:36,LIGHT,57,
2026-03-19,06:37,LIGHT,57,
2026-03-19,06:38,LIGHT,57,
2026-03-19,06:39,LIGHT,56,
2026-03-19,06:40,LIGHT,56,
2026-03-19,06:41,LIGHT,56,
2026-03-19,06:42,LIGHT,56,
2026-03-19,06:43,LIGHT,56,
2026-03-19,06:44,LIGHT,57,
2026-03-19,06:45,LIGHT,57,
2026-03-19,06:46,LIGHT,57,
2026-03-19,06:47,LIGHT,57,
2026-03-19,06:48,LIGHT,57,
2026-03-19,06:49,LIGHT,57,
2026-03-19,06:50,LIGHT,56,
2026-03-19,06:51,LIGHT,56,
2026-03-19,06:52,LIGHT,56,
2026-03-19,06:53,LIGHT,66,
2026-03-19,06:54,LIGHT,66,
2026-03-19,06:55,LIGHT,60,
2026-03-19,06:56,LIGHT,61,
2026-03-19,06:57,LIGHT,55,
2026-03-19,06:58,LIGHT,55,
2026-03-19,06:59,DEEP,54,
2026-03-19,07:00,DEEP,54,
2026-03-19,07:01,DEEP,58,
2026-03-19,07:02,DEEP,59,
2026-03-19,07:03,DEEP,63,
2026-03-19,07:04,DEEP,60,
2026-03-19,07:05,DEEP,59,
2026-03-19,07:06,DEEP,58,
2026-03-19,07:07,DEEP,56,
2026-03-19,07:08,DEEP,56,
2026-03-19,07:09,DEEP,58,
2026-03-19,07:10,DEEP,62,
2026-03-19,07:11,DEEP,56,
2026-03-19,07:12,DEEP,59,
2026-03-19,07:13,DEEP,65,
2026-03-19,07:14,DEEP,59,
2026-03-19,07:15,DEEP,58,
2026-03-19,07:16,DEEP,61,
2026-03-19,07:17,DEEP,56,
2026-03-19,07:18,DEEP,58,
2026-03-19,07:19,DEEP,60,
2026-03-19,07:20,DEEP,57,
2026-03-19,07:21,DEEP,59,
2026-03-19,07:22,DEEP,60,
2026-03-19,07:23,DEEP,60,
2026-03-19,07:24,DEEP,58,
2026-03-19,07:25,DEEP,60,
2026-03-19,07:26,DEEP,57,
2026-03-19,07:27,LIGHT,65,
2026-03-19,07:28,LIGHT,57,
2026-03-19,07:29,LIGHT,56,
2026-03-19,07:30,LIGHT,56,
2026-03-19,07:31,LIGHT,60,
2026-03-19,07:32,LIGHT,62,
2026-03-19,07:33,LIGHT,56,
2026-03-19,07:34,LIGHT,58,
2026-03-19,07:35,LIGHT,60,
2026-03-19,07:36,REM,55,
2026-03-19,07:37,REM,55,
2026-03-19,07:38,REM,55,
2026-03-19,07:39,REM,54,
2026-03-19,07:40,REM,55,
2026-03-19,07:41,REM,54,
2026-03-19,07:42,REM,57,
2026-03-19,07:43,REM,62,
2026-03-19,07:44,REM,57,
2026-03-19,07:45,REM,56,
2026-03-19,07:46,REM,61,
2026-03-19,07:47,REM,58,
2026-03-19,07:48,REM,55,
2026-03-19,07:49,REM,54,
2026-03-19,07:50,REM,54,
2026-03-19,07:51,REM,56,
2026-03-19,07:52,REM,55,
2026-03-19,07:53,REM,55,
2026-03-19,07:54,REM,60,
2026-03-19,07:55,REM,56,
2026-03-19,07:56,REM,54,
2026-03-19,07:57,REM,54,
2026-03-19,07:58,REM,54,
2026-03-19,07:59,REM,59,
2026-03-19,08:00,REM,53,
2026-03-19,08:01,REM,53,
2026-03-19,08:02,REM,54,
2026-03-19,08:03,REM,53,
2026-03-19,08:04,REM,54,
2026-03-19,08:05,REM,56,
2026-03-19,08:06,REM,56,
2026-03-19,08:07,REM,56,
2026-03-19,08:08,REM,56,
2026-03-19,08:09,REM,56,
2026-03-19,08:10,REM,56,
2026-03-19,08:11,REM,56,
2026-03-19,08:12,REM,56,
2026-03-19,08:13,REM,56,
2026-03-19,08:14,REM,56,
2026-03-19,08:15,REM,57,
2026-03-19,08:16,REM,66,
2026-03-19,08:17,REM,59,
2026-03-19,08:18,REM,59,
2026-03-19,08:19,REM,59,
2026-03-19,08:20,LIGHT,60,
2026-03-19,08:21,LIGHT,62,
2026-03-19,08:22,LIGHT,69,
2026-03-19,08:23,LIGHT,59,
2026-03-19,08:24,LIGHT,61,
2026-03-19,08:25,LIGHT,60,
2026-03-19,08:26,LIGHT,58,
2026-03-19,08:27,LIGHT,65,
2026-03-19,08:28,LIGHT,56,
2026-03-19,08:29,LIGHT,53,
2026-03-19,08:30,LIGHT,53,
2026-03-19,08:31,LIGHT,57,
2026-03-19,08:32,LIGHT,58,
2026-03-19,08:33,LIGHT,52,
2026-03-19,08:34,LIGHT,58,
2026-03-19,08:35,LIGHT,56,
2026-03-19,08:36,LIGHT,55,
2026-03-19,08:37,LIGHT,53,
2026-03-19,08:38,LIGHT,59,
2026-03-19,08:39,LIGHT,54,
2026-03-19,08:40,LIGHT,57,
2026-03-19,08:41,LIGHT,72,
2026-03-19,08:42,LIGHT,69,
2026-03-19,08:43,LIGHT,62,
2026-03-19,08:44,LIGHT,60,
2026-03-19,08:45,LIGHT,62,
2026-03-19,08:46,LIGHT,66,
2026-03-19,08:47,LIGHT,58,
2026-03-19,08:48,LIGHT,56,
2026-03-19,08:49,LIGHT,63,
2026-03-19,08:50,LIGHT,59,
2026-03-20,01:02,LIGHT,73,
2026-03-20,01:03,LIGHT,73,
2026-03-20,01:04,LIGHT,74,
2026-03-20,01:05,LIGHT,74,
2026-03-20,01:06,LIGHT,74,
2026-03-20,01:07,LIGHT,74,
2026-03-20,01:08,LIGHT,74,
2026-03-20,01:09,DEEP,73,
2026-03-20,01:10,DEEP,73,
2026-03-20,01:11,DEEP,73,
2026-03-20,01:12,DEEP,80,
2026-03-20,01:13,DEEP,74,
2026-03-20,01:14,DEEP,71,
2026-03-20,01:15,DEEP,71,
2026-03-20,01:16,DEEP,71,
2026-03-20,01:17,DEEP,72,
2026-03-20,01:18,DEEP,76,
2026-03-20,01:19,DEEP,73,
2026-03-20,01:20,DEEP,73,
2026-03-20,01:21,DEEP,73,
2026-03-20,01:22,DEEP,73,
2026-03-20,01:23,DEEP,74,
2026-03-20,01:24,DEEP,74,
2026-03-20,01:25,DEEP,74,
2026-03-20,01:26,DEEP,75,
2026-03-20,01:27,DEEP,75,
2026-03-20,01:28,DEEP,75,
2026-03-20,01:29,DEEP,75,
2026-03-20,01:30,DEEP,75,
2026-03-20,01:31,LIGHT,75,
2026-03-20,01:32,LIGHT,75,
2026-03-20,01:33,LIGHT,75,
2026-03-20,01:34,LIGHT,75,
2026-03-20,01:35,LIGHT,76,
2026-03-20,01:36,LIGHT,76,
2026-03-20,01:37,LIGHT,75,
2026-03-20,01:38,LIGHT,75,
2026-03-20,01:39,LIGHT,75,
2026-03-20,01:40,LIGHT,75,
2026-03-20,01:41,DEEP,75,
2026-03-20,01:42,DEEP,75,
2026-03-20,01:43,DEEP,79,
2026-03-20,01:44,DEEP,77,
2026-03-20,01:45,LIGHT,74,
2026-03-20,01:46,LIGHT,74,
2026-03-20,01:47,LIGHT,81,
2026-03-20,01:48,LIGHT,73,
2026-03-20,01:49,LIGHT,78,
2026-03-20,01:50,LIGHT,70,
2026-03-20,01:51,LIGHT,72,
2026-03-20,01:52,LIGHT,76,
2026-03-20,01:53,LIGHT,77,
2026-03-20,01:54,LIGHT,78,
2026-03-20,01:55,DEEP,78,
2026-03-20,01:56,DEEP,78,
2026-03-20,01:57,DEEP,76,
2026-03-20,01:58,DEEP,77,
2026-03-20,01:59,DEEP,75,
2026-03-20,02:00,DEEP,76,
2026-03-20,02:01,DEEP,76,
2026-03-20,02:02,DEEP,75,
2026-03-20,02:03,DEEP,76,
2026-03-20,02:04,LIGHT,78,
2026-03-20,02:05,LIGHT,75,
2026-03-20,02:06,LIGHT,71,
2026-03-20,02:07,LIGHT,70,
2026-03-20,02:08,LIGHT,72,
2026-03-20,02:09,LIGHT,72,
2026-03-20,02:10,REM,78,
2026-03-20,02:11,REM,70,
2026-03-20,02:12,REM,68,
2026-03-20,02:13,REM,67,
2026-03-20,02:14,REM,67,
2026-03-20,02:15,REM,67,
2026-03-20,02:16,LIGHT,67,
2026-03-20,02:17,LIGHT,66,
2026-03-20,02:18,LIGHT,66,
2026-03-20,02:19,WAKE,66,
2026-03-20,02:20,LIGHT,66,
2026-03-20,02:21,LIGHT,65,
2026-03-20,02:22,LIGHT,65,
2026-03-20,02:23,WAKE,65,
2026-03-20,02:24,WAKE,65,
2026-03-20,02:25,LIGHT,65,
2026-03-20,02:26,LIGHT,65,
2026-03-20,02:27,LIGHT,66,
2026-03-20,02:28,LIGHT,66,
2026-03-20,02:29,LIGHT,66,
2026-03-20,02:30,LIGHT,66,
2026-03-20,02:31,LIGHT,66,
2026-03-20,02:32,LIGHT,66,
2026-03-20,02:33,LIGHT,66,
2026-03-20,02:34,LIGHT,66,
2026-03-20,02:35,LIGHT,66,
2026-03-20,02:36,WAKE,64,
2026-03-20,02:37,LIGHT,64,
2026-03-20,02:38,LIGHT,64,
2026-03-20,02:39,LIGHT,64,
2026-03-20,02:40,LIGHT,64,
2026-03-20,02:41,LIGHT,64,
2026-03-20,02:42,LIGHT,64,
2026-03-20,02:43,LIGHT,64,
2026-03-20,02:44,LIGHT,64,
2026-03-20,02:45,LIGHT,68,
2026-03-20,02:46,LIGHT,70,
2026-03-20,02:47,LIGHT,66,
2026-03-20,02:48,LIGHT,63,
2026-03-20,02:49,LIGHT,65,
2026-03-20,02:50,LIGHT,61,
2026-03-20,02:51,LIGHT,61,
2026-03-20,02:52,LIGHT,61,
2026-03-20,02:53,LIGHT,62,
2026-03-20,02:54,LIGHT,62,
2026-03-20,02:55,LIGHT,62,
2026-03-20,02:56,DEEP,63,
2026-03-20,02:57,DEEP,63,
2026-03-20,02:58,DEEP,65,
2026-03-20,02:59,LIGHT,68,
2026-03-20,03:00,LIGHT,63,
2026-03-20,03:01,LIGHT,62,
2026-03-20,03:02,LIGHT,62,
2026-03-20,03:03,LIGHT,62,
2026-03-20,03:04,LIGHT,63,
2026-03-20,03:05,LIGHT,64,
2026-03-20,03:06,LIGHT,64,
2026-03-20,03:07,LIGHT,69,
2026-03-20,03:08,LIGHT,64,
2026-03-20,03:09,LIGHT,60,
2026-03-20,03:10,LIGHT,60,
2026-03-20,03:11,LIGHT,60,
2026-03-20,03:12,LIGHT,61,
2026-03-20,03:13,LIGHT,61,
2026-03-20,03:14,LIGHT,61,
2026-03-20,03:15,LIGHT,61,
2026-03-20,03:16,LIGHT,60,
2026-03-20,03:17,LIGHT,60,
2026-03-20,03:18,LIGHT,68,
2026-03-20,03:19,LIGHT,61,
2026-03-20,03:20,LIGHT,62,
2026-03-20,03:21,LIGHT,64,
2026-03-20,03:22,LIGHT,64,
2026-03-20,03:23,LIGHT,65,
2026-03-20,03:24,DEEP,65,
2026-03-20,03:25,DEEP,67,
2026-03-20,03:26,DEEP,67,
2026-03-20,03:27,DEEP,69,
2026-03-20,03:28,DEEP,71,
2026-03-20,03:29,DEEP,68,
2026-03-20,03:30,DEEP,74,
2026-03-20,03:31,DEEP,72,
2026-03-20,03:32,DEEP,74,
2026-03-20,03:33,DEEP,71,
2026-03-20,03:34,DEEP,65,
2026-03-20,03:35,DEEP,64,
2026-03-20,03:36,LIGHT,62,
2026-03-20,03:37,LIGHT,62,
2026-03-20,03:38,LIGHT,67,
2026-03-20,03:39,LIGHT,63,
2026-03-20,03:40,LIGHT,61,
2026-03-20,03:41,LIGHT,60,
2026-03-20,03:42,REM,62,
2026-03-20,03:43,REM,67,
2026-03-20,03:44,REM,65,
2026-03-20,03:45,REM,62,
2026-03-20,03:46,REM,68,
2026-03-20,03:47,REM,68,
2026-03-20,03:48,REM,67,
2026-03-20,03:49,REM,63,
2026-03-20,03:50,REM,65,
2026-03-20,03:51,REM,62,
2026-03-20,03:52,REM,62,
2026-03-20,03:53,REM,64,
2026-03-20,03:54,REM,61,
2026-03-20,03:55,REM,62,
2026-03-20,03:56,REM,60,
2026-03-20,03:57,REM,62,
2026-03-20,03:58,REM,62,
2026-03-20,03:59,REM,62,
2026-03-20,04:00,REM,62,
2026-03-20,04:01,REM,62,
2026-03-20,04:02,REM,62,
2026-03-20,04:03,REM,62,
2026-03-20,04:04,REM,62,
2026-03-20,04:05,REM,62,
2026-03-20,04:06,REM,62,
2026-03-20,04:07,REM,62,
2026-03-20,04:08,REM,62,
2026-03-20,04:09,REM,62,
2026-03-20,04:10,REM,62,
2026-03-20,04:11,LIGHT,62,
2026-03-20,04:12,LIGHT,62,
2026-03-20,04:13,LIGHT,62,
2026-03-20,04:14,WAKE,62,
2026-03-20,04:15,LIGHT,62,
2026-03-20,04:16,LIGHT,61,
2026-03-20,04:17,LIGHT,61,
2026-03-20,04:18,LIGHT,61,
2026-03-20,04:19,LIGHT,61,
2026-03-20,04:20,LIGHT,61,
2026-03-20,04:21,LIGHT,61,
2026-03-20,04:22,LIGHT,61,
2026-03-20,04:23,LIGHT,61,
2026-03-20,04:24,LIGHT,61,
2026-03-20,04:25,LIGHT,61,
2026-03-20,04:26,LIGHT,61,
2026-03-20,04:27,LIGHT,61,
2026-03-20,04:28,LIGHT,61,
2026-03-20,04:29,LIGHT,61,
2026-03-20,04:30,LIGHT,72,
2026-03-20,04:31,LIGHT,64,
2026-03-20,04:32,LIGHT,69,
2026-03-20,04:33,LIGHT,63,
2026-03-20,04:34,LIGHT,58,
2026-03-20,04:35,LIGHT,58,
2026-03-20,04:36,LIGHT,60,
2026-03-20,04:37,LIGHT,65,
2026-03-20,04:38,LIGHT,70,
2026-03-20,04:39,LIGHT,62,
2026-03-20,04:40,LIGHT,61,
2026-03-20,04:41,LIGHT,61,
2026-03-20,04:42,DEEP,61,
2026-03-20,04:43,DEEP,60,
2026-03-20,04:44,DEEP,63,
2026-03-20,04:45,DEEP,65,
2026-03-20,04:46,DEEP,70,
2026-03-20,04:47,DEEP,65,
2026-03-20,04:48,LIGHT,60,
2026-03-20,04:49,LIGHT,59,
2026-03-20,04:50,LIGHT,61,
2026-03-20,04:51,LIGHT,58,
2026-03-20,04:52,LIGHT,58,
2026-03-20,04:53,LIGHT,58,
2026-03-20,04:54,LIGHT,61,
2026-03-20,04:55,LIGHT,61,
2026-03-20,04:56,LIGHT,61,
2026-03-20,04:57,LIGHT,61,
2026-03-20,04:58,LIGHT,67,
2026-03-20,04:59,LIGHT,63,
2026-03-20,05:00,LIGHT,62,
2026-03-20,05:01,LIGHT,64,
2026-03-20,05:02,LIGHT,63,
2026-03-20,05:03,LIGHT,63,
2026-03-20,05:04,LIGHT,63,
2026-03-20,05:05,LIGHT,63,
2026-03-20,05:06,LIGHT,63,
2026-03-20,05:07,LIGHT,63,
2026-03-20,05:08,LIGHT,63,
2026-03-20,05:09,LIGHT,63,
2026-03-20,05:10,LIGHT,63,
2026-03-20,05:11,LIGHT,63,
2026-03-20,05:12,LIGHT,63,
2026-03-20,05:13,LIGHT,63,
2026-03-20,05:14,DEEP,62,
2026-03-20,05:15,DEEP,62,
2026-03-20,05:16,DEEP,63,
2026-03-20,05:17,DEEP,63,
2026-03-20,05:18,DEEP,63,
2026-03-20,05:19,DEEP,63,
2026-03-20,05:20,DEEP,63,
2026-03-20,05:21,DEEP,63,
2026-03-20,05:22,DEEP,63,
2026-03-20,05:23,DEEP,63,
2026-03-20,05:24,DEEP,63,
2026-03-20,05:25,REM,64,
2026-03-20,05:26,REM,63,
2026-03-20,05:27,REM,63,
2026-03-20,05:28,REM,63,
2026-03-20,05:29,REM,63,
2026-03-20,05:30,REM,63,
2026-03-20,05:31,REM,63,
2026-03-20,05:32,REM,63,
2026-03-20,05:33,REM,63,
2026-03-20,05:34,REM,63,
2026-03-20,05:35,REM,63,
2026-03-20,05:36,REM,63,
2026-03-20,05:37,REM,63,
2026-03-20,05:38,REM,64,
2026-03-20,05:39,REM,64,
2026-03-20,05:40,REM,64,
2026-03-20,05:41,REM,64,
2026-03-20,05:42,REM,64,
2026-03-20,05:43,REM,64,
2026-03-20,05:44,REM,64,
2026-03-20,05:45,REM,64,
2026-03-20,05:46,REM,64,
2026-03-20,05:47,REM,64,
2026-03-20,05:48,REM,64,
2026-03-20,05:49,REM,65,
2026-03-20,05:50,REM,70,
2026-03-20,05:51,REM,65,
2026-03-20,05:52,LIGHT,60,
2026-03-20,05:53,LIGHT,62,
2026-03-20,05:54,LIGHT,58,
2026-03-20,05:55,LIGHT,65,
2026-03-20,05:56,LIGHT,59,
2026-03-20,05:57,LIGHT,56,
2026-03-20,05:58,LIGHT,56,
2026-03-20,05:59,LIGHT,58,
2026-03-20,06:00,LIGHT,62,
2026-03-20,06:01,LIGHT,64,
2026-03-20,06:02,LIGHT,64,
2026-03-20,06:03,LIGHT,58,
2026-03-20,06:04,LIGHT,61,
2026-03-20,06:05,LIGHT,61,
2026-03-20,06:06,LIGHT,63,
2026-03-20,06:07,LIGHT,63,
2026-03-20,06:08,LIGHT,66,
2026-03-20,06:09,LIGHT,71,
2026-03-20,06:10,LIGHT,68,
2026-03-20,06:11,LIGHT,65,
2026-03-20,06:12,LIGHT,65,
2026-03-20,06:13,LIGHT,65,
2026-03-20,06:14,DEEP,64,
2026-03-20,06:15,DEEP,63,
2026-03-20,06:16,DEEP,61,
2026-03-20,06:17,DEEP,61,
2026-03-20,06:18,DEEP,62,
2026-03-20,06:19,DEEP,64,
2026-03-20,06:20,DEEP,61,
2026-03-20,06:21,DEEP,68,
2026-03-20,06:22,DEEP,65,
2026-03-20,06:23,DEEP,62,
2026-03-20,06:24,DEEP,63,
2026-03-20,06:25,DEEP,62,
2026-03-20,06:26,DEEP,60,
2026-03-20,06:27,DEEP,60,
2026-03-20,06:28,DEEP,60,
2026-03-20,06:29,DEEP,66,
2026-03-20,06:30,DEEP,60,
2026-03-20,06:31,DEEP,59,
2026-03-20,06:32,DEEP,59,
2026-03-20,06:33,DEEP,60,
2026-03-20,06:34,DEEP,60,
2026-03-20,06:35,DEEP,61,
2026-03-20,06:36,DEEP,60,
2026-03-20,06:37,DEEP,60,
2026-03-20,06:38,DEEP,68,
2026-03-20,06:39,DEEP,56,
2026-03-20,06:40,DEEP,58,
2026-03-20,06:41,DEEP,60,
2026-03-20,06:42,DEEP,66,
2026-03-20,06:43,DEEP,67,
2026-03-20,06:44,DEEP,67,
2026-03-20,06:45,DEEP,70,
2026-03-20,06:46,DEEP,68,
2026-03-20,06:47,DEEP,65,
2026-03-20,06:48,DEEP,69,
2026-03-20,06:49,DEEP,67,
2026-03-20,06:50,DEEP,64,
2026-03-20,06:51,DEEP,64,
2026-03-20,06:52,DEEP,64,
2026-03-20,06:53,DEEP,63,
2026-03-20,06:54,LIGHT,63,
2026-03-20,06:55,LIGHT,62,
2026-03-20,06:56,LIGHT,66,
2026-03-20,06:57,LIGHT,63,
2026-03-20,06:58,LIGHT,63,
2026-03-20,06:59,LIGHT,66,
2026-03-20,07:00,LIGHT,63,
2026-03-20,07:01,REM,63,
2026-03-20,07:02,REM,62,
2026-03-20,07:03,REM,62,
2026-03-20,07:04,REM,62,
2026-03-20,07:05,REM,62,
2026-03-20,07:06,REM,62,
2026-03-20,07:07,REM,63,
2026-03-20,07:08,REM,63,
2026-03-20,07:09,REM,63,
2026-03-20,07:10,REM,64,
2026-03-20,07:11,REM,64,
2026-03-20,07:12,REM,64,
2026-03-20,07:13,REM,64,
2026-03-20,07:14,REM,64,
2026-03-20,07:15,REM,64,
2026-03-20,07:16,REM,64,
2026-03-20,07:17,REM,64,
2026-03-20,07:18,REM,64,
2026-03-20,07:19,REM,64,
2026-03-20,07:20,REM,64,
2026-03-20,07:21,REM,64,
2026-03-20,07:22,REM,64,
2026-03-20,07:23,REM,64,
2026-03-20,07:24,REM,64,
2026-03-20,07:25,REM,64,
2026-03-20,07:26,REM,64,
2026-03-20,07:27,REM,64,
2026-03-20,07:28,REM,63,
2026-03-20,07:29,REM,63,
2026-03-20,07:30,LIGHT,63,
2026-03-20,07:31,LIGHT,63,
2026-03-20,07:32,LIGHT,63,
2026-03-20,07:33,LIGHT,64,
2026-03-20,07:34,LIGHT,64,
2026-03-20,07:35,LIGHT,64,
2026-03-20,07:36,LIGHT,64,
2026-03-20,07:37,LIGHT,71,
2026-03-20,07:38,LIGHT,69,
2026-03-20,07:39,LIGHT,64,
2026-03-20,07:40,LIGHT,66,
2026-03-20,07:41,LIGHT,69,
2026-03-20,07:42,LIGHT,61,
2026-03-20,07:43,LIGHT,58,
2026-03-20,07:44,LIGHT,59,
2026-03-20,07:45,LIGHT,57,
2026-03-20,07:46,LIGHT,59,
2026-03-20,07:47,LIGHT,61,
2026-03-20,07:48,LIGHT,61,
2026-03-20,07:49,LIGHT,58,
2026-03-20,07:50,LIGHT,58,
2026-03-20,07:51,LIGHT,60,
2026-03-20,07:52,LIGHT,62,
2026-03-20,07:53,LIGHT,62,
2026-03-20,07:54,LIGHT,62,
2026-03-20,07:55,LIGHT,61,
2026-03-20,07:56,LIGHT,57,
2026-03-20,07:57,LIGHT,67,
2026-03-20,07:58,LIGHT,64,
2026-03-20,07:59,LIGHT,65,
2026-03-20,08:00,LIGHT,63,
2026-03-20,08:01,LIGHT,62,
2026-03-20,08:02,LIGHT,65,
2026-03-20,08:03,LIGHT,60,
2026-03-20,08:04,LIGHT,57,
2026-03-20,08:05,LIGHT,57,
2026-03-20,08:06,LIGHT,57,
2026-03-20,08:07,LIGHT,63,
2026-03-20,08:08,LIGHT,60,
2026-03-20,08:09,LIGHT,60,
2026-03-20,08:10,LIGHT,60,
2026-03-20,08:11,LIGHT,57,
2026-03-20,08:12,LIGHT,57,
2026-03-20,08:13,LIGHT,58,
2026-03-20,08:14,LIGHT,59,
2026-03-20,08:15,LIGHT,66,
2026-03-20,08:16,LIGHT,59,
2026-03-20,08:17,REM,57,
2026-03-20,08:18,REM,57,
2026-03-20,08:19,REM,62,
2026-03-20,08:20,REM,72,
2026-03-20,08:21,REM,61,
2026-03-20,08:22,REM,60,
2026-03-20,08:23,REM,58,
2026-03-20,08:24,REM,56,
2026-03-20,08:25,REM,58,
2026-03-20,08:26,REM,62,
2026-03-20,08:27,REM,61,
2026-03-20,08:28,REM,61,
2026-03-20,08:29,REM,60,
2026-03-20,08:30,REM,58,
2026-03-20,08:31,REM,61,
2026-03-20,08:32,REM,67,
2026-03-20,08:33,REM,60,
2026-03-20,08:34,REM,58,
2026-03-20,08:35,REM,60,
2026-03-20,08:36,REM,57,
2026-03-20,08:37,REM,59,
2026-03-20,08:38,REM,60,
2026-03-20,08:39,LIGHT,60,
2026-03-20,08:40,LIGHT,60,
2026-03-20,08:41,LIGHT,70,
2026-03-20,08:42,WAKE,65,
2026-03-20,08:43,WAKE,63,
2026-03-20,08:44,LIGHT,60,
2026-03-20,08:45,LIGHT,66,
2026-03-20,08:46,LIGHT,68,
2026-03-20,08:47,WAKE,65,
2026-03-20,08:48,LIGHT,63,
2026-03-20,08:49,LIGHT,63,
2026-03-20,08:50,LIGHT,64,
2026-03-20,08:51,LIGHT,61,
2026-03-20,08:52,LIGHT,61,
2026-03-20,08:53,LIGHT,60,
2026-03-20,08:54,LIGHT,60,
2026-03-20,08:55,LIGHT,62,
2026-03-20,08:56,LIGHT,61,
2026-03-20,08:57,LIGHT,61,
2026-03-20,08:58,LIGHT,61,
2026-03-20,08:59,LIGHT,61,
2026-03-20,09:00,LIGHT,65,
2026-03-20,09:01,WAKE,61,
2026-03-20,09:02,WAKE,60,
2026-03-20,09:03,LIGHT,60,
2026-03-20,09:04,LIGHT,60,
2026-03-20,09:05,LIGHT,61,
2026-03-20,09:06,LIGHT,61,
2026-03-20,09:07,LIGHT,61,
2026-03-20,09:08,LIGHT,61,
2026-03-20,09:09,LIGHT,61,
2026-03-20,09:10,LIGHT,61,
2026-03-20,09:11,LIGHT,61,
2026-03-20,09:12,LIGHT,63,
2026-03-20,09:13,LIGHT,62,
2026-03-20,09:14,REM,62,
2026-03-20,09:15,REM,62,
2026-03-20,09:16,REM,63,
2026-03-20,09:17,LIGHT,62,
2026-03-20,09:18,LIGHT,62,
2026-03-20,09:19,LIGHT,71,
2026-03-20,09:20,LIGHT,70,
2026-03-20,09:21,LIGHT,62,
2026-03-21,00:46,LIGHT,86,
2026-03-21,00:47,LIGHT,85,
2026-03-21,00:48,LIGHT,83,
2026-03-21,00:49,LIGHT,90,
2026-03-21,00:50,LIGHT,101,
2026-03-21,00:51,LIGHT,102,
2026-03-21,00:52,LIGHT,95,
2026-03-21,00:53,LIGHT,92,
2026-03-21,00:54,DEEP,90,
2026-03-21,00:55,DEEP,93,
2026-03-21,00:56,DEEP,90,
2026-03-21,00:57,DEEP,87,
2026-03-21,00:58,DEEP,87,
2026-03-21,00:59,DEEP,99,
2026-03-21,01:00,DEEP,100,
2026-03-21,01:01,DEEP,94,
2026-03-21,01:02,DEEP,91,
2026-03-21,01:03,DEEP,98,
2026-03-21,01:04,DEEP,92,
2026-03-21,01:05,DEEP,86,
2026-03-21,01:06,DEEP,83,
2026-03-21,01:07,DEEP,86,
2026-03-21,01:08,DEEP,86,
2026-03-21,01:09,DEEP,86,
2026-03-21,01:10,LIGHT,88,
2026-03-21,01:11,LIGHT,98,
2026-03-21,01:12,LIGHT,103,
2026-03-21,01:13,WAKE,94,
2026-03-21,01:14,LIGHT,88,
2026-03-21,01:15,LIGHT,88,
2026-03-21,01:16,LIGHT,92,
2026-03-21,01:17,LIGHT,92,
2026-03-21,01:18,LIGHT,92,
2026-03-21,01:19,LIGHT,102,
2026-03-21,01:20,LIGHT,96,
2026-03-21,01:21,LIGHT,89,
2026-03-21,01:22,LIGHT,96,
2026-03-21,01:23,LIGHT,97,
2026-03-21,01:24,DEEP,104,
2026-03-21,01:25,DEEP,101,
2026-03-21,01:26,DEEP,96,
2026-03-21,01:27,DEEP,96,
2026-03-21,01:28,DEEP,97,
2026-03-21,01:29,DEEP,101,
2026-03-21,01:30,DEEP,94,
2026-03-21,01:31,DEEP,99,
2026-03-21,01:32,DEEP,96,
2026-03-21,01:33,DEEP,102,
2026-03-21,01:34,DEEP,108,
2026-03-21,01:35,DEEP,108,
2026-03-21,01:36,DEEP,105,
2026-03-21,01:37,DEEP,104,
2026-03-21,01:38,DEEP,106,
2026-03-21,01:39,DEEP,108,
2026-03-21,01:40,DEEP,115,
2026-03-21,01:41,DEEP,106,
2026-03-21,01:42,DEEP,103,
2026-03-21,01:43,DEEP,103,
2026-03-21,01:44,DEEP,115,
2026-03-21,01:45,LIGHT,110,
2026-03-21,01:46,LIGHT,113,
2026-03-21,01:47,LIGHT,113,
2026-03-21,01:48,LIGHT,110,
2026-03-21,01:49,LIGHT,116,
2026-03-21,01:50,LIGHT,111,
2026-03-21,01:51,LIGHT,105,
2026-03-21,01:52,LIGHT,101,
2026-03-21,01:53,LIGHT,102,
2026-03-21,01:54,LIGHT,103,
2026-03-21,01:55,REM,105,
2026-03-21,01:56,REM,105,
2026-03-21,01:57,REM,105,
2026-03-21,01:58,REM,112,
2026-03-21,01:59,REM,112,
2026-03-21,02:00,REM,114,
2026-03-21,02:01,REM,115,
2026-03-21,02:02,REM,115,
2026-03-21,02:03,REM,111,
2026-03-21,02:04,REM,108,
2026-03-21,02:05,REM,108,
2026-03-21,02:06,LIGHT,110,
2026-03-21,02:07,LIGHT,106,
2026-03-21,02:08,LIGHT,106,
2026-03-21,02:09,LIGHT,107,
2026-03-21,02:10,LIGHT,109,
2026-03-21,02:11,LIGHT,112,
2026-03-21,02:12,LIGHT,105,
2026-03-21,02:13,LIGHT,92,
2026-03-21,02:14,LIGHT,89,
2026-03-21,02:15,LIGHT,98,
2026-03-21,02:16,LIGHT,95,
2026-03-21,02:17,LIGHT,97,
2026-03-21,02:18,LIGHT,95,
2026-03-21,02:19,LIGHT,93,
2026-03-21,02:20,LIGHT,94,
2026-03-21,02:21,LIGHT,93,
2026-03-21,02:22,LIGHT,93,
2026-03-21,02:23,LIGHT,99,
2026-03-21,02:24,LIGHT,97,
2026-03-21,02:25,LIGHT,91,
2026-03-21,02:26,LIGHT,94,
2026-03-21,02:27,LIGHT,94,
2026-03-21,02:28,LIGHT,90,
2026-03-21,02:29,LIGHT,89,
2026-03-21,02:30,LIGHT,88,
2026-03-21,02:31,LIGHT,89,
2026-03-21,02:32,LIGHT,96,
2026-03-21,02:33,DEEP,93,
2026-03-21,02:34,DEEP,95,
2026-03-21,02:35,LIGHT,89,
2026-03-21,02:36,LIGHT,84,
2026-03-21,02:37,LIGHT,86,
2026-03-21,02:38,LIGHT,86,
2026-03-21,02:39,LIGHT,86,
2026-03-21,02:40,LIGHT,80,
2026-03-21,02:41,LIGHT,80,
2026-03-21,02:42,LIGHT,82,
2026-03-21,02:43,LIGHT,81,
2026-03-21,02:44,LIGHT,81,
2026-03-21,02:45,LIGHT,86,
2026-03-21,02:46,LIGHT,87,
2026-03-21,02:47,LIGHT,85,
2026-03-21,02:48,LIGHT,79,
2026-03-21,02:49,LIGHT,77,
2026-03-21,02:50,LIGHT,78,
2026-03-21,02:51,LIGHT,75,
2026-03-21,02:52,LIGHT,73,
2026-03-21,02:53,LIGHT,76,
2026-03-21,02:54,LIGHT,73,
2026-03-21,02:55,LIGHT,70,
2026-03-21,02:56,LIGHT,70,
2026-03-21,02:57,LIGHT,70,
2026-03-21,02:58,LIGHT,76,
2026-03-21,02:59,LIGHT,86,
2026-03-21,03:00,LIGHT,91,
2026-03-21,03:01,LIGHT,90,
2026-03-21,03:02,LIGHT,85,
2026-03-21,03:03,LIGHT,81,
2026-03-21,03:04,LIGHT,83,
2026-03-21,03:05,LIGHT,78,
2026-03-21,03:06,LIGHT,78,
2026-03-21,03:07,LIGHT,75,
2026-03-21,03:08,LIGHT,72,
2026-03-21,03:09,LIGHT,72,
2026-03-21,03:10,LIGHT,74,
2026-03-21,03:11,LIGHT,73,
2026-03-21,03:12,LIGHT,75,
2026-03-21,03:13,LIGHT,80,
2026-03-21,03:14,LIGHT,78,
2026-03-21,03:15,LIGHT,83,
2026-03-21,03:16,LIGHT,83,
2026-03-21,03:17,LIGHT,80,
2026-03-21,03:18,LIGHT,82,
2026-03-21,03:19,LIGHT,78,
2026-03-21,03:20,LIGHT,75,
2026-03-21,03:21,LIGHT,79,
2026-03-21,03:22,LIGHT,78,
2026-03-21,03:23,REM,74,
2026-03-21,03:24,REM,71,
2026-03-21,03:25,REM,84,
2026-03-21,03:26,REM,80,
2026-03-21,03:27,REM,80,
2026-03-21,03:28,REM,80,
2026-03-21,03:29,REM,80,
2026-03-21,03:30,REM,80,
2026-03-21,03:31,REM,80,
2026-03-21,03:32,REM,77,
2026-03-21,03:33,REM,81,
2026-03-21,03:34,REM,81,
2026-03-21,03:35,REM,78,
2026-03-21,03:36,REM,76,
2026-03-21,03:37,REM,75,
2026-03-21,03:38,REM,75,
2026-03-21,03:39,REM,77,
2026-03-21,03:40,REM,78,
2026-03-21,03:41,REM,76,
2026-03-21,03:42,REM,75,
2026-03-21,03:43,REM,80,
2026-03-21,03:44,REM,80,
2026-03-21,03:45,REM,79,
2026-03-21,03:46,REM,78,
2026-03-21,03:47,REM,79,
2026-03-21,03:48,REM,79,
2026-03-21,03:49,REM,80,
2026-03-21,03:50,REM,80,
2026-03-21,03:51,REM,80,
2026-03-21,03:52,LIGHT,78,
2026-03-21,03:53,LIGHT,77,
2026-03-21,03:54,LIGHT,74,
2026-03-21,03:55,LIGHT,73,
2026-03-21,03:56,LIGHT,72,
2026-03-21,03:57,LIGHT,69,
2026-03-21,03:58,LIGHT,74,
2026-03-21,03:59,LIGHT,74,
2026-03-21,04:00,LIGHT,69,
2026-03-21,04:01,LIGHT,72,
2026-03-21,04:02,LIGHT,72,
2026-03-21,04:03,LIGHT,72,
2026-03-21,04:04,LIGHT,75,
2026-03-21,04:05,LIGHT,75,
2026-03-21,04:06,LIGHT,75,
2026-03-21,04:07,LIGHT,77,
2026-03-21,04:08,LIGHT,74,
2026-03-21,04:09,LIGHT,74,
2026-03-21,04:10,LIGHT,82,
2026-03-21,04:11,LIGHT,80,
2026-03-21,04:12,DEEP,82,
2026-03-21,04:13,DEEP,81,
2026-03-21,04:14,DEEP,81,
2026-03-21,04:15,DEEP,79,
2026-03-21,04:16,DEEP,81,
2026-03-21,04:17,DEEP,75,
2026-03-21,04:18,DEEP,74,
2026-03-21,04:19,DEEP,77,
2026-03-21,04:20,DEEP,78,
2026-03-21,04:21,DEEP,90,
2026-03-21,04:22,DEEP,91,
2026-03-21,04:23,DEEP,85,
2026-03-21,04:24,DEEP,79,
2026-03-21,04:25,DEEP,86,
2026-03-21,04:26,DEEP,80,
2026-03-21,04:27,DEEP,76,
2026-03-21,04:28,DEEP,77,
2026-03-21,04:29,DEEP,80,
2026-03-21,04:30,DEEP,83,
2026-03-21,04:31,LIGHT,96,
2026-03-21,04:32,LIGHT,85,
2026-03-21,04:33,LIGHT,90,
2026-03-21,04:34,LIGHT,95,
2026-03-21,04:35,LIGHT,101,
2026-03-21,04:36,LIGHT,95,
2026-03-21,04:37,LIGHT,95,
2026-03-21,04:38,LIGHT,91,
2026-03-21,04:39,WAKE,92,
2026-03-21,04:40,LIGHT,89,
2026-03-21,04:41,LIGHT,87,
2026-03-21,04:42,LIGHT,87,
2026-03-21,04:43,REM,82,
2026-03-21,04:44,REM,82,
2026-03-21,04:45,REM,79,
2026-03-21,04:46,REM,78,
2026-03-21,04:47,REM,76,
2026-03-21,04:48,REM,76,
2026-03-21,04:49,REM,82,
2026-03-21,04:50,REM,82,
2026-03-21,04:51,REM,78,
2026-03-21,04:52,REM,75,
2026-03-21,04:53,REM,75,
2026-03-21,04:54,REM,73,
2026-03-21,04:55,REM,74,
2026-03-21,04:56,REM,74,
2026-03-21,04:57,REM,73,
2026-03-21,04:58,REM,72,
2026-03-21,04:59,REM,70,
2026-03-21,05:00,LIGHT,70,
2026-03-21,05:01,LIGHT,72,
2026-03-21,05:02,LIGHT,72,
2026-03-21,05:03,LIGHT,70,
2026-03-21,05:04,LIGHT,72,
2026-03-21,05:05,LIGHT,72,
2026-03-21,05:06,LIGHT,72,
2026-03-21,05:07,LIGHT,72,
2026-03-21,05:08,LIGHT,74,
2026-03-21,05:09,LIGHT,71,
2026-03-21,05:10,LIGHT,71,
2026-03-21,05:11,LIGHT,72,
2026-03-21,05:12,LIGHT,77,
2026-03-21,05:13,LIGHT,74,
2026-03-21,05:14,DEEP,71,
2026-03-21,05:15,DEEP,69,
2026-03-21,05:16,DEEP,67,
2026-03-21,05:17,DEEP,67,
2026-03-21,05:18,DEEP,67,
2026-03-21,05:19,DEEP,68,
2026-03-21,05:20,DEEP,68,
2026-03-21,05:21,DEEP,68,
2026-03-21,05:22,DEEP,69,
2026-03-21,05:23,DEEP,69,
2026-03-21,05:24,DEEP,70,
2026-03-21,05:25,DEEP,70,
2026-03-21,05:26,DEEP,70,
2026-03-21,05:27,DEEP,70,
2026-03-21,05:28,DEEP,70,
2026-03-21,05:29,DEEP,69,
2026-03-21,05:30,DEEP,69,
2026-03-21,05:31,DEEP,69,
2026-03-21,05:32,DEEP,69,
2026-03-21,05:33,DEEP,69,
2026-03-21,05:34,DEEP,70,
2026-03-21,05:35,DEEP,70,
2026-03-21,05:36,DEEP,70,
2026-03-21,05:37,DEEP,70,
2026-03-21,05:38,DEEP,70,
2026-03-21,05:39,DEEP,70,
2026-03-21,05:40,DEEP,70,
2026-03-21,05:41,DEEP,72,
2026-03-21,05:42,DEEP,70,
2026-03-21,05:43,DEEP,68,
2026-03-21,05:44,DEEP,68,
2026-03-21,05:45,DEEP,68,
2026-03-21,05:46,DEEP,68,
2026-03-21,05:47,DEEP,69,
2026-03-21,05:48,DEEP,70,
2026-03-21,05:49,DEEP,70,
2026-03-21,05:50,DEEP,70,
2026-03-21,05:51,LIGHT,74,
2026-03-21,05:52,LIGHT,71,
2026-03-21,05:53,LIGHT,66,
2026-03-21,05:54,LIGHT,66,
2026-03-21,05:55,LIGHT,65,
2026-03-21,05:56,LIGHT,65,
2026-03-21,05:57,LIGHT,65,
2026-03-21,05:58,LIGHT,66,
2026-03-21,05:59,REM,66,
2026-03-21,06:00,REM,68,
2026-03-21,06:01,REM,70,
2026-03-21,06:02,REM,70,
2026-03-21,06:03,REM,70,
2026-03-21,06:04,REM,70,
2026-03-21,06:05,REM,70,
2026-03-21,06:06,REM,70,
2026-03-21,06:07,REM,71,
2026-03-21,06:08,REM,71,
2026-03-21,06:09,REM,69,
2026-03-21,06:10,REM,72,
2026-03-21,06:11,REM,77,
2026-03-21,06:12,REM,72,
2026-03-21,06:13,REM,69,
2026-03-21,06:14,REM,67,
2026-03-21,06:15,REM,67,
2026-03-21,06:16,REM,67,
2026-03-21,06:17,REM,66,
2026-03-21,06:18,REM,66,
2026-03-21,06:19,REM,66,
2026-03-21,06:20,REM,66,
2026-03-21,06:21,REM,67,
2026-03-21,06:22,REM,68,
2026-03-21,06:23,REM,69,
2026-03-21,06:24,REM,71,
2026-03-21,06:25,REM,70,
2026-03-21,06:26,REM,72,
2026-03-21,06:27,REM,66,
2026-03-21,06:28,REM,66,
2026-03-21,06:29,REM,67,
2026-03-21,06:30,REM,68,
2026-03-21,06:31,REM,68,
2026-03-21,06:32,REM,68,
2026-03-21,06:33,REM,69,
2026-03-21,06:34,REM,69,
2026-03-21,06:35,REM,70,
2026-03-21,06:36,REM,68,
2026-03-21,06:37,REM,68,
2026-03-21,06:38,REM,68,
2026-03-21,06:39,REM,68,
2026-03-21,06:40,REM,69,
2026-03-21,06:41,REM,69,
2026-03-21,06:42,REM,70,
2026-03-21,06:43,REM,69,
2026-03-21,06:44,REM,73,
2026-03-21,06:45,REM,70,
2026-03-21,06:46,REM,67,
2026-03-21,06:47,REM,66,
2026-03-21,06:48,REM,67,
2026-03-21,06:49,REM,67,
2026-03-21,06:50,LIGHT,68,
2026-03-21,06:51,LIGHT,68,
2026-03-21,06:52,LIGHT,76,
2026-03-21,06:53,LIGHT,66,
2026-03-21,06:54,LIGHT,66,
2026-03-21,06:55,LIGHT,68,
2026-03-21,06:56,LIGHT,68,
2026-03-21,06:57,LIGHT,68,
2026-03-21,06:58,LIGHT,70,
2026-03-21,06:59,LIGHT,78,
2026-03-21,07:00,LIGHT,69,
2026-03-21,07:01,LIGHT,65,
2026-03-21,07:02,LIGHT,65,
2026-03-21,07:03,LIGHT,65,
2026-03-21,07:04,LIGHT,65,
2026-03-21,07:05,LIGHT,73,
2026-03-21,07:06,LIGHT,78,
2026-03-21,07:07,LIGHT,78,
2026-03-21,07:08,LIGHT,76,
2026-03-21,07:09,LIGHT,76,
2026-03-21,07:10,LIGHT,77,
2026-03-21,07:11,LIGHT,79,
2026-03-21,07:12,LIGHT,77,
2026-03-21,07:13,LIGHT,73,
2026-03-21,07:14,LIGHT,71,
2026-03-21,07:15,LIGHT,73,
2026-03-21,07:16,LIGHT,73,
2026-03-21,07:17,LIGHT,70,
2026-03-21,07:18,LIGHT,70,
2026-03-21,07:19,LIGHT,71,
2026-03-21,07:20,LIGHT,75,
2026-03-21,07:21,LIGHT,76,
2026-03-21,07:22,LIGHT,71,
2026-03-21,07:23,LIGHT,70,
2026-03-21,07:24,LIGHT,72,
2026-03-21,07:25,DEEP,72,
2026-03-21,07:26,DEEP,73,
2026-03-21,07:27,DEEP,74,
2026-03-21,07:28,DEEP,78,
2026-03-21,07:29,DEEP,80,
2026-03-21,07:30,DEEP,74,
2026-03-21,07:31,DEEP,78,
2026-03-21,07:32,DEEP,75,
2026-03-21,07:33,DEEP,71,
2026-03-21,07:34,DEEP,71,
2026-03-21,07:35,DEEP,72,
2026-03-21,07:36,DEEP,68,
2026-03-21,07:37,DEEP,79,
2026-03-21,07:38,DEEP,77,
2026-03-21,07:39,LIGHT,74,
2026-03-21,07:40,LIGHT,68,
2026-03-21,07:41,LIGHT,66,
2026-03-21,07:42,LIGHT,67,
2026-03-21,07:43,LIGHT,63,
2026-03-21,07:44,LIGHT,63,
2026-03-21,07:45,LIGHT,59,
2026-03-21,07:46,LIGHT,66,
2026-03-21,07:47,LIGHT,67,
2026-03-21,07:48,REM,71,
2026-03-21,07:49,REM,71,
2026-03-21,07:50,REM,70,
2026-03-21,07:51,REM,72,
2026-03-21,07:52,REM,71,
2026-03-21,07:53,REM,78,
2026-03-21,07:54,REM,72,
2026-03-21,07:55,REM,68,
2026-03-21,07:56,REM,67,
2026-03-21,07:57,REM,67,
2026-03-21,07:58,REM,64,
2026-03-21,07:59,REM,64,
2026-03-21,08:00,REM,65,
2026-03-21,08:01,REM,65,
2026-03-21,08:02,REM,67,
2026-03-21,08:03,REM,67,
2026-03-21,08:04,LIGHT,67,
2026-03-21,08:05,LIGHT,67,
2026-03-21,08:06,LIGHT,66,
2026-03-21,08:07,LIGHT,66,
2026-03-21,08:08,LIGHT,67,
2026-03-21,08:09,LIGHT,67,
2026-03-21,08:10,LIGHT,67,
2026-03-21,08:11,LIGHT,67,
2026-03-21,08:12,LIGHT,66,
2026-03-21,08:13,REM,66,
2026-03-21,08:14,REM,66,
2026-03-21,08:15,REM,66,
2026-03-21,08:16,REM,67,
2026-03-21,08:17,REM,67,
2026-03-21,08:18,REM,67,
2026-03-21,08:19,REM,67,
2026-03-21,08:20,REM,67,
2026-03-21,08:21,REM,67,
2026-03-21,08:22,REM,67,
2026-03-21,08:23,REM,67,
2026-03-21,08:24,REM,67,
2026-03-21,08:25,REM,67,
2026-03-21,08:26,REM,68,
2026-03-21,08:27,REM,68,
2026-03-21,08:28,REM,68,
2026-03-21,08:29,REM,68,
2026-03-21,08:30,REM,67,
2026-03-21,08:31,REM,67,
2026-03-21,08:32,REM,77,
2026-03-21,08:33,REM,67,
2026-03-21,08:34,REM,65,
2026-03-21,08:35,REM,64,
2026-03-21,08:36,REM,65,
2026-03-21,08:37,REM,70,
2026-03-21,08:38,REM,64,
2026-03-21,08:39,REM,61,
2026-03-21,08:40,REM,61,
2026-03-21,08:41,REM,69,
2026-03-21,08:42,REM,66,
2026-03-21,08:43,LIGHT,66,
2026-03-21,08:44,LIGHT,71,
2026-03-21,08:45,LIGHT,69,
2026-03-21,08:46,LIGHT,71,
2026-03-21,08:47,LIGHT,71,
2026-03-21,08:48,LIGHT,71,
2026-03-21,08:49,LIGHT,73,
2026-03-21,08:50,LIGHT,73,
2026-03-21,08:51,LIGHT,73,
2026-03-21,08:52,LIGHT,70,
2026-03-21,08:53,LIGHT,70,
2026-03-21,08:54,LIGHT,67,
2026-03-21,08:55,LIGHT,67,
2026-03-21,08:56,LIGHT,69,
2026-03-21,08:57,LIGHT,71,
2026-03-21,08:58,LIGHT,71,
2026-03-21,08:59,LIGHT,71,
2026-03-21,09:00,LIGHT,73,
2026-03-21,09:01,LIGHT,78,
2026-03-21,09:02,LIGHT,71,
2026-03-21,09:03,LIGHT,77,
2026-03-21,09:04,LIGHT,67,
2026-03-21,09:05,LIGHT,65,
2026-03-21,09:06,LIGHT,67,
2026-03-21,09:07,LIGHT,67,
2026-03-21,09:08,LIGHT,75,
2026-03-21,09:09,LIGHT,67,
2026-03-21,09:10,LIGHT,67,
2026-03-21,09:11,LIGHT,64,
2026-03-21,09:12,LIGHT,69,
2026-03-21,09:13,LIGHT,66,
2026-03-21,09:14,LIGHT,65,
2026-03-21,09:15,LIGHT,65,
2026-03-21,09:16,LIGHT,62,
2026-03-21,09:17,LIGHT,65,
2026-03-21,09:18,LIGHT,71,
2026-03-21,09:19,LIGHT,63,
2026-03-21,09:20,LIGHT,64,
2026-03-21,09:21,LIGHT,64,
2026-03-21,09:22,LIGHT,69,
2026-03-21,09:23,LIGHT,71,
2026-03-21,09:24,LIGHT,65,
2026-03-21,09:25,LIGHT,69,
2026-03-21,09:26,LIGHT,81,
2026-03-21,09:27,LIGHT,78,
2026-03-21,09:28,LIGHT,78,
2026-03-21,09:29,LIGHT,87,
2026-03-21,09:30,LIGHT,80,
2026-03-21,09:31,LIGHT,78,
2026-03-21,09:32,LIGHT,85,
2026-03-21,09:33,LIGHT,78,
2026-03-21,09:34,REM,78,
2026-03-21,09:35,REM,82,
2026-03-21,09:36,REM,83,
2026-03-21,09:37,REM,78,
2026-03-21,09:38,REM,80,
2026-03-21,09:39,REM,72,
2026-03-21,09:40,REM,71,
2026-03-21,09:41,REM,69,
2026-03-21,09:42,REM,78,
2026-03-21,09:43,REM,77,
2026-03-21,09:44,REM,83,
2026-03-21,09:45,REM,77,
2026-03-21,09:46,REM,79,
2026-03-21,09:47,REM,76,
2026-03-21,09:48,REM,72,
2026-03-21,09:49,REM,76,
2026-03-21,09:50,REM,81,
2026-03-21,09:51,REM,82,
2026-03-21,09:52,REM,73,
2026-03-21,09:53,REM,75,
2026-03-21,09:54,REM,72,
2026-03-21,09:55,REM,74,
2026-03-21,09:56,LIGHT,69,
2026-03-21,09:57,LIGHT,72,
2026-03-21,09:58,LIGHT,76,
2026-03-21,09:59,LIGHT,75,
2026-03-21,10:00,LIGHT,91,
2026-03-22,04:53,LIGHT,65,
2026-03-22,04:54,LIGHT,65,
2026-03-22,04:55,LIGHT,65,
2026-03-22,04:56,LIGHT,65,
2026-03-22,04:57,LIGHT,64,
2026-03-22,04:58,LIGHT,65,
2026-03-22,04:59,LIGHT,65,
2026-03-22,05:00,LIGHT,65,
2026-03-22,05:01,LIGHT,65,
2026-03-22,05:02,LIGHT,64,
2026-03-22,05:03,DEEP,64,
2026-03-22,05:04,DEEP,64,
2026-03-22,05:05,DEEP,64,
2026-03-22,05:06,DEEP,64,
2026-03-22,05:07,DEEP,64,
2026-03-22,05:08,DEEP,64,
2026-03-22,05:09,DEEP,76,
2026-03-22,05:10,DEEP,64,
2026-03-22,05:11,DEEP,67,
2026-03-22,05:12,DEEP,71,
2026-03-22,05:13,DEEP,63,
2026-03-22,05:14,DEEP,61,
2026-03-22,05:15,DEEP,61,
2026-03-22,05:16,DEEP,61,
2026-03-22,05:17,DEEP,63,
2026-03-22,05:18,DEEP,61,
2026-03-22,05:19,DEEP,62,
2026-03-22,05:20,DEEP,62,
2026-03-22,05:21,DEEP,62,
2026-03-22,05:22,DEEP,62,
2026-03-22,05:23,DEEP,62,
2026-03-22,05:24,DEEP,62,
2026-03-22,05:25,DEEP,62,
2026-03-22,05:26,DEEP,62,
2026-03-22,05:27,DEEP,63,
2026-03-22,05:28,DEEP,63,
2026-03-22,05:29,DEEP,62,
2026-03-22,05:30,DEEP,62,
2026-03-22,05:31,DEEP,62,
2026-03-22,05:32,DEEP,61,
2026-03-22,05:33,DEEP,61,
2026-03-22,05:34,DEEP,61,
2026-03-22,05:35,DEEP,61,
2026-03-22,05:36,DEEP,61,
2026-03-22,05:37,DEEP,61,
2026-03-22,05:38,DEEP,61,
2026-03-22,05:39,DEEP,61,
2026-03-22,05:40,DEEP,62,
2026-03-22,05:41,DEEP,62,
2026-03-22,05:42,DEEP,62,
2026-03-22,05:43,DEEP,62,
2026-03-22,05:44,DEEP,62,
2026-03-22,05:45,DEEP,61,
2026-03-22,05:46,DEEP,61,
2026-03-22,05:47,DEEP,69,
2026-03-22,05:48,DEEP,60,
2026-03-22,05:49,DEEP,59,
2026-03-22,05:50,DEEP,59,
2026-03-22,05:51,DEEP,59,
2026-03-22,05:52,DEEP,59,
2026-03-22,05:53,LIGHT,59,
2026-03-22,05:54,LIGHT,59,
2026-03-22,05:55,LIGHT,61,
2026-03-22,05:56,LIGHT,66,
2026-03-22,05:57,LIGHT,63,
2026-03-22,05:58,LIGHT,67,
2026-03-22,05:59,LIGHT,73,
2026-03-22,06:00,LIGHT,65,
2026-03-22,06:01,REM,59,
2026-03-22,06:02,REM,58,
2026-03-22,06:03,REM,61,
2026-03-22,06:04,REM,60,
2026-03-22,06:05,REM,59,
2026-03-22,06:06,REM,59,
2026-03-22,06:07,REM,59,
2026-03-22,06:08,REM,67,
2026-03-22,06:09,REM,63,
2026-03-22,06:10,REM,60,
2026-03-22,06:11,REM,62,
2026-03-22,06:12,LIGHT,62,
2026-03-22,06:13,LIGHT,63,
2026-03-22,06:14,LIGHT,70,
2026-03-22,06:15,LIGHT,57,
2026-03-22,06:16,LIGHT,60,
2026-03-22,06:17,LIGHT,65,
2026-03-22,06:18,LIGHT,65,
2026-03-22,06:19,LIGHT,62,
2026-03-22,06:20,LIGHT,59,
2026-03-22,06:21,LIGHT,61,
2026-03-22,06:22,LIGHT,67,
2026-03-22,06:23,LIGHT,61,
2026-03-22,06:24,LIGHT,58,
2026-03-22,06:25,LIGHT,57,
2026-03-22,06:26,LIGHT,56,
2026-03-22,06:27,LIGHT,56,
2026-03-22,06:28,LIGHT,60,
2026-03-22,06:29,LIGHT,63,
2026-03-22,06:30,LIGHT,60,
2026-03-22,06:31,LIGHT,59,
2026-03-22,06:32,LIGHT,66,
2026-03-22,06:33,LIGHT,69,
2026-03-22,06:34,LIGHT,71,
2026-03-22,06:35,LIGHT,64,
2026-03-22,06:36,LIGHT,64,
2026-03-22,06:37,LIGHT,65,
2026-03-22,06:38,LIGHT,62,
2026-03-22,06:39,LIGHT,62,
2026-03-22,06:40,DEEP,61,
2026-03-22,06:41,DEEP,70,
2026-03-22,06:42,DEEP,64,
2026-03-22,06:43,DEEP,64,
2026-03-22,06:44,DEEP,60,
2026-03-22,06:45,LIGHT,65,
2026-03-22,06:46,LIGHT,59,
2026-03-22,06:47,LIGHT,59,
2026-03-22,06:48,LIGHT,59,
2026-03-22,06:49,LIGHT,59,
2026-03-22,06:50,LIGHT,59,
2026-03-22,06:51,LIGHT,59,
2026-03-22,06:52,LIGHT,59,
2026-03-22,06:53,LIGHT,59,
2026-03-22,06:54,LIGHT,59,
2026-03-22,06:55,LIGHT,59,
2026-03-22,06:56,LIGHT,59,
2026-03-22,06:57,LIGHT,59,
2026-03-22,06:58,LIGHT,59,
2026-03-22,06:59,LIGHT,59,
2026-03-22,07:00,LIGHT,59,
2026-03-22,07:01,LIGHT,59,
2026-03-22,07:02,LIGHT,59,
2026-03-22,07:03,LIGHT,59,
2026-03-22,07:04,LIGHT,60,
2026-03-22,07:05,LIGHT,60,
2026-03-22,07:06,LIGHT,60,
2026-03-22,07:07,LIGHT,60,
2026-03-22,07:08,LIGHT,60,
2026-03-22,07:09,LIGHT,60,
2026-03-22,07:10,LIGHT,60,
2026-03-22,07:11,LIGHT,60,
2026-03-22,07:12,WAKE,60,
2026-03-22,07:13,LIGHT,60,
2026-03-22,07:14,LIGHT,60,
2026-03-22,07:15,LIGHT,60,
2026-03-22,07:16,LIGHT,60,
2026-03-22,07:17,LIGHT,60,
2026-03-22,07:18,LIGHT,60,
2026-03-22,07:19,LIGHT,60,
2026-03-22,07:20,LIGHT,60,
2026-03-22,07:21,LIGHT,60,
2026-03-22,07:22,LIGHT,60,
2026-03-22,07:23,LIGHT,60,
2026-03-22,07:24,LIGHT,60,
2026-03-22,07:25,LIGHT,60,
2026-03-22,07:26,LIGHT,60,
2026-03-22,07:27,LIGHT,60,
2026-03-22,07:28,LIGHT,60,
2026-03-22,07:29,LIGHT,60,
2026-03-22,07:30,WAKE,60,
2026-03-22,07:31,LIGHT,60,
2026-03-22,07:32,LIGHT,60,
2026-03-22,07:33,LIGHT,60,
2026-03-22,07:34,REM,59,
2026-03-22,07:35,REM,62,
2026-03-22,07:36,REM,69,
2026-03-22,07:37,REM,60,
2026-03-22,07:38,REM,58,
2026-03-22,07:39,REM,58,
2026-03-22,07:40,REM,58,
2026-03-22,07:41,REM,58,
2026-03-22,07:42,REM,63,
2026-03-22,07:43,REM,65,
2026-03-22,07:44,REM,62,
2026-03-22,07:45,REM,61,
2026-03-22,07:46,REM,61,
2026-03-22,07:47,REM,61,
2026-03-22,07:48,REM,63,
2026-03-22,07:49,REM,65,
2026-03-22,07:50,REM,67,
2026-03-22,07:51,REM,64,
2026-03-22,07:52,REM,68,
2026-03-22,07:53,LIGHT,61,
2026-03-22,07:54,LIGHT,63,
2026-03-22,07:55,LIGHT,65,
2026-03-22,07:56,LIGHT,65,
2026-03-22,07:57,LIGHT,64,
2026-03-22,07:58,LIGHT,63,
2026-03-22,07:59,LIGHT,68,
2026-03-22,08:00,LIGHT,68,
2026-03-22,08:01,LIGHT,62,
2026-03-22,08:02,LIGHT,62,
2026-03-22,08:03,LIGHT,61,
2026-03-22,08:04,LIGHT,60,
2026-03-22,08:05,LIGHT,60,
2026-03-22,08:06,LIGHT,59,
2026-03-22,08:07,LIGHT,66,
2026-03-22,08:08,LIGHT,64,
2026-03-22,08:09,LIGHT,61,
2026-03-22,08:10,LIGHT,68,
2026-03-22,08:11,LIGHT,65,
2026-03-22,08:12,LIGHT,70,
2026-03-22,08:13,DEEP,71,
2026-03-22,08:14,DEEP,71,
2026-03-22,08:15,DEEP,75,
2026-03-22,08:16,DEEP,84,
2026-03-22,08:17,DEEP,85,
2026-03-22,08:18,DEEP,80,
2026-03-22,08:19,DEEP,79,
2026-03-22,08:20,DEEP,81,
2026-03-22,08:21,DEEP,79,
2026-03-22,08:22,DEEP,77,
2026-03-22,08:23,DEEP,82,
2026-03-22,08:24,DEEP,88,
2026-03-22,08:25,DEEP,90,
2026-03-22,08:26,DEEP,88,
2026-03-22,08:27,DEEP,79,
2026-03-22,08:28,DEEP,78,
2026-03-22,08:29,DEEP,79,
2026-03-22,08:30,DEEP,76,
2026-03-22,08:31,DEEP,77,
2026-03-22,08:32,DEEP,82,
2026-03-22,08:33,LIGHT,72,
2026-03-22,08:34,LIGHT,74,
2026-03-22,08:35,LIGHT,71,
2026-03-22,08:36,LIGHT,71,
2026-03-22,08:37,LIGHT,75,
2026-03-22,08:38,LIGHT,77,
2026-03-22,08:39,LIGHT,75,
2026-03-22,08:40,LIGHT,81,
2026-03-22,08:41,LIGHT,80,
2026-03-22,08:42,LIGHT,85,
2026-03-22,08:43,LIGHT,83,
2026-03-22,08:44,LIGHT,,
2026-03-22,08:45,REM,,
2026-03-22,08:46,REM,,
2026-03-22,08:47,REM,,
2026-03-22,08:48,REM,,
2026-03-22,08:49,REM,,
2026-03-22,08:50,REM,,
2026-03-22,08:51,REM,,
2026-03-22,08:52,REM,,
2026-03-22,08:53,REM,,
2026-03-22,08:54,REM,,
2026-03-22,08:55,REM,90,
2026-03-22,08:56,REM,94,
2026-03-22,08:57,REM,84,
2026-03-22,08:58,REM,82,
2026-03-22,08:59,REM,76,
2026-03-22,09:00,REM,75,
2026-03-22,09:01,LIGHT,71,
2026-03-22,09:02,LIGHT,71,
2026-03-22,09:03,LIGHT,70,
2026-03-22,09:04,WAKE,75,
2026-03-22,09:05,LIGHT,72,
2026-03-22,09:06,LIGHT,70,
2026-03-22,09:07,LIGHT,72,
2026-03-22,09:08,REM,75,
2026-03-22,09:09,REM,75,
2026-03-22,09:10,REM,79,
2026-03-22,09:11,REM,91,
2026-03-22,09:12,REM,101,
2026-03-22,09:13,REM,105,
2026-03-22,09:14,REM,97,
2026-03-22,09:15,REM,89,
2026-03-22,09:16,REM,89,
2026-03-22,09:17,REM,91,
2026-03-22,09:18,REM,93,
2026-03-22,09:19,REM,100,
2026-03-22,09:20,REM,95,
2026-03-22,09:21,REM,88,
2026-03-22,09:22,LIGHT,91,
2026-03-22,09:23,LIGHT,96,
2026-03-22,09:24,LIGHT,93,
2026-03-22,09:25,LIGHT,94,
2026-03-22,09:26,LIGHT,94,
2026-03-23,00:59,LIGHT,71,
2026-03-23,01:00,LIGHT,69,
2026-03-23,01:01,LIGHT,69,
2026-03-23,01:02,LIGHT,75,
2026-03-23,01:03,LIGHT,82,
2026-03-23,01:04,LIGHT,80,
2026-03-23,01:05,LIGHT,77,
2026-03-23,01:06,LIGHT,74,
2026-03-23,01:07,LIGHT,71,
2026-03-23,01:08,LIGHT,68,
2026-03-23,01:09,LIGHT,70,
2026-03-23,01:10,LIGHT,71,
2026-03-23,01:11,LIGHT,73,
2026-03-23,01:12,DEEP,70,
2026-03-23,01:13,DEEP,77,
2026-03-23,01:14,DEEP,78,
2026-03-23,01:15,DEEP,74,
2026-03-23,01:16,DEEP,69,
2026-03-23,01:17,DEEP,67,
2026-03-23,01:18,DEEP,65,
2026-03-23,01:19,DEEP,64,
2026-03-23,01:20,DEEP,64,
2026-03-23,01:21,DEEP,73,
2026-03-23,01:22,DEEP,75,
2026-03-23,01:23,DEEP,73,
2026-03-23,01:24,DEEP,69,
2026-03-23,01:25,DEEP,71,
2026-03-23,01:26,DEEP,68,
2026-03-23,01:27,DEEP,66,
2026-03-23,01:28,DEEP,66,
2026-03-23,01:29,DEEP,64,
2026-03-23,01:30,LIGHT,65,
2026-03-23,01:31,LIGHT,70,
2026-03-23,01:32,LIGHT,70,
2026-03-23,01:33,LIGHT,69,
2026-03-23,01:34,LIGHT,67,
2026-03-23,01:35,LIGHT,65,
2026-03-23,01:36,LIGHT,63,
2026-03-23,01:37,LIGHT,72,
2026-03-23,01:38,LIGHT,71,
2026-03-23,01:39,LIGHT,69,
2026-03-23,01:40,LIGHT,66,
2026-03-23,01:41,LIGHT,66,
2026-03-23,01:42,LIGHT,63,
2026-03-23,01:43,LIGHT,61,
2026-03-23,01:44,LIGHT,61,
2026-03-23,01:45,LIGHT,61,
2026-03-23,01:46,LIGHT,63,
2026-03-23,01:47,DEEP,62,
2026-03-23,01:48,DEEP,64,
2026-03-23,01:49,DEEP,67,
2026-03-23,01:50,DEEP,67,
2026-03-23,01:51,DEEP,63,
2026-03-23,01:52,DEEP,61,
2026-03-23,01:53,DEEP,63,
2026-03-23,01:54,DEEP,61,
2026-03-23,01:55,DEEP,61,
2026-03-23,01:56,DEEP,60,
2026-03-23,01:57,DEEP,60,
2026-03-23,01:58,DEEP,61,
2026-03-23,01:59,DEEP,61,
2026-03-23,02:00,DEEP,61,
2026-03-23,02:01,DEEP,61,
2026-03-23,02:02,LIGHT,61,
2026-03-23,02:03,LIGHT,60,
2026-03-23,02:04,LIGHT,60,
2026-03-23,02:05,LIGHT,60,
2026-03-23,02:06,LIGHT,60,
2026-03-23,02:07,LIGHT,61,
2026-03-23,02:08,LIGHT,61,
2026-03-23,02:09,LIGHT,61,
2026-03-23,02:10,LIGHT,61,
2026-03-23,02:11,REM,60,
2026-03-23,02:12,REM,61,
2026-03-23,02:13,REM,61,
2026-03-23,02:14,REM,61,
2026-03-23,02:15,REM,61,
2026-03-23,02:16,REM,61,
2026-03-23,02:17,REM,61,
2026-03-23,02:18,REM,61,
2026-03-23,02:19,REM,62,
2026-03-23,02:20,REM,62,
2026-03-23,02:21,REM,70,
2026-03-23,02:22,REM,61,
2026-03-23,02:23,REM,58,
2026-03-23,02:24,LIGHT,58,
2026-03-23,02:25,LIGHT,59,
2026-03-23,02:26,LIGHT,60,
2026-03-23,02:27,LIGHT,60,
2026-03-23,02:28,LIGHT,61,
2026-03-23,02:29,LIGHT,61,
2026-03-23,02:30,LIGHT,62,
2026-03-23,02:31,LIGHT,62,
2026-03-23,02:32,LIGHT,62,
2026-03-23,02:33,LIGHT,62,
2026-03-23,02:34,LIGHT,62,
2026-03-23,02:35,LIGHT,62,
2026-03-23,02:36,LIGHT,62,
2026-03-23,02:37,LIGHT,62,
2026-03-23,02:38,LIGHT,67,
2026-03-23,02:39,LIGHT,69,
2026-03-23,02:40,LIGHT,63,
2026-03-23,02:41,LIGHT,63,
2026-03-23,02:42,LIGHT,64,
2026-03-23,02:43,LIGHT,65,
2026-03-23,02:44,LIGHT,66,
2026-03-23,02:45,LIGHT,72,
2026-03-23,02:46,LIGHT,70,
2026-03-23,02:47,LIGHT,68,
2026-03-23,02:48,LIGHT,64,
2026-03-23,02:49,LIGHT,65,
2026-03-23,02:50,LIGHT,63,
2026-03-23,02:51,LIGHT,65,
2026-03-23,02:52,LIGHT,65,
2026-03-23,02:53,DEEP,70,
2026-03-23,02:54,DEEP,72,
2026-03-23,02:55,DEEP,64,
2026-03-23,02:56,DEEP,66,
2026-03-23,02:57,DEEP,66,
2026-03-23,02:58,DEEP,66,
2026-03-23,02:59,DEEP,66,
2026-03-23,03:00,DEEP,65,
2026-03-23,03:01,DEEP,64,
2026-03-23,03:02,DEEP,65,
2026-03-23,03:03,DEEP,72,
2026-03-23,03:04,DEEP,64,
2026-03-23,03:05,DEEP,61,
2026-03-23,03:06,DEEP,65,
2026-03-23,03:07,DEEP,67,
2026-03-23,03:08,DEEP,62,
2026-03-23,03:09,LIGHT,62,
2026-03-23,03:10,LIGHT,64,
2026-03-23,03:11,LIGHT,64,
2026-03-23,03:12,LIGHT,65,
2026-03-23,03:13,LIGHT,63,
2026-03-23,03:14,LIGHT,63,
2026-03-23,03:15,LIGHT,64,
2026-03-23,03:16,LIGHT,64,
2026-03-23,03:17,LIGHT,64,
2026-03-23,03:18,LIGHT,65,
2026-03-23,03:19,LIGHT,65,
2026-03-23,03:20,LIGHT,64,
2026-03-23,03:21,LIGHT,64,
2026-03-23,03:22,LIGHT,64,
2026-03-23,03:23,LIGHT,64,
2026-03-23,03:24,LIGHT,64,
2026-03-23,03:25,LIGHT,64,
2026-03-23,03:26,LIGHT,64,
2026-03-23,03:27,LIGHT,64,
2026-03-23,03:28,LIGHT,64,
2026-03-23,03:29,LIGHT,64,
2026-03-23,03:30,LIGHT,62,
2026-03-23,03:31,LIGHT,62,
2026-03-23,03:32,LIGHT,63,
2026-03-23,03:33,LIGHT,64,
2026-03-23,03:34,LIGHT,64,
2026-03-23,03:35,LIGHT,64,
2026-03-23,03:36,LIGHT,64,
2026-03-23,03:37,LIGHT,70,
2026-03-23,03:38,LIGHT,66,
2026-03-23,03:39,LIGHT,57,
2026-03-23,03:40,LIGHT,56,
2026-03-23,03:41,LIGHT,56,
2026-03-23,03:42,LIGHT,56,
2026-03-23,03:43,LIGHT,58,
2026-03-23,03:44,LIGHT,57,
2026-03-23,03:45,REM,57,
2026-03-23,03:46,REM,56,
2026-03-23,03:47,REM,58,
2026-03-23,03:48,REM,58,
2026-03-23,03:49,REM,59,
2026-03-23,03:50,REM,59,
2026-03-23,03:51,REM,59,
2026-03-23,03:52,REM,59,
2026-03-23,03:53,REM,59,
2026-03-23,03:54,REM,59,
2026-03-23,03:55,REM,58,
2026-03-23,03:56,REM,58,
2026-03-23,03:57,REM,58,
2026-03-23,03:58,REM,58,
2026-03-23,03:59,REM,58,
2026-03-23,04:00,REM,60,
2026-03-23,04:01,REM,70,
2026-03-23,04:02,REM,63,
2026-03-23,04:03,REM,58,
2026-03-23,04:04,REM,57,
2026-03-23,04:05,REM,57,
2026-03-23,04:06,REM,59,
2026-03-23,04:07,REM,61,
2026-03-23,04:08,REM,66,
2026-03-23,04:09,REM,66,
2026-03-23,04:10,REM,68,
2026-03-23,04:11,REM,69,
2026-03-23,04:12,REM,71,
2026-03-23,04:13,REM,75,
2026-03-23,04:14,REM,74,
2026-03-23,04:15,REM,71,
2026-03-23,04:16,REM,69,
2026-03-23,04:17,REM,66,
2026-03-23,04:18,REM,70,
2026-03-23,04:19,REM,66,
2026-03-23,04:20,REM,57,
2026-03-23,04:21,REM,61,
2026-03-23,04:22,REM,58,
2026-03-23,04:23,REM,58,
2026-03-23,04:24,REM,66,
2026-03-23,04:25,REM,68,
2026-03-23,04:26,REM,61,
2026-03-23,04:27,REM,57,
2026-03-23,04:28,LIGHT,56,
2026-03-23,04:29,LIGHT,56,
2026-03-23,04:30,LIGHT,63,
2026-03-23,04:31,LIGHT,60,
2026-03-23,04:32,LIGHT,57,
2026-03-23,04:33,LIGHT,56,
2026-03-23,04:34,LIGHT,56,
2026-03-23,04:35,LIGHT,56,
2026-03-23,04:36,LIGHT,56,
2026-03-23,04:37,LIGHT,61,
2026-03-23,04:38,LIGHT,60,
2026-03-23,04:39,LIGHT,62,
2026-03-23,04:40,LIGHT,58,
2026-03-23,04:41,LIGHT,58,
2026-03-23,04:42,LIGHT,58,
2026-03-23,04:43,LIGHT,58,
2026-03-23,04:44,LIGHT,58,
2026-03-23,04:45,LIGHT,59,
2026-03-23,04:46,LIGHT,59,
2026-03-23,04:47,LIGHT,59,
2026-03-23,04:48,LIGHT,59,
2026-03-23,04:49,LIGHT,59,
2026-03-23,04:50,LIGHT,58,
2026-03-23,04:51,DEEP,57,
2026-03-23,04:52,DEEP,57,
2026-03-23,04:53,DEEP,57,
2026-03-23,04:54,DEEP,63,
2026-03-23,04:55,DEEP,64,
2026-03-23,04:56,DEEP,58,
2026-03-23,04:57,DEEP,57,
2026-03-23,04:58,DEEP,57,
2026-03-23,04:59,DEEP,57,
2026-03-23,05:00,DEEP,64,
2026-03-23,05:01,DEEP,62,
2026-03-23,05:02,DEEP,57,
2026-03-23,05:03,DEEP,57,
2026-03-23,05:04,DEEP,57,
2026-03-23,05:05,DEEP,57,
2026-03-23,05:06,DEEP,57,
2026-03-23,05:07,DEEP,58,
2026-03-23,05:08,DEEP,58,
2026-03-23,05:09,DEEP,58,
2026-03-23,05:10,LIGHT,56,
2026-03-23,05:11,LIGHT,56,
2026-03-23,05:12,LIGHT,57,
2026-03-23,05:13,LIGHT,58,
2026-03-23,05:14,LIGHT,58,
2026-03-23,05:15,LIGHT,58,
2026-03-23,05:16,LIGHT,58,
2026-03-23,05:17,LIGHT,58,
2026-03-23,05:18,LIGHT,58,
2026-03-23,05:19,LIGHT,58,
2026-03-23,05:20,LIGHT,58,
2026-03-23,05:21,LIGHT,58,
2026-03-23,05:22,LIGHT,58,
2026-03-23,05:23,LIGHT,70,
2026-03-23,05:24,LIGHT,67,
2026-03-23,05:25,LIGHT,59,
2026-03-23,05:26,LIGHT,58,
2026-03-23,05:27,LIGHT,58,
2026-03-23,05:28,LIGHT,60,
2026-03-23,05:29,LIGHT,61,
2026-03-23,05:30,DEEP,61,
2026-03-23,05:31,DEEP,60,
2026-03-23,05:32,DEEP,58,
2026-03-23,05:33,DEEP,58,
2026-03-23,05:34,DEEP,59,
2026-03-23,05:35,DEEP,59,
2026-03-23,05:36,DEEP,59,
2026-03-23,05:37,DEEP,60,
2026-03-23,05:38,DEEP,59,
2026-03-23,05:39,DEEP,60,
2026-03-23,05:40,DEEP,61,
2026-03-23,05:41,DEEP,61,
2026-03-23,05:42,DEEP,61,
2026-03-23,05:43,DEEP,61,
2026-03-23,05:44,DEEP,61,
2026-03-23,05:45,DEEP,61,
2026-03-23,05:46,DEEP,61,
2026-03-23,05:47,DEEP,61,
2026-03-23,05:48,LIGHT,61,
2026-03-23,05:49,LIGHT,61,
2026-03-23,05:50,LIGHT,61,
2026-03-23,05:51,LIGHT,59,
2026-03-23,05:52,LIGHT,62,
2026-03-23,05:53,LIGHT,59,
2026-03-23,05:54,LIGHT,64,
2026-03-23,05:55,REM,65,
2026-03-23,05:56,REM,65,
2026-03-23,05:57,REM,73,
2026-03-23,05:58,REM,62,
2026-03-23,05:59,REM,63,
2026-03-23,06:00,REM,64,
2026-03-23,06:01,REM,66,
2026-03-23,06:02,REM,64,
2026-03-23,06:03,REM,66,
2026-03-23,06:04,REM,66,
2026-03-23,06:05,REM,62,
2026-03-23,06:06,REM,66,
2026-03-23,06:07,REM,58,
2026-03-23,06:08,REM,57,
2026-03-23,06:09,REM,53,
2026-03-23,06:10,REM,64,
2026-03-23,06:11,REM,66,
2026-03-23,06:12,REM,66,
2026-03-23,06:13,REM,71,
2026-03-23,06:14,REM,62,
2026-03-23,06:15,REM,64,
2026-03-23,06:16,REM,62,
2026-03-23,06:17,REM,65,
2026-03-23,06:18,REM,60,
2026-03-23,06:19,REM,60,
2026-03-23,06:20,REM,57,
2026-03-23,06:21,REM,59,
2026-03-23,06:22,REM,56,
2026-03-23,06:23,REM,56,
2026-03-23,06:24,REM,57,
2026-03-23,06:25,REM,67,
2026-03-23,06:26,REM,62,
2026-03-23,06:27,REM,59,
2026-03-23,06:28,REM,58,
2026-03-23,06:29,REM,61,
2026-03-23,06:30,REM,68,
2026-03-23,06:31,REM,65,
2026-03-23,06:32,REM,61,
2026-03-23,06:33,REM,62,
2026-03-23,06:34,REM,58,
2026-03-23,06:35,REM,60,
2026-03-23,06:36,REM,60,
2026-03-23,06:37,REM,60,
2026-03-23,06:38,REM,60,
2026-03-23,06:39,REM,57,
2026-03-23,06:40,REM,59,
2026-03-23,06:41,REM,59,
2026-03-23,06:42,LIGHT,61,
2026-03-23,06:43,LIGHT,61,
2026-03-23,06:44,LIGHT,69,
2026-03-23,06:45,LIGHT,61,
2026-03-23,06:46,LIGHT,59,
2026-03-23,06:47,LIGHT,59,
2026-03-23,06:48,LIGHT,60,
2026-03-23,06:49,LIGHT,60,
2026-03-23,06:50,LIGHT,60,
2026-03-23,06:51,LIGHT,60,
2026-03-23,06:52,LIGHT,60,
2026-03-23,06:53,LIGHT,60,
2026-03-23,06:54,LIGHT,60,
2026-03-23,06:55,LIGHT,60,
2026-03-23,06:56,LIGHT,60,
2026-03-23,06:57,LIGHT,60,
2026-03-23,06:58,LIGHT,60,
2026-03-23,06:59,LIGHT,60,
2026-03-23,07:00,LIGHT,60,
2026-03-23,07:01,LIGHT,60,
2026-03-23,07:02,LIGHT,61,
2026-03-23,07:03,LIGHT,61,
2026-03-23,07:04,LIGHT,61,
2026-03-23,07:05,LIGHT,61,
2026-03-23,07:06,LIGHT,61,
2026-03-23,07:07,LIGHT,61,
2026-03-23,07:08,LIGHT,61,
2026-03-23,07:09,LIGHT,61,
2026-03-23,07:10,DEEP,61,
2026-03-23,07:11,DEEP,61,
2026-03-23,07:12,DEEP,62,
2026-03-23,07:13,DEEP,62,
2026-03-23,07:14,DEEP,61,
2026-03-23,07:15,DEEP,61,
2026-03-23,07:16,DEEP,61,
2026-03-23,07:17,DEEP,61,
2026-03-23,07:18,DEEP,61,
2026-03-23,07:19,DEEP,61,
2026-03-23,07:20,DEEP,61,
2026-03-23,07:21,DEEP,61,
2026-03-23,07:22,DEEP,61,
2026-03-23,07:23,DEEP,61,
2026-03-23,07:24,DEEP,61,
2026-03-23,07:25,DEEP,61,
2026-03-23,07:26,DEEP,62,
2026-03-23,07:27,DEEP,61,
2026-03-23,07:28,DEEP,61,
2026-03-23,07:29,DEEP,62,
2026-03-23,07:30,DEEP,62,
2026-03-23,07:31,DEEP,62,
2026-03-23,07:32,DEEP,62,
2026-03-23,07:33,DEEP,62,
2026-03-23,07:34,DEEP,62,
2026-03-23,07:35,DEEP,62,
2026-03-23,07:36,DEEP,62,
2026-03-23,07:37,LIGHT,77,
2026-03-23,07:38,LIGHT,68,
2026-03-23,07:39,LIGHT,68,
2026-03-23,07:40,LIGHT,60,
2026-03-23,07:41,LIGHT,60,
2026-03-23,07:42,LIGHT,57,
2026-03-23,07:43,LIGHT,61,
2026-03-23,07:44,LIGHT,63,
2026-03-23,07:45,LIGHT,60,
2026-03-23,07:46,LIGHT,60,
2026-03-23,07:47,LIGHT,65,
2026-03-23,07:48,REM,74,
2026-03-23,07:49,REM,63,
2026-03-23,07:50,REM,65,
2026-03-23,07:51,REM,73,
2026-03-23,07:52,REM,62,
2026-03-23,07:53,REM,59,
2026-03-23,07:54,REM,64,
2026-03-23,07:55,REM,68,
2026-03-23,07:56,REM,62,
2026-03-23,07:57,REM,60,
2026-03-23,07:58,REM,60,
2026-03-23,07:59,REM,65,
2026-03-23,08:00,REM,59,
2026-03-23,08:01,REM,56,
2026-03-23,08:02,REM,58,
2026-03-23,08:03,REM,57,
2026-03-23,08:04,REM,59,
2026-03-23,08:05,REM,66,
2026-03-23,08:06,REM,60,
2026-03-23,08:07,REM,59,
2026-03-23,08:08,REM,63,
2026-03-23,08:09,REM,60,
2026-03-23,08:10,LIGHT,58,
2026-03-23,08:11,LIGHT,58,
2026-03-23,08:12,LIGHT,58,
2026-03-23,08:13,LIGHT,67,
2026-03-23,08:14,LIGHT,60,
2026-03-23,14:59,LIGHT,81,
2026-03-23,15:00,LIGHT,87,
2026-03-23,15:01,LIGHT,85,
2026-03-23,15:02,LIGHT,87,
2026-03-23,15:03,LIGHT,88,
2026-03-23,15:04,LIGHT,88,
2026-03-23,15:05,LIGHT,82,
2026-03-23,15:06,LIGHT,79,
2026-03-23,15:07,LIGHT,78,
2026-03-23,15:08,LIGHT,78,
2026-03-23,15:09,LIGHT,79,
2026-03-23,15:10,LIGHT,77,
2026-03-23,15:11,LIGHT,77,
2026-03-23,15:12,LIGHT,72,
2026-03-23,15:13,LIGHT,70,
2026-03-23,15:14,LIGHT,71,
2026-03-23,15:15,LIGHT,74,
2026-03-23,15:16,LIGHT,73,
2026-03-23,15:17,LIGHT,72,
2026-03-23,15:18,LIGHT,72,
2026-03-23,15:19,LIGHT,72,
2026-03-23,15:20,LIGHT,74,
2026-03-23,15:21,LIGHT,81,
2026-03-23,15:22,LIGHT,79,
2026-03-23,15:23,LIGHT,80,
2026-03-23,15:24,LIGHT,81,
2026-03-23,15:25,LIGHT,81,
2026-03-23,15:26,LIGHT,83,
2026-03-23,15:27,LIGHT,86,
2026-03-23,15:28,LIGHT,84,
2026-03-23,15:29,LIGHT,84,
2026-03-23,15:30,LIGHT,83,
2026-03-23,15:31,LIGHT,83,
2026-03-23,15:32,LIGHT,80,
2026-03-23,15:33,LIGHT,79,
2026-03-23,15:34,LIGHT,84,
2026-03-23,15:35,LIGHT,84,
2026-03-23,15:36,LIGHT,84,
2026-03-23,15:37,LIGHT,84,
2026-03-23,15:38,LIGHT,83,
2026-03-23,15:39,LIGHT,81,
2026-03-23,15:40,LIGHT,81,
2026-03-23,15:41,LIGHT,83,
2026-03-23,15:42,LIGHT,85,
2026-03-23,15:43,LIGHT,85,
2026-03-23,15:44,LIGHT,85,
2026-03-23,15:45,LIGHT,85,
2026-03-23,15:46,LIGHT,87,
2026-03-23,15:47,LIGHT,89,
2026-03-23,15:48,LIGHT,89,
2026-03-23,15:49,LIGHT,87,
2026-03-23,15:50,LIGHT,87,
2026-03-23,15:51,LIGHT,85,
2026-03-23,15:52,REM,82,
2026-03-23,15:53,REM,79,
2026-03-23,15:54,REM,76,
2026-03-23,15:55,REM,80,
2026-03-23,15:56,REM,82,
2026-03-23,15:57,REM,79,
2026-03-23,15:58,REM,81,
2026-03-23,15:59,REM,83,
2026-03-23,16:00,LIGHT,85,
2026-03-23,16:01,LIGHT,85,
2026-03-23,16:02,LIGHT,83,
2026-03-23,16:03,LIGHT,83,
2026-03-23,16:04,LIGHT,82,
2026-03-24,01:41,LIGHT,73,
2026-03-24,01:42,LIGHT,70,
2026-03-24,01:43,LIGHT,72,
2026-03-24,01:44,LIGHT,73,
2026-03-24,01:45,LIGHT,79,
2026-03-24,01:46,LIGHT,79,
2026-03-24,01:47,LIGHT,76,
2026-03-24,01:48,LIGHT,77,
2026-03-24,01:49,LIGHT,71,
2026-03-24,01:50,LIGHT,67,
2026-03-24,01:51,LIGHT,69,
2026-03-24,01:52,LIGHT,73,
2026-03-24,01:53,LIGHT,75,
2026-03-24,01:54,LIGHT,71,
2026-03-24,01:55,LIGHT,77,
2026-03-24,01:56,LIGHT,73,
2026-03-24,01:57,LIGHT,68,
2026-03-24,01:58,LIGHT,66,
2026-03-24,01:59,LIGHT,61,
2026-03-24,02:00,DEEP,63,
2026-03-24,02:01,DEEP,61,
2026-03-24,02:02,DEEP,62,
2026-03-24,02:03,DEEP,61,
2026-03-24,02:04,DEEP,60,
2026-03-24,02:05,DEEP,60,
2026-03-24,02:06,DEEP,62,
2026-03-24,02:07,DEEP,61,
2026-03-24,02:08,DEEP,60,
2026-03-24,02:09,DEEP,60,
2026-03-24,02:10,DEEP,60,
2026-03-24,02:11,DEEP,60,
2026-03-24,02:12,DEEP,60,
2026-03-24,02:13,DEEP,60,
2026-03-24,02:14,DEEP,60,
2026-03-24,02:15,DEEP,60,
2026-03-24,02:16,DEEP,61,
2026-03-24,02:17,DEEP,61,
2026-03-24,02:18,DEEP,61,
2026-03-24,02:19,DEEP,60,
2026-03-24,02:20,DEEP,60,
2026-03-24,02:21,DEEP,60,
2026-03-24,02:22,DEEP,60,
2026-03-24,02:23,DEEP,60,
2026-03-24,02:24,DEEP,59,
2026-03-24,02:25,DEEP,59,
2026-03-24,02:26,DEEP,59,
2026-03-24,02:27,DEEP,59,
2026-03-24,02:28,DEEP,58,
2026-03-24,02:29,DEEP,59,
2026-03-24,02:30,DEEP,72,
2026-03-24,02:31,DEEP,63,
2026-03-24,02:32,DEEP,58,
2026-03-24,02:33,DEEP,58,
2026-03-24,02:34,DEEP,58,
2026-03-24,02:35,DEEP,58,
2026-03-24,02:36,DEEP,57,
2026-03-24,02:37,DEEP,58,
2026-03-24,02:38,DEEP,58,
2026-03-24,02:39,DEEP,59,
2026-03-24,02:40,LIGHT,59,
2026-03-24,02:41,LIGHT,59,
2026-03-24,02:42,LIGHT,60,
2026-03-24,02:43,LIGHT,60,
2026-03-24,02:44,REM,60,
2026-03-24,02:45,REM,60,
2026-03-24,02:46,REM,61,
2026-03-24,02:47,REM,68,
2026-03-24,02:48,REM,58,
2026-03-24,02:49,REM,56,
2026-03-24,02:50,REM,56,
2026-03-24,02:51,REM,56,
2026-03-24,02:52,REM,56,
2026-03-24,02:53,REM,56,
2026-03-24,02:54,REM,56,
2026-03-24,02:55,REM,56,
2026-03-24,02:56,REM,56,
2026-03-24,02:57,REM,56,
2026-03-24,02:58,REM,56,
2026-03-24,02:59,REM,56,
2026-03-24,03:00,REM,56,
2026-03-24,03:01,REM,55,
2026-03-24,03:02,REM,55,
2026-03-24,03:03,REM,55,
2026-03-24,03:04,REM,59,
2026-03-24,03:05,LIGHT,61,
2026-03-24,03:06,LIGHT,67,
2026-03-24,03:07,LIGHT,65,
2026-03-24,03:08,LIGHT,64,
2026-03-24,03:09,LIGHT,64,
2026-03-24,03:10,LIGHT,65,
2026-03-24,03:11,LIGHT,69,
2026-03-24,03:12,LIGHT,66,
2026-03-24,03:13,LIGHT,65,
2026-03-24,03:14,LIGHT,76,
2026-03-24,03:15,LIGHT,68,
2026-03-24,03:16,LIGHT,65,
2026-03-24,03:17,LIGHT,62,
2026-03-24,03:18,LIGHT,61,
2026-03-24,03:19,LIGHT,63,
2026-03-24,03:20,LIGHT,61,
2026-03-24,03:21,LIGHT,61,
2026-03-24,03:22,LIGHT,61,
2026-03-24,03:23,LIGHT,61,
2026-03-24,03:24,LIGHT,60,
2026-03-24,03:25,LIGHT,60,
2026-03-24,03:26,LIGHT,60,
2026-03-24,03:27,LIGHT,67,
2026-03-24,03:28,DEEP,59,
2026-03-24,03:29,DEEP,59,
2026-03-24,03:30,DEEP,59,
2026-03-24,03:31,DEEP,59,
2026-03-24,03:32,DEEP,59,
2026-03-24,03:33,DEEP,59,
2026-03-24,03:34,DEEP,59,
2026-03-24,03:35,DEEP,59,
2026-03-24,03:36,DEEP,59,
2026-03-24,03:37,DEEP,59,
2026-03-24,03:38,LIGHT,59,
2026-03-24,03:39,LIGHT,59,
2026-03-24,03:40,LIGHT,59,
2026-03-24,03:41,LIGHT,59,
2026-03-24,03:42,LIGHT,59,
2026-03-24,03:43,LIGHT,59,
2026-03-24,03:44,LIGHT,58,
2026-03-24,03:45,LIGHT,58,
2026-03-24,03:46,LIGHT,58,
2026-03-24,03:47,LIGHT,58,
2026-03-24,03:48,LIGHT,58,
2026-03-24,03:49,LIGHT,58,
2026-03-24,03:50,LIGHT,58,
2026-03-24,03:51,DEEP,58,
2026-03-24,03:52,DEEP,58,
2026-03-24,03:53,DEEP,58,
2026-03-24,03:54,DEEP,58,
2026-03-24,03:55,DEEP,58,
2026-03-24,03:56,DEEP,57,
2026-03-24,03:57,DEEP,57,
2026-03-24,03:58,DEEP,56,
2026-03-24,03:59,DEEP,56,
2026-03-24,04:00,DEEP,57,
2026-03-24,04:01,DEEP,72,
2026-03-24,04:02,LIGHT,66,
2026-03-24,04:03,LIGHT,61,
2026-03-24,04:04,LIGHT,60,
2026-03-24,04:05,LIGHT,57,
2026-03-24,04:06,LIGHT,56,
2026-03-24,04:07,LIGHT,56,
2026-03-24,04:08,REM,56,
2026-03-24,04:09,REM,56,
2026-03-24,04:10,REM,56,
2026-03-24,04:11,REM,56,
2026-03-24,04:12,REM,57,
2026-03-24,04:13,REM,66,
2026-03-24,04:14,REM,66,
2026-03-24,04:15,REM,55,
2026-03-24,04:16,REM,54,
2026-03-24,04:17,REM,59,
2026-03-24,04:18,REM,60,
2026-03-24,04:19,REM,61,
2026-03-24,04:20,REM,64,
2026-03-24,04:21,REM,60,
2026-03-24,04:22,REM,60,
2026-03-24,04:23,REM,65,
2026-03-24,04:24,REM,69,
2026-03-24,04:25,REM,63,
2026-03-24,04:26,REM,69,
2026-03-24,04:27,REM,70,
2026-03-24,04:28,REM,67,
2026-03-24,04:29,REM,69,
2026-03-24,04:30,REM,68,
2026-03-24,04:31,REM,63,
2026-03-24,04:32,LIGHT,62,
2026-03-24,04:33,LIGHT,60,
2026-03-24,04:34,LIGHT,65,
2026-03-24,04:35,LIGHT,67,
2026-03-24,04:36,LIGHT,61,
2026-03-24,04:37,LIGHT,61,
2026-03-24,04:38,LIGHT,58,
2026-03-24,04:39,LIGHT,56,
2026-03-24,04:40,LIGHT,58,
2026-03-24,04:41,LIGHT,58,
2026-03-24,04:42,LIGHT,57,
2026-03-24,04:43,LIGHT,59,
2026-03-24,04:44,LIGHT,57,
2026-03-24,04:45,LIGHT,57,
2026-03-24,04:46,LIGHT,59,
2026-03-24,04:47,LIGHT,58,
2026-03-24,04:48,LIGHT,58,
2026-03-24,04:49,LIGHT,60,
2026-03-24,04:50,LIGHT,57,
2026-03-24,04:51,LIGHT,58,
2026-03-24,04:52,LIGHT,58,
2026-03-24,04:53,LIGHT,60,
2026-03-24,04:54,LIGHT,59,
2026-03-24,04:55,LIGHT,58,
2026-03-24,04:56,LIGHT,58,
2026-03-24,04:57,LIGHT,58,
2026-03-24,04:58,LIGHT,58,
2026-03-24,04:59,LIGHT,59,
2026-03-24,05:00,LIGHT,59,
2026-03-24,05:01,LIGHT,68,
2026-03-24,05:02,WAKE,59,
2026-03-24,05:03,LIGHT,56,
2026-03-24,05:04,LIGHT,55,
2026-03-24,05:05,LIGHT,55,
2026-03-24,05:06,LIGHT,55,
2026-03-24,05:07,LIGHT,55,
2026-03-24,05:08,LIGHT,55,
2026-03-24,05:09,LIGHT,55,
2026-03-24,05:10,LIGHT,55,
2026-03-24,05:11,LIGHT,54,
2026-03-24,05:12,LIGHT,54,
2026-03-24,05:13,LIGHT,54,
2026-03-24,05:14,LIGHT,54,
2026-03-24,05:15,LIGHT,54,
2026-03-24,05:16,LIGHT,54,
2026-03-24,05:17,LIGHT,54,
2026-03-24,05:18,LIGHT,54,
2026-03-24,05:19,LIGHT,54,
2026-03-24,05:20,LIGHT,54,
2026-03-24,05:21,DEEP,54,
2026-03-24,05:22,DEEP,54,
2026-03-24,05:23,LIGHT,54,
2026-03-24,05:24,LIGHT,54,
2026-03-24,05:25,LIGHT,54,
2026-03-24,05:26,LIGHT,54,
2026-03-24,05:27,LIGHT,68,
2026-03-24,05:28,LIGHT,57,
2026-03-24,05:29,LIGHT,57,
2026-03-24,05:30,LIGHT,53,
2026-03-24,05:31,LIGHT,58,
2026-03-24,05:32,LIGHT,61,
2026-03-24,05:33,LIGHT,60,
2026-03-24,05:34,LIGHT,55,
2026-03-24,05:35,LIGHT,53,
2026-03-24,05:36,LIGHT,53,
2026-03-24,05:37,LIGHT,53,
2026-03-24,05:38,LIGHT,53,
2026-03-24,05:39,LIGHT,54,
2026-03-24,05:40,LIGHT,54,
2026-03-24,05:41,LIGHT,54,
2026-03-24,05:42,LIGHT,54,
2026-03-24,05:43,DEEP,54,
2026-03-24,05:44,DEEP,54,
2026-03-24,05:45,DEEP,61,
2026-03-24,05:46,DEEP,58,
2026-03-24,05:47,DEEP,58,
2026-03-24,05:48,DEEP,59,
2026-03-24,05:49,DEEP,55,
2026-03-24,05:50,DEEP,55,
2026-03-24,05:51,DEEP,55,
2026-03-24,05:52,LIGHT,55,
2026-03-24,05:53,LIGHT,56,
2026-03-24,05:54,LIGHT,56,
2026-03-24,05:55,REM,56,
2026-03-24,05:56,REM,56,
2026-03-24,05:57,REM,56,
2026-03-24,05:58,REM,56,
2026-03-24,05:59,REM,56,
2026-03-24,06:00,REM,61,
2026-03-24,06:01,REM,60,
2026-03-24,06:02,REM,56,
2026-03-24,06:03,REM,56,
2026-03-24,06:04,REM,56,
2026-03-24,06:05,REM,56,
2026-03-24,06:06,REM,56,
2026-03-24,06:07,REM,56,
2026-03-24,06:08,REM,57,
2026-03-24,06:09,REM,57,
2026-03-24,06:10,REM,57,
2026-03-24,06:11,REM,57,
2026-03-24,06:12,REM,57,
2026-03-24,06:13,REM,57,
2026-03-24,06:14,REM,57,
2026-03-24,06:15,REM,57,
2026-03-24,06:16,REM,57,
2026-03-24,06:17,REM,57,
2026-03-24,06:18,REM,57,
2026-03-24,06:19,REM,57,
2026-03-24,06:20,REM,59,
2026-03-24,06:21,REM,56,
2026-03-24,06:22,REM,58,
2026-03-24,06:23,REM,60,
2026-03-24,06:24,REM,62,
2026-03-24,06:25,REM,64,
2026-03-24,06:26,REM,64,
2026-03-24,06:27,REM,70,
2026-03-24,06:28,REM,62,
2026-03-24,06:29,REM,61,
2026-03-24,06:30,REM,58,
2026-03-24,06:31,REM,57,
2026-03-24,06:32,REM,61,
2026-03-24,06:33,REM,61,
2026-03-24,06:34,REM,58,
2026-03-24,06:35,REM,57,
2026-03-24,06:36,REM,59,
2026-03-24,06:37,REM,60,
2026-03-24,06:38,REM,66,
2026-03-24,06:39,REM,58,
2026-03-24,06:40,LIGHT,55,
2026-03-24,06:41,LIGHT,55,
2026-03-24,06:42,LIGHT,55,
2026-03-24,06:43,LIGHT,55,
2026-03-24,06:44,LIGHT,57,
2026-03-24,06:45,LIGHT,58,
2026-03-24,06:46,LIGHT,61,
2026-03-24,06:47,LIGHT,56,
2026-03-24,06:48,LIGHT,56,
2026-03-24,06:49,LIGHT,56,
2026-03-24,06:50,LIGHT,55,
2026-03-24,06:51,LIGHT,56,
2026-03-24,06:52,LIGHT,56,
2026-03-24,06:53,LIGHT,56,
2026-03-24,06:54,LIGHT,54,
2026-03-24,06:55,LIGHT,56,
2026-03-24,06:56,LIGHT,57,
2026-03-24,06:57,LIGHT,57,
2026-03-24,06:58,LIGHT,57,
2026-03-24,06:59,LIGHT,59,
2026-03-24,07:00,LIGHT,58,
2026-03-24,07:01,LIGHT,65,
2026-03-24,07:02,LIGHT,61,
2026-03-24,07:03,LIGHT,58,
2026-03-24,07:04,LIGHT,63,
2026-03-24,07:05,DEEP,57,
2026-03-24,07:06,DEEP,60,
2026-03-24,07:07,DEEP,58,
2026-03-24,07:08,DEEP,58,
2026-03-24,07:09,DEEP,62,
2026-03-24,07:10,DEEP,57,
2026-03-24,07:11,DEEP,55,
2026-03-24,07:12,DEEP,55,
2026-03-24,07:13,DEEP,55,
2026-03-24,07:14,DEEP,55,
2026-03-24,07:15,DEEP,55,
2026-03-24,07:16,DEEP,55,
2026-03-24,07:17,DEEP,62,
2026-03-24,07:18,DEEP,57,
2026-03-24,07:19,DEEP,56,
2026-03-24,07:20,DEEP,56,
2026-03-24,07:21,DEEP,57,
2026-03-24,07:22,DEEP,57,
2026-03-24,07:23,DEEP,58,
2026-03-24,07:24,DEEP,58,
2026-03-24,07:25,DEEP,58,
2026-03-24,07:26,DEEP,58,
2026-03-24,07:27,DEEP,58,
2026-03-24,07:28,DEEP,58,
2026-03-24,07:29,DEEP,58,
2026-03-24,07:30,DEEP,58,
2026-03-24,07:31,DEEP,58,
2026-03-24,07:32,DEEP,58,
2026-03-24,07:33,DEEP,58,
2026-03-24,07:34,DEEP,58,
2026-03-24,07:35,DEEP,58,
2026-03-24,07:36,DEEP,57,
2026-03-24,07:37,DEEP,57,
2026-03-24,07:38,LIGHT,57,
2026-03-24,07:39,LIGHT,57,
2026-03-24,07:40,LIGHT,58,
2026-03-24,07:41,LIGHT,58,
2026-03-24,07:42,LIGHT,58,
2026-03-24,07:43,LIGHT,58,
2026-03-24,07:44,LIGHT,58,
2026-03-24,07:45,LIGHT,58,
2026-03-24,07:46,LIGHT,58,
2026-03-24,07:47,REM,58,
2026-03-24,07:48,REM,58,
2026-03-24,07:49,REM,58,
2026-03-24,07:50,REM,58,
2026-03-24,07:51,REM,58,
2026-03-24,07:52,REM,58,
2026-03-24,07:53,REM,58,
2026-03-24,07:54,REM,58,
2026-03-24,07:55,REM,58,
2026-03-24,07:56,REM,58,
2026-03-24,07:57,REM,58,
2026-03-24,07:58,REM,66,
2026-03-24,07:59,REM,68,
2026-03-24,08:00,REM,59,
2026-03-24,08:01,REM,58,
2026-03-24,08:02,REM,58,
2026-03-24,08:03,REM,65,
2026-03-24,08:04,REM,57,
2026-03-24,08:05,REM,57,
2026-03-24,08:06,REM,57,
2026-03-24,08:07,REM,62,
2026-03-24,08:08,REM,57,
2026-03-24,08:09,REM,54,
2026-03-24,08:10,REM,56,
2026-03-24,08:11,REM,58,
2026-03-24,08:12,REM,58,
2026-03-24,08:13,REM,55,
2026-03-24,08:14,REM,57,
2026-03-24,08:15,REM,56,
2026-03-24,08:16,REM,56,
2026-03-24,08:17,REM,60,
2026-03-24,08:18,REM,57,
2026-03-24,08:19,REM,57,
2026-03-24,08:20,REM,67,
2026-03-24,08:21,REM,58,
2026-03-24,08:22,REM,58,
2026-03-24,08:23,REM,56,
2026-03-24,08:24,REM,56,
2026-03-24,08:25,REM,58,
2026-03-24,08:26,REM,56,
2026-03-24,08:27,REM,57,
2026-03-24,08:28,REM,57,
2026-03-24,08:29,REM,57,
2026-03-24,08:30,REM,65,
2026-03-24,08:31,REM,61,
2026-03-24,08:32,REM,57,
2026-03-24,08:33,LIGHT,56,
2026-03-24,08:34,LIGHT,56,
2026-03-24,08:35,LIGHT,55,
2026-03-24,08:36,LIGHT,56,
2026-03-24,08:37,LIGHT,64,
2026-03-24,08:38,LIGHT,60,
2026-03-24,08:39,LIGHT,57,
2026-03-24,08:40,LIGHT,57,
2026-03-24,08:41,LIGHT,59,
2026-03-24,08:42,LIGHT,63,
2026-03-24,08:43,LIGHT,60,
2026-03-24,08:44,LIGHT,61,
2026-03-24,08:45,LIGHT,58,
2026-03-24,08:46,LIGHT,59,
2026-03-24,08:47,LIGHT,59,
2026-03-24,08:48,LIGHT,60,
2026-03-24,08:49,LIGHT,60,
2026-03-24,08:50,LIGHT,60,
2026-03-24,08:51,LIGHT,60,
2026-03-24,08:52,LIGHT,60,
2026-03-24,08:53,LIGHT,60,
2026-03-24,08:54,LIGHT,60,
2026-03-24,08:55,LIGHT,69,
2026-03-24,08:56,LIGHT,71,
2026-03-24,08:57,LIGHT,64,
2026-03-24,08:58,LIGHT,63,
2026-03-24,08:59,LIGHT,59,
2026-03-24,09:00,LIGHT,59,
2026-03-24,09:01,LIGHT,61,
2026-03-24,09:02,LIGHT,59,
2026-03-24,09:03,LIGHT,59,
2026-03-24,09:04,LIGHT,64,
2026-03-24,09:05,LIGHT,59,
2026-03-24,09:06,LIGHT,60,
2026-03-24,09:07,LIGHT,61,
2026-03-24,09:08,LIGHT,62,
2026-03-24,09:09,LIGHT,60,
2026-03-24,09:10,LIGHT,61,
2026-03-24,09:11,LIGHT,59,
2026-03-24,09:12,LIGHT,61,
2026-03-24,09:13,LIGHT,61,
2026-03-24,09:14,LIGHT,58,
2026-03-24,09:15,LIGHT,60,
2026-03-24,09:16,LIGHT,67,
2026-03-24,09:17,LIGHT,77,
2026-03-24,09:18,LIGHT,67,
2026-03-24,09:19,LIGHT,64,
2026-03-24,09:20,LIGHT,63,
2026-03-24,09:21,LIGHT,68,
2026-03-24,09:22,LIGHT,61,
2026-03-24,09:23,LIGHT,58,
2026-03-24,09:24,LIGHT,58,
2026-03-24,09:25,LIGHT,57,
2026-03-24,09:26,LIGHT,58,
2026-03-24,09:27,LIGHT,55,
2026-03-24,09:28,LIGHT,55,
2026-03-24,09:29,LIGHT,67,
2026-03-24,09:30,REM,61,
2026-03-24,09:31,REM,58,
2026-03-24,09:32,REM,59,
2026-03-24,09:33,REM,63,
2026-03-24,09:34,REM,60,
2026-03-24,09:35,REM,59,
2026-03-24,09:36,REM,58,
2026-03-24,09:37,REM,59,
2026-03-24,09:38,REM,59,
2026-03-24,09:39,REM,56,
2026-03-24,09:40,REM,55,
2026-03-24,09:41,REM,57,
2026-03-24,09:42,REM,59,
2026-03-24,09:43,REM,61,
2026-03-24,09:44,REM,61,
2026-03-24,09:45,REM,60,
2026-03-24,09:46,REM,57,
2026-03-24,09:47,REM,59,
2026-03-24,09:48,REM,61,
2026-03-24,09:49,REM,70,
2026-03-24,09:50,REM,72,
2026-03-24,09:51,REM,69,
2026-03-24,09:52,REM,69,
2026-03-24,09:53,REM,68,
2026-03-24,09:54,REM,68,
2026-03-24,09:55,LIGHT,71,
2026-03-24,09:56,LIGHT,79,
2026-03-24,09:57,LIGHT,84,
2026-03-24,09:58,LIGHT,89,
2026-03-24,09:59,LIGHT,87,
2026-03-24,10:00,LIGHT,79,
2026-03-24,10:01,LIGHT,87,
2026-03-24,10:02,LIGHT,94,
2026-03-24,10:03,LIGHT,95,
2026-03-24,10:04,LIGHT,102,
2026-03-24,10:05,LIGHT,96,
2026-03-24,10:06,LIGHT,93,
2026-03-24,10:07,LIGHT,93,
2026-03-24,10:08,LIGHT,87,
2026-03-24,10:09,LIGHT,81,
2026-03-24,10:10,LIGHT,80,
2026-03-24,10:11,LIGHT,77,
2026-03-24,10:12,LIGHT,74,
2026-03-25,02:04,LIGHT,,
2026-03-25,02:05,LIGHT,,
2026-03-25,02:06,LIGHT,,
2026-03-25,02:07,LIGHT,,
2026-03-25,02:08,LIGHT,,
2026-03-25,02:09,LIGHT,,
2026-03-25,02:10,LIGHT,,
2026-03-25,02:11,LIGHT,,
2026-03-25,02:12,DEEP,,
2026-03-25,02:13,DEEP,,
2026-03-25,02:14,DEEP,,
2026-03-25,02:15,DEEP,,
2026-03-25,02:16,DEEP,,
2026-03-25,02:17,DEEP,,
2026-03-25,02:18,DEEP,,
2026-03-25,02:19,DEEP,,
2026-03-25,02:20,DEEP,,
2026-03-25,02:21,DEEP,,
2026-03-25,02:22,DEEP,,
2026-03-25,02:23,DEEP,,
2026-03-25,02:24,DEEP,,
2026-03-25,02:25,DEEP,,
2026-03-25,02:26,DEEP,,
2026-03-25,02:27,DEEP,,
2026-03-25,02:28,LIGHT,,
2026-03-25,02:29,LIGHT,,
2026-03-25,02:30,LIGHT,,
2026-03-25,02:31,WAKE,,
2026-03-25,02:32,LIGHT,,
2026-03-25,02:33,LIGHT,,
2026-03-25,02:34,LIGHT,,
2026-03-25,02:35,LIGHT,,
2026-03-25,02:36,LIGHT,,
2026-03-25,02:37,DEEP,,
2026-03-25,02:38,DEEP,,
2026-03-25,02:39,DEEP,,
2026-03-25,02:40,DEEP,,
2026-03-25,02:41,DEEP,,
2026-03-25,02:42,DEEP,,
2026-03-25,02:43,DEEP,,
2026-03-25,02:44,DEEP,,
2026-03-25,02:45,DEEP,,
2026-03-25,02:46,DEEP,,
2026-03-25,02:47,DEEP,,
2026-03-25,02:48,LIGHT,,
2026-03-25,02:49,LIGHT,,
2026-03-25,02:50,LIGHT,,
2026-03-25,02:51,LIGHT,,
2026-03-25,02:52,LIGHT,,
2026-03-25,02:53,LIGHT,,
2026-03-25,02:54,LIGHT,,
2026-03-25,02:55,DEEP,,
2026-03-25,02:56,DEEP,,
2026-03-25,02:57,DEEP,,
2026-03-25,02:58,DEEP,,
2026-03-25,02:59,DEEP,,
2026-03-25,03:00,DEEP,,
2026-03-25,03:01,DEEP,,
2026-03-25,03:02,DEEP,,
2026-03-25,03:03,DEEP,,
2026-03-25,03:04,LIGHT,,
2026-03-25,03:05,REM,,
2026-03-25,03:06,REM,,
2026-03-25,03:07,REM,,
2026-03-25,03:08,REM,,
2026-03-25,03:09,REM,,
2026-03-25,03:10,REM,,
2026-03-25,03:11,REM,,
2026-03-25,03:12,LIGHT,,
2026-03-25,03:13,LIGHT,,
2026-03-25,03:14,LIGHT,,
2026-03-25,03:15,WAKE,,
2026-03-25,03:16,LIGHT,,
2026-03-25,03:17,LIGHT,,
2026-03-25,03:18,LIGHT,,
2026-03-25,03:19,LIGHT,,
2026-03-25,03:20,LIGHT,,
2026-03-25,03:21,LIGHT,,
2026-03-25,03:22,LIGHT,,
2026-03-25,03:23,LIGHT,,
2026-03-25,03:24,LIGHT,,
2026-03-25,03:25,LIGHT,,
2026-03-25,03:26,LIGHT,,
2026-03-25,03:27,LIGHT,,
2026-03-25,03:28,LIGHT,,
2026-03-25,03:29,LIGHT,,
2026-03-25,03:30,LIGHT,,
2026-03-25,03:31,LIGHT,,
2026-03-25,03:32,LIGHT,,
2026-03-25,03:33,LIGHT,,
2026-03-25,03:34,LIGHT,,
2026-03-25,03:35,LIGHT,,
2026-03-25,03:36,LIGHT,,
2026-03-25,03:37,LIGHT,,
2026-03-25,03:38,LIGHT,,
2026-03-25,03:39,LIGHT,,
2026-03-25,03:40,LIGHT,,
2026-03-25,03:41,LIGHT,,
2026-03-25,03:42,LIGHT,,
2026-03-25,03:43,LIGHT,,
2026-03-25,03:44,LIGHT,,
2026-03-25,03:45,DEEP,,
2026-03-25,03:46,DEEP,,
2026-03-25,03:47,DEEP,,
2026-03-25,03:48,DEEP,,
2026-03-25,03:49,DEEP,,
2026-03-25,03:50,DEEP,,
2026-03-25,03:51,DEEP,,
2026-03-25,03:52,DEEP,,
2026-03-25,03:53,DEEP,,
2026-03-25,03:54,DEEP,,
2026-03-25,03:55,DEEP,,
2026-03-25,03:56,DEEP,,
2026-03-25,03:57,DEEP,,
2026-03-25,03:58,DEEP,,
2026-03-25,03:59,LIGHT,,
2026-03-25,04:00,LIGHT,,
2026-03-25,04:01,LIGHT,,
2026-03-25,04:02,WAKE,,
2026-03-25,04:03,LIGHT,,
2026-03-25,04:04,LIGHT,,
2026-03-25,04:05,LIGHT,,
2026-03-25,04:06,LIGHT,,
2026-03-25,04:07,LIGHT,,
2026-03-25,04:08,LIGHT,,
2026-03-25,04:09,LIGHT,,
2026-03-25,04:10,LIGHT,,
2026-03-25,04:11,LIGHT,,
2026-03-25,04:12,LIGHT,,
2026-03-25,04:13,LIGHT,,
2026-03-25,04:14,LIGHT,,
2026-03-25,04:15,LIGHT,,
2026-03-25,04:16,LIGHT,,
2026-03-25,04:17,LIGHT,,
2026-03-25,04:18,LIGHT,,
2026-03-25,04:19,LIGHT,,
2026-03-25,04:20,REM,,
2026-03-25,04:21,REM,,
2026-03-25,04:22,REM,,
2026-03-25,04:23,REM,,
2026-03-25,04:24,REM,,
2026-03-25,04:25,REM,,
2026-03-25,04:26,REM,,
2026-03-25,04:27,REM,,
2026-03-25,04:28,REM,,
2026-03-25,04:29,REM,,
2026-03-25,04:30,REM,,
2026-03-25,04:31,REM,,
2026-03-25,04:32,REM,,
2026-03-25,04:33,REM,,
2026-03-25,04:34,REM,,
2026-03-25,04:35,REM,,
2026-03-25,04:36,REM,,
2026-03-25,04:37,REM,,
2026-03-25,04:38,REM,,
2026-03-25,04:39,REM,,
2026-03-25,04:40,REM,,
2026-03-25,04:41,REM,,
2026-03-25,04:42,REM,,
2026-03-25,04:43,REM,,
2026-03-25,04:44,REM,,
2026-03-25,04:45,REM,,
2026-03-25,04:46,REM,,
2026-03-25,04:47,REM,,
2026-03-25,04:48,REM,,
2026-03-25,04:49,REM,,
2026-03-25,04:50,REM,,
2026-03-25,04:51,REM,,
2026-03-25,04:52,REM,,
2026-03-25,04:53,REM,,
2026-03-25,04:54,REM,,
2026-03-25,04:55,LIGHT,,
2026-03-25,04:56,LIGHT,,
2026-03-25,04:57,LIGHT,,
2026-03-25,04:58,LIGHT,,
2026-03-25,04:59,LIGHT,,
2026-03-25,05:00,LIGHT,,
2026-03-25,05:01,LIGHT,,
2026-03-25,05:02,LIGHT,,
2026-03-25,05:03,LIGHT,,
2026-03-25,05:04,LIGHT,,
2026-03-25,05:05,LIGHT,,
2026-03-25,05:06,LIGHT,,
2026-03-25,05:07,LIGHT,,
2026-03-25,05:08,LIGHT,,
2026-03-25,05:09,LIGHT,,
2026-03-25,05:10,LIGHT,,
2026-03-25,05:11,LIGHT,,
2026-03-25,05:12,LIGHT,,
2026-03-25,05:13,LIGHT,,
2026-03-25,05:14,LIGHT,,
2026-03-25,05:15,LIGHT,,
2026-03-25,05:16,LIGHT,,
2026-03-25,05:17,LIGHT,,
2026-03-25,05:18,LIGHT,,
2026-03-25,05:19,LIGHT,,
2026-03-25,05:20,LIGHT,,
2026-03-25,05:21,LIGHT,,
2026-03-25,05:22,LIGHT,,
2026-03-25,05:23,LIGHT,,
2026-03-25,05:24,LIGHT,,
2026-03-25,05:25,LIGHT,,
2026-03-25,05:26,LIGHT,,
2026-03-25,05:27,LIGHT,,
2026-03-25,05:28,LIGHT,,
2026-03-25,05:29,LIGHT,,
2026-03-25,05:30,LIGHT,,
2026-03-25,05:31,LIGHT,,
2026-03-25,05:32,LIGHT,,
2026-03-25,05:33,LIGHT,,
2026-03-25,05:34,LIGHT,,
2026-03-25,05:35,LIGHT,,
2026-03-25,05:36,LIGHT,,
2026-03-25,05:37,LIGHT,,
2026-03-25,05:38,LIGHT,,
2026-03-25,05:39,LIGHT,,
2026-03-25,05:40,LIGHT,,
2026-03-25,05:41,LIGHT,,
2026-03-25,05:42,LIGHT,,
2026-03-25,05:43,LIGHT,,
2026-03-25,05:44,LIGHT,,
2026-03-25,05:45,LIGHT,,
2026-03-25,05:46,LIGHT,,
2026-03-25,05:47,LIGHT,,
2026-03-25,05:48,LIGHT,,
2026-03-25,05:49,LIGHT,,
2026-03-25,05:50,LIGHT,,
2026-03-25,05:51,LIGHT,,
2026-03-25,05:52,LIGHT,,
2026-03-25,05:53,LIGHT,,
2026-03-25,05:54,LIGHT,,
2026-03-25,05:55,LIGHT,,
2026-03-25,05:56,LIGHT,,
2026-03-25,05:57,LIGHT,,
2026-03-25,05:58,LIGHT,,
2026-03-25,05:59,LIGHT,,
2026-03-25,06:00,LIGHT,,
2026-03-25,06:01,LIGHT,,
2026-03-25,06:02,LIGHT,,
2026-03-25,06:03,LIGHT,,
2026-03-25,06:04,LIGHT,,
2026-03-25,06:05,LIGHT,,
2026-03-25,06:06,LIGHT,,
2026-03-25,06:07,LIGHT,,
2026-03-25,06:08,LIGHT,,
2026-03-25,06:09,LIGHT,,
2026-03-25,06:10,LIGHT,,
2026-03-25,06:11,LIGHT,,
2026-03-25,06:12,LIGHT,,
2026-03-25,06:13,LIGHT,,
2026-03-25,06:14,LIGHT,,
2026-03-25,06:15,LIGHT,,
2026-03-25,06:16,LIGHT,,
2026-03-25,06:17,LIGHT,,
2026-03-25,06:18,LIGHT,,
2026-03-25,06:19,LIGHT,,
2026-03-25,06:20,LIGHT,,
2026-03-25,06:21,LIGHT,,
2026-03-25,06:22,REM,,
2026-03-25,06:23,REM,,
2026-03-25,06:24,REM,,
2026-03-25,06:25,REM,,
2026-03-25,06:26,REM,,
2026-03-25,06:27,REM,,
2026-03-25,06:28,REM,,
2026-03-25,06:29,REM,,
2026-03-25,06:30,REM,,
2026-03-25,06:31,REM,,
2026-03-25,06:32,REM,,
2026-03-25,06:33,REM,,
2026-03-25,06:34,REM,,
2026-03-25,06:35,REM,,
2026-03-25,06:36,REM,,
2026-03-25,06:37,REM,,
2026-03-25,06:38,REM,,
2026-03-25,06:39,REM,,
2026-03-25,06:40,REM,,
2026-03-25,06:41,REM,,
2026-03-25,06:42,REM,,
2026-03-25,06:43,REM,,
2026-03-25,06:44,REM,,
2026-03-25,06:45,REM,,
2026-03-25,06:46,REM,,
2026-03-25,06:47,REM,,
2026-03-25,06:48,REM,,
2026-03-25,06:49,REM,,
2026-03-25,06:50,REM,,
2026-03-25,06:51,REM,,
2026-03-25,06:52,REM,,
2026-03-25,06:53,REM,,
2026-03-25,06:54,REM,,
2026-03-25,06:55,REM,,
2026-03-25,06:56,REM,,
2026-03-25,06:57,REM,,
2026-03-25,06:58,REM,,
2026-03-25,06:59,REM,,
2026-03-25,07:00,REM,,
2026-03-25,07:01,REM,,
2026-03-25,07:02,REM,,
2026-03-25,07:03,REM,,
2026-03-25,07:04,LIGHT,,
2026-03-25,07:05,LIGHT,,
2026-03-25,07:06,LIGHT,,
2026-03-25,07:07,LIGHT,,
2026-03-25,07:08,LIGHT,,
2026-03-25,07:09,LIGHT,,
2026-03-25,07:10,LIGHT,,
2026-03-25,07:11,LIGHT,,
2026-03-25,07:12,LIGHT,,
2026-03-25,07:13,LIGHT,,
2026-03-25,07:14,LIGHT,,
2026-03-25,07:15,LIGHT,,
2026-03-25,07:16,LIGHT,,
2026-03-25,07:17,LIGHT,,
2026-03-25,07:18,LIGHT,,
2026-03-25,07:19,LIGHT,,
2026-03-25,07:20,LIGHT,,
2026-03-25,07:21,LIGHT,,
2026-03-25,07:22,LIGHT,,
2026-03-25,07:23,LIGHT,,
2026-03-25,07:24,LIGHT,,
2026-03-25,07:25,LIGHT,,
2026-03-25,07:26,LIGHT,,
2026-03-25,07:27,LIGHT,,
2026-03-25,07:28,LIGHT,,
2026-03-25,07:29,LIGHT,,
2026-03-25,07:30,LIGHT,,
2026-03-25,07:31,LIGHT,,
2026-03-25,07:32,LIGHT,,
2026-03-25,07:33,LIGHT,,
2026-03-25,07:34,LIGHT,,
2026-03-25,07:35,LIGHT,,
2026-03-25,07:36,LIGHT,,
2026-03-25,07:37,LIGHT,,
2026-03-25,07:38,LIGHT,,
2026-03-25,07:39,DEEP,,
2026-03-25,07:40,DEEP,,
2026-03-25,07:41,DEEP,,
2026-03-25,07:42,DEEP,,
2026-03-25,07:43,DEEP,,
2026-03-25,07:44,DEEP,,
2026-03-25,07:45,DEEP,,
2026-03-25,07:46,DEEP,,
2026-03-25,07:47,DEEP,,
2026-03-25,07:48,DEEP,,
2026-03-25,07:49,DEEP,,
2026-03-25,07:50,DEEP,,
2026-03-25,07:51,DEEP,,
2026-03-25,07:52,DEEP,,
2026-03-25,07:53,DEEP,,
2026-03-25,07:54,DEEP,,
2026-03-25,07:55,DEEP,,
2026-03-25,07:56,DEEP,,
2026-03-25,07:57,DEEP,,
2026-03-25,07:58,DEEP,,
2026-03-25,07:59,DEEP,,
2026-03-25,08:00,LIGHT,,
2026-03-25,08:01,LIGHT,,
2026-03-25,08:02,LIGHT,,
2026-03-25,08:03,LIGHT,,
2026-03-25,08:04,LIGHT,,
2026-03-25,08:05,LIGHT,,
2026-03-25,08:06,LIGHT,,
2026-03-25,08:07,REM,,
2026-03-25,08:08,REM,,
2026-03-25,08:09,REM,,
2026-03-25,08:10,REM,,
2026-03-25,08:11,REM,,
2026-03-25,08:12,REM,,
2026-03-25,08:13,REM,,
2026-03-25,08:14,REM,,
2026-03-25,08:15,REM,,
2026-03-25,08:16,REM,,
2026-03-25,08:17,REM,,
2026-03-25,08:18,REM,,
2026-03-25,08:19,REM,,
2026-03-25,08:20,REM,,
2026-03-25,08:21,REM,,
2026-03-25,08:22,LIGHT,,
2026-03-25,08:23,LIGHT,,
2026-03-25,08:24,LIGHT,,
2026-03-25,08:25,LIGHT,,
2026-03-25,08:26,LIGHT,,
2026-03-25,08:27,LIGHT,,
2026-03-25,08:28,LIGHT,,
2026-03-25,08:29,LIGHT,,
2026-03-25,08:30,LIGHT,,
2026-03-25,08:31,LIGHT,,
2026-03-25,08:32,LIGHT,,
2026-03-25,08:33,LIGHT,,
2026-03-25,08:34,LIGHT,,
2026-03-25,08:35,LIGHT,,
2026-03-25,08:36,LIGHT,,
2026-03-25,08:37,LIGHT,,
2026-03-25,08:38,LIGHT,,
2026-03-25,08:39,LIGHT,,
2026-03-25,08:40,LIGHT,,
2026-03-25,08:41,LIGHT,96,
2026-03-25,08:42,LIGHT,,
2026-03-25,08:43,LIGHT,,
2026-03-25,08:44,LIGHT,,
2026-03-25,08:45,LIGHT,,
2026-03-25,08:46,LIGHT,,
2026-03-25,08:47,LIGHT,,
2026-03-25,08:48,LIGHT,,
2026-03-25,08:49,LIGHT,,
2026-03-25,08:50,LIGHT,,
2026-03-25,08:51,LIGHT,,
2026-03-25,08:52,LIGHT,,
2026-03-25,08:53,LIGHT,,
2026-03-25,08:54,LIGHT,,
2026-03-25,08:55,LIGHT,,
2026-03-25,08:56,LIGHT,,
2026-03-25,08:57,LIGHT,,
2026-03-25,08:58,LIGHT,,
2026-03-25,08:59,LIGHT,,
2026-03-25,09:00,LIGHT,97,
2026-03-25,09:01,LIGHT,,
2026-03-25,09:02,LIGHT,,
2026-03-25,09:03,LIGHT,,
2026-03-25,09:04,LIGHT,,
2026-03-25,09:05,LIGHT,,
2026-03-25,09:06,LIGHT,,
2026-03-25,09:07,LIGHT,,
2026-03-25,09:08,LIGHT,,
2026-03-25,09:09,LIGHT,,
2026-03-25,09:10,LIGHT,,
2026-03-25,09:11,REM,,
2026-03-25,09:12,REM,,
2026-03-25,09:13,REM,,
2026-03-25,09:14,REM,,
2026-03-25,09:15,REM,,
2026-03-25,09:16,REM,,
2026-03-25,09:17,REM,,
2026-03-25,09:18,REM,,
2026-03-25,09:19,REM,,
2026-03-25,09:20,REM,,
2026-03-25,09:21,REM,,
2026-03-25,09:22,REM,,
2026-03-25,09:23,REM,,
2026-03-25,09:24,REM,,
2026-03-25,09:25,REM,,
2026-03-25,09:26,REM,,
2026-03-25,09:27,REM,,
2026-03-25,09:28,REM,,
2026-03-25,09:29,REM,,
2026-03-25,09:30,REM,,
2026-03-25,09:31,REM,,
2026-03-25,09:32,REM,,
2026-03-25,09:33,REM,,
2026-03-25,09:34,REM,,
2026-03-25,09:35,REM,,
2026-03-25,09:36,REM,,
2026-03-25,09:37,REM,,
2026-03-25,09:38,REM,,
2026-03-25,09:39,REM,,
2026-03-25,09:40,REM,,
2026-03-25,09:41,REM,,
2026-03-25,09:42,REM,,
2026-03-25,09:43,REM,,
2026-03-25,09:44,REM,,
2026-03-25,09:45,REM,,
2026-03-25,09:46,LIGHT,,
2026-03-25,09:47,LIGHT,,
2026-03-25,09:48,LIGHT,,
2026-03-25,09:49,LIGHT,,
2026-03-25,09:50,LIGHT,,
2026-03-27,01:23,LIGHT,69,
2026-03-27,01:24,LIGHT,82,
2026-03-27,01:25,LIGHT,76,
2026-03-27,01:26,LIGHT,71,
2026-03-27,01:27,LIGHT,69,
2026-03-27,01:28,LIGHT,67,
2026-03-27,01:29,LIGHT,68,
2026-03-27,01:30,LIGHT,68,
2026-03-27,01:31,LIGHT,71,
2026-03-27,01:32,LIGHT,68,
2026-03-27,01:33,LIGHT,70,
2026-03-27,01:34,LIGHT,67,
2026-03-27,01:35,LIGHT,69,
2026-03-27,01:36,LIGHT,68,
2026-03-27,01:37,LIGHT,74,
2026-03-27,01:38,DEEP,75,
2026-03-27,01:39,DEEP,69,
2026-03-27,01:40,DEEP,76,
2026-03-27,01:41,DEEP,73,
2026-03-27,01:42,LIGHT,74,
2026-03-27,01:43,LIGHT,74,
2026-03-27,01:44,LIGHT,74,
2026-03-27,01:45,LIGHT,71,
2026-03-27,01:46,LIGHT,67,
2026-03-27,01:47,LIGHT,69,
2026-03-27,01:48,LIGHT,62,
2026-03-27,01:49,LIGHT,61,
2026-03-27,01:50,DEEP,61,
2026-03-27,01:51,DEEP,60,
2026-03-27,01:52,DEEP,60,
2026-03-27,01:53,DEEP,60,
2026-03-27,01:54,DEEP,60,
2026-03-27,01:55,DEEP,60,
2026-03-27,01:56,DEEP,60,
2026-03-27,01:57,DEEP,60,
2026-03-27,01:58,DEEP,60,
2026-03-27,01:59,DEEP,62,
2026-03-27,02:00,DEEP,61,
2026-03-27,02:01,DEEP,61,
2026-03-27,02:02,DEEP,61,
2026-03-27,02:03,DEEP,61,
2026-03-27,02:04,DEEP,60,
2026-03-27,02:05,DEEP,60,
2026-03-27,02:06,DEEP,60,
2026-03-27,02:07,DEEP,60,
2026-03-27,02:08,DEEP,60,
2026-03-27,02:09,DEEP,60,
2026-03-27,02:10,DEEP,60,
2026-03-27,02:11,DEEP,60,
2026-03-27,02:12,DEEP,60,
2026-03-27,02:13,DEEP,60,
2026-03-27,02:14,DEEP,63,
2026-03-27,02:15,DEEP,60,
2026-03-27,02:16,DEEP,60,
2026-03-27,02:17,DEEP,60,
2026-03-27,02:18,DEEP,60,
2026-03-27,02:19,DEEP,60,
2026-03-27,02:20,DEEP,62,
2026-03-27,02:21,DEEP,62,
2026-03-27,02:22,DEEP,62,
2026-03-27,02:23,LIGHT,62,
2026-03-27,02:24,LIGHT,62,
2026-03-27,02:25,LIGHT,74,
2026-03-27,02:26,LIGHT,70,
2026-03-27,02:27,LIGHT,64,
2026-03-27,02:28,REM,69,
2026-03-27,02:29,REM,67,
2026-03-27,02:30,REM,68,
2026-03-27,02:31,REM,60,
2026-03-27,02:32,REM,57,
2026-03-27,02:33,LIGHT,58,
2026-03-27,02:34,LIGHT,59,
2026-03-27,02:35,LIGHT,60,
2026-03-27,02:36,WAKE,61,
2026-03-27,02:37,WAKE,63,
2026-03-27,02:38,LIGHT,67,
2026-03-27,02:39,LIGHT,69,
2026-03-27,02:40,LIGHT,69,
2026-03-27,02:41,LIGHT,69,
2026-03-27,02:42,LIGHT,66,
2026-03-27,02:43,LIGHT,68,
2026-03-27,02:44,LIGHT,65,
2026-03-27,02:45,LIGHT,67,
2026-03-27,02:46,LIGHT,64,
2026-03-27,02:47,LIGHT,64,
2026-03-27,02:48,LIGHT,64,
2026-03-27,02:49,LIGHT,65,
2026-03-27,02:50,LIGHT,69,
2026-03-27,02:51,LIGHT,68,
2026-03-27,02:52,LIGHT,69,
2026-03-27,02:53,LIGHT,65,
2026-03-27,02:54,LIGHT,65,
2026-03-27,02:55,LIGHT,64,
2026-03-27,02:56,LIGHT,64,
2026-03-27,02:57,LIGHT,64,
2026-03-27,02:58,LIGHT,68,
2026-03-27,02:59,LIGHT,64,
2026-03-27,03:00,LIGHT,60,
2026-03-27,03:01,LIGHT,60,
2026-03-27,03:02,LIGHT,60,
2026-03-27,03:03,LIGHT,60,
2026-03-27,03:04,LIGHT,60,
2026-03-27,03:05,LIGHT,60,
2026-03-27,03:06,LIGHT,61,
2026-03-27,03:07,LIGHT,66,
2026-03-27,03:08,LIGHT,65,
2026-03-27,03:09,LIGHT,59,
2026-03-27,03:10,LIGHT,59,
2026-03-27,03:11,LIGHT,58,
2026-03-27,03:12,LIGHT,59,
2026-03-27,03:13,LIGHT,59,
2026-03-27,03:14,LIGHT,59,
2026-03-27,03:15,LIGHT,60,
2026-03-27,03:16,LIGHT,60,
2026-03-27,03:17,LIGHT,60,
2026-03-27,03:18,LIGHT,60,
2026-03-27,03:19,LIGHT,60,
2026-03-27,03:20,LIGHT,60,
2026-03-27,03:21,LIGHT,60,
2026-03-27,03:22,LIGHT,60,
2026-03-27,03:23,LIGHT,60,
2026-03-27,03:24,LIGHT,60,
2026-03-27,03:25,LIGHT,60,
2026-03-27,03:26,LIGHT,59,
2026-03-27,03:27,LIGHT,59,
2026-03-27,03:28,LIGHT,59,
2026-03-27,03:29,LIGHT,59,
2026-03-27,03:30,LIGHT,59,
2026-03-27,03:31,LIGHT,59,
2026-03-27,03:32,LIGHT,59,
2026-03-27,03:33,LIGHT,59,
2026-03-27,03:34,DEEP,60,
2026-03-27,03:35,DEEP,60,
2026-03-27,03:36,DEEP,60,
2026-03-27,03:37,DEEP,60,
2026-03-27,03:38,DEEP,60,
2026-03-27,03:39,DEEP,59,
2026-03-27,03:40,DEEP,61,
2026-03-27,03:41,DEEP,71,
2026-03-27,03:42,DEEP,64,
2026-03-27,03:43,DEEP,65,
2026-03-27,03:44,DEEP,58,
2026-03-27,03:45,DEEP,56,
2026-03-27,03:46,DEEP,56,
2026-03-27,03:47,DEEP,56,
2026-03-27,03:48,DEEP,56,
2026-03-27,03:49,DEEP,56,
2026-03-27,03:50,DEEP,59,
2026-03-27,03:51,DEEP,63,
2026-03-27,03:52,DEEP,63,
2026-03-27,03:53,LIGHT,62,
2026-03-27,03:54,LIGHT,55,
2026-03-27,03:55,LIGHT,54,
2026-03-27,03:56,LIGHT,54,
2026-03-27,03:57,LIGHT,54,
2026-03-27,03:58,LIGHT,54,
2026-03-27,03:59,LIGHT,54,
2026-03-27,04:00,LIGHT,54,
2026-03-27,04:01,LIGHT,54,
2026-03-27,04:02,REM,54,
2026-03-27,04:03,REM,54,
2026-03-27,04:04,REM,54,
2026-03-27,04:05,REM,54,
2026-03-27,04:06,REM,54,
2026-03-27,04:07,REM,55,
2026-03-27,04:08,REM,55,
2026-03-27,04:09,REM,55,
2026-03-27,04:10,REM,55,
2026-03-27,04:11,REM,55,
2026-03-27,04:12,REM,55,
2026-03-27,04:13,REM,55,
2026-03-27,04:14,REM,55,
2026-03-27,04:15,REM,55,
2026-03-27,04:16,REM,56,
2026-03-27,04:17,REM,56,
2026-03-27,04:18,REM,56,
2026-03-27,04:19,REM,56,
2026-03-27,04:20,REM,56,
2026-03-27,04:21,REM,56,
2026-03-27,04:22,REM,56,
2026-03-27,04:23,REM,56,
2026-03-27,04:24,REM,56,
2026-03-27,04:25,REM,56,
2026-03-27,04:26,REM,56,
2026-03-27,04:27,REM,56,
2026-03-27,04:28,REM,59,
2026-03-27,04:29,REM,59,
2026-03-27,04:30,REM,54,
2026-03-27,04:31,REM,55,
2026-03-27,04:32,REM,58,
2026-03-27,04:33,REM,59,
2026-03-27,04:34,LIGHT,65,
2026-03-27,04:35,LIGHT,65,
2026-03-27,04:36,LIGHT,72,
2026-03-27,04:37,LIGHT,64,
2026-03-27,04:38,LIGHT,61,
2026-03-27,04:39,LIGHT,61,
2026-03-27,04:40,LIGHT,66,
2026-03-27,04:41,LIGHT,66,
2026-03-27,04:42,LIGHT,68,
2026-03-27,04:43,LIGHT,65,
2026-03-27,04:44,LIGHT,61,
2026-03-27,04:45,LIGHT,63,
2026-03-27,04:46,LIGHT,59,
2026-03-27,04:47,LIGHT,59,
2026-03-27,04:48,LIGHT,59,
2026-03-27,04:49,LIGHT,59,
2026-03-27,04:50,LIGHT,60,
2026-03-27,04:51,LIGHT,57,
2026-03-27,04:52,LIGHT,57,
2026-03-27,04:53,LIGHT,58,
2026-03-27,04:54,LIGHT,63,
2026-03-27,04:55,LIGHT,62,
2026-03-27,04:56,LIGHT,57,
2026-03-27,04:57,LIGHT,55,
2026-03-27,04:58,LIGHT,55,
2026-03-27,04:59,LIGHT,57,
2026-03-27,05:00,LIGHT,64,
2026-03-27,05:01,LIGHT,57,
2026-03-27,05:02,LIGHT,55,
2026-03-27,05:03,LIGHT,56,
2026-03-27,05:04,LIGHT,57,
2026-03-27,05:05,DEEP,57,
2026-03-27,05:06,DEEP,57,
2026-03-27,05:07,DEEP,57,
2026-03-27,05:08,DEEP,57,
2026-03-27,05:09,DEEP,57,
2026-03-27,05:10,DEEP,57,
2026-03-27,05:11,DEEP,57,
2026-03-27,05:12,DEEP,57,
2026-03-27,05:13,LIGHT,57,
2026-03-27,05:14,LIGHT,57,
2026-03-27,05:15,LIGHT,57,
2026-03-27,05:16,LIGHT,57,
2026-03-27,05:17,LIGHT,57,
2026-03-27,05:18,LIGHT,57,
2026-03-27,05:19,LIGHT,57,
2026-03-27,05:20,LIGHT,57,
2026-03-27,05:21,LIGHT,57,
2026-03-27,05:22,LIGHT,57,
2026-03-27,05:23,LIGHT,58,
2026-03-27,05:24,LIGHT,58,
2026-03-27,05:25,LIGHT,57,
2026-03-27,05:26,LIGHT,58,
2026-03-27,05:27,LIGHT,58,
2026-03-27,05:28,LIGHT,57,
2026-03-27,05:29,LIGHT,57,
2026-03-27,05:30,LIGHT,57,
2026-03-27,05:31,LIGHT,57,
2026-03-27,05:32,DEEP,64,
2026-03-27,05:33,DEEP,57,
2026-03-27,05:34,DEEP,59,
2026-03-27,05:35,DEEP,55,
2026-03-27,05:36,DEEP,55,
2026-03-27,05:37,DEEP,54,
2026-03-27,05:38,LIGHT,54,
2026-03-27,05:39,LIGHT,55,
2026-03-27,05:40,LIGHT,56,
2026-03-27,05:41,LIGHT,56,
2026-03-27,05:42,LIGHT,56,
2026-03-27,05:43,LIGHT,56,
2026-03-27,05:44,LIGHT,56,
2026-03-27,05:45,LIGHT,56,
2026-03-27,05:46,LIGHT,57,
2026-03-27,05:47,LIGHT,57,
2026-03-27,05:48,LIGHT,57,
2026-03-27,05:49,LIGHT,57,
2026-03-27,05:50,REM,57,
2026-03-27,05:51,REM,57,
2026-03-27,05:52,REM,57,
2026-03-27,05:53,REM,57,
2026-03-27,05:54,REM,57,
2026-03-27,05:55,REM,57,
2026-03-27,05:56,REM,57,
2026-03-27,05:57,REM,57,
2026-03-27,05:58,REM,57,
2026-03-27,05:59,REM,58,
2026-03-27,06:00,REM,57,
2026-03-27,06:01,REM,57,
2026-03-27,06:02,REM,57,
2026-03-27,06:03,REM,69,
2026-03-27,06:04,REM,58,
2026-03-27,06:05,REM,55,
2026-03-27,06:06,REM,55,
2026-03-27,06:07,REM,55,
2026-03-27,06:08,REM,55,
2026-03-27,06:09,REM,57,
2026-03-27,06:10,REM,58,
2026-03-27,06:11,REM,63,
2026-03-27,06:12,REM,63,
2026-03-27,06:13,REM,59,
2026-03-27,06:14,REM,59,
2026-03-27,06:15,REM,60,
2026-03-27,06:16,REM,58,
2026-03-27,06:17,REM,63,
2026-03-27,06:18,REM,60,
2026-03-27,06:19,REM,60,
2026-03-27,06:20,REM,60,
2026-03-27,06:21,REM,68,
2026-03-27,06:22,REM,59,
2026-03-27,06:23,REM,59,
2026-03-27,06:24,REM,58,
2026-03-27,06:25,REM,58,
2026-03-27,06:26,REM,60,
2026-03-27,06:27,REM,59,
2026-03-27,06:28,REM,66,
2026-03-27,06:29,REM,58,
2026-03-27,06:30,REM,55,
2026-03-27,06:31,REM,55,
2026-03-27,06:32,REM,66,
2026-03-27,06:33,REM,64,
2026-03-27,06:34,REM,62,
2026-03-27,06:35,REM,61,
2026-03-27,06:36,REM,69,
2026-03-27,06:37,REM,58,
2026-03-27,06:38,REM,57,
2026-03-27,06:39,REM,58,
2026-03-27,06:40,REM,58,
2026-03-27,06:41,REM,59,
2026-03-27,06:42,REM,61,
2026-03-27,06:43,REM,63,
2026-03-27,06:44,REM,68,
2026-03-27,06:45,REM,63,
2026-03-27,06:46,REM,60,
2026-03-27,06:47,REM,60,
2026-03-27,06:48,REM,62,
2026-03-27,06:49,REM,59,
2026-03-27,06:50,REM,59,
2026-03-27,06:51,REM,59,
2026-03-27,06:52,REM,59,
2026-03-27,06:53,REM,61,
2026-03-27,06:54,REM,65,
2026-03-27,06:55,LIGHT,61,
2026-03-27,06:56,LIGHT,58,
2026-03-27,06:57,LIGHT,59,
2026-03-27,06:58,LIGHT,60,
2026-03-27,06:59,LIGHT,61,
2026-03-27,07:00,LIGHT,59,
2026-03-27,07:01,LIGHT,59,
2026-03-27,07:02,LIGHT,59,
2026-03-27,07:03,LIGHT,60,
2026-03-27,07:04,LIGHT,60,
2026-03-27,07:05,LIGHT,60,
2026-03-27,07:06,LIGHT,60,
2026-03-27,07:07,LIGHT,60,
2026-03-27,07:08,LIGHT,61,
2026-03-27,07:09,LIGHT,61,
2026-03-27,07:10,LIGHT,60,
2026-03-27,07:11,LIGHT,59,
2026-03-27,07:12,LIGHT,59,
2026-03-27,07:13,LIGHT,59,
2026-03-27,07:14,LIGHT,59,
2026-03-27,07:15,LIGHT,60,
2026-03-27,07:16,LIGHT,60,
2026-03-27,07:17,LIGHT,60,
2026-03-27,07:18,LIGHT,60,
2026-03-27,07:19,LIGHT,60,
2026-03-27,07:20,LIGHT,60,
2026-03-27,07:21,LIGHT,60,
2026-03-27,07:22,LIGHT,60,
2026-03-27,07:23,LIGHT,61,
2026-03-27,07:24,LIGHT,61,
2026-03-27,07:25,LIGHT,61,
2026-03-27,07:26,LIGHT,61,
2026-03-27,07:27,LIGHT,61,
2026-03-27,07:28,LIGHT,61,
2026-03-27,07:29,LIGHT,61,
2026-03-27,07:30,LIGHT,60,
2026-03-27,07:31,LIGHT,60,
2026-03-27,07:32,LIGHT,60,
2026-03-27,07:33,LIGHT,60,
2026-03-27,07:34,LIGHT,60,
2026-03-27,07:35,DEEP,60,
2026-03-27,07:36,DEEP,69,
2026-03-27,07:37,DEEP,62,
2026-03-27,07:38,DEEP,59,
2026-03-27,07:39,DEEP,59,
2026-03-27,07:40,DEEP,59,
2026-03-27,07:41,DEEP,63,
2026-03-27,07:42,DEEP,71,
2026-03-27,07:43,DEEP,63,
2026-03-27,07:44,DEEP,63,
2026-03-27,07:45,DEEP,63,
2026-03-27,07:46,DEEP,63,
2026-03-27,07:47,DEEP,70,
2026-03-27,07:48,DEEP,61,
2026-03-27,07:49,DEEP,63,
2026-03-27,07:50,DEEP,67,
2026-03-27,07:51,LIGHT,66,
2026-03-27,07:52,LIGHT,63,
2026-03-27,07:53,LIGHT,68,
2026-03-27,07:54,LIGHT,68,
2026-03-27,07:55,LIGHT,62,
2026-03-27,07:56,LIGHT,70,
2026-03-27,07:57,REM,64,
2026-03-27,07:58,REM,64,
2026-03-27,07:59,REM,70,
2026-03-27,08:00,REM,64,
2026-03-27,08:01,REM,58,
2026-03-27,08:02,REM,56,
2026-03-27,08:03,REM,53,
2026-03-27,08:04,REM,55,
2026-03-27,08:05,REM,57,
2026-03-27,08:06,REM,57,
2026-03-27,08:07,REM,61,
2026-03-27,08:08,REM,57,
2026-03-27,08:09,REM,59,
2026-03-27,08:10,REM,61,
2026-03-27,08:11,REM,61,
2026-03-27,08:12,REM,61,
2026-03-27,08:13,REM,61,
2026-03-27,08:14,REM,61,
2026-03-27,08:15,REM,63,
2026-03-27,08:16,REM,60,
2026-03-27,08:17,REM,58,
2026-03-27,08:18,REM,62,
2026-03-27,08:19,REM,67,
2026-03-27,08:20,REM,65,
2026-03-27,08:21,REM,61,
2026-03-27,08:22,REM,60,
2026-03-27,08:23,REM,61,
2026-03-27,08:24,REM,59,
2026-03-27,08:25,REM,60,
2026-03-27,08:26,REM,59,
2026-03-27,08:27,REM,64,
2026-03-27,08:28,REM,60,
2026-03-27,08:29,REM,62,
2026-03-27,08:30,REM,60,
2026-03-27,08:31,REM,61,
2026-03-27,08:32,REM,61,
2026-03-27,08:33,REM,61,
2026-03-27,08:34,REM,61,
2026-03-27,08:35,REM,61,
2026-03-27,08:36,REM,60,
2026-03-27,08:37,REM,59,
2026-03-27,08:38,REM,61,
2026-03-27,08:39,REM,61,
2026-03-27,08:40,REM,61,
2026-03-27,08:41,REM,66,
2026-03-27,08:42,REM,60,
2026-03-27,08:43,REM,59,
2026-03-27,08:44,REM,58,
2026-03-27,08:45,REM,65,
2026-03-27,08:46,LIGHT,62,
2026-03-27,08:47,LIGHT,60,
2026-03-27,08:48,LIGHT,60,
2026-03-27,08:49,LIGHT,60,
2026-03-27,08:50,LIGHT,60,
2026-03-27,08:51,LIGHT,62,
2026-03-27,08:52,LIGHT,60,
2026-03-27,08:53,LIGHT,60,
2026-03-27,08:54,LIGHT,62,
2026-03-27,08:55,LIGHT,71,
2026-03-27,08:56,LIGHT,62,
2026-03-27,08:57,LIGHT,62,
2026-03-27,08:58,LIGHT,61,
2026-03-27,08:59,LIGHT,67,
2026-03-27,09:00,LIGHT,64,
2026-03-27,09:01,LIGHT,61,
2026-03-27,09:02,LIGHT,61,
2026-03-27,09:03,LIGHT,60,
2026-03-27,09:04,LIGHT,60,
2026-03-27,09:05,LIGHT,66,
2026-03-27,09:06,LIGHT,63,
2026-03-27,09:07,LIGHT,58,
2026-03-27,09:08,LIGHT,60,
2026-03-27,09:09,LIGHT,68,
2026-03-27,09:10,LIGHT,60,
2026-03-27,09:11,LIGHT,59,
2026-03-27,09:12,LIGHT,56,
2026-03-27,09:13,LIGHT,56,
2026-03-27,09:14,LIGHT,56,
2026-03-27,09:15,LIGHT,55,
2026-03-27,09:16,LIGHT,56,
2026-03-27,09:17,LIGHT,58,
2026-03-27,09:18,LIGHT,57,
2026-03-28,01:49,LIGHT,,
2026-03-28,01:50,LIGHT,,
2026-03-28,01:51,LIGHT,,
2026-03-28,01:52,LIGHT,,
2026-03-28,01:53,LIGHT,,
2026-03-28,01:54,LIGHT,,
2026-03-28,01:55,LIGHT,,
2026-03-28,01:56,LIGHT,,
2026-03-28,01:57,LIGHT,,
2026-03-28,01:58,LIGHT,,
2026-03-28,01:59,LIGHT,,
2026-03-28,02:00,LIGHT,,
2026-03-28,02:01,LIGHT,,
2026-03-28,02:02,LIGHT,,
2026-03-28,02:03,LIGHT,,
2026-03-28,02:04,LIGHT,,
2026-03-28,02:05,LIGHT,,
2026-03-28,02:06,LIGHT,,
2026-03-28,02:07,DEEP,,
2026-03-28,02:08,DEEP,,
2026-03-28,02:09,DEEP,,
2026-03-28,02:10,DEEP,,
2026-03-28,02:11,DEEP,,
2026-03-28,02:12,DEEP,,
2026-03-28,02:13,DEEP,,
2026-03-28,02:14,DEEP,,
2026-03-28,02:15,DEEP,,
2026-03-28,02:16,DEEP,,
2026-03-28,02:17,DEEP,,
2026-03-28,02:18,DEEP,,
2026-03-28,02:19,DEEP,,
2026-03-28,02:20,DEEP,,
2026-03-28,02:21,DEEP,,
2026-03-28,02:22,DEEP,,
2026-03-28,02:23,LIGHT,,
2026-03-28,02:24,LIGHT,,
2026-03-28,02:25,LIGHT,,
2026-03-28,02:26,WAKE,,
2026-03-28,02:27,LIGHT,,
2026-03-28,02:28,LIGHT,,
2026-03-28,02:29,LIGHT,,
2026-03-28,02:30,WAKE,,
2026-03-28,02:31,LIGHT,,
2026-03-28,02:32,LIGHT,,
2026-03-28,02:33,LIGHT,,
2026-03-28,02:34,LIGHT,,
2026-03-28,02:35,LIGHT,,
2026-03-28,02:36,LIGHT,,
2026-03-28,02:37,REM,,
2026-03-28,02:38,REM,,
2026-03-28,02:39,REM,,
2026-03-28,02:40,REM,,
2026-03-28,02:41,REM,,
2026-03-28,02:42,REM,,
2026-03-28,02:43,REM,,
2026-03-28,02:44,REM,,
2026-03-28,02:45,REM,,
2026-03-28,02:46,REM,,
2026-03-28,02:47,REM,,
2026-03-28,02:48,REM,,
2026-03-28,02:49,REM,,
2026-03-28,02:50,REM,,
2026-03-28,02:51,REM,,
2026-03-28,02:52,REM,,
2026-03-28,02:53,REM,,
2026-03-28,02:54,REM,,
2026-03-28,02:55,REM,,
2026-03-28,02:56,REM,,
2026-03-28,02:57,REM,,
2026-03-28,02:58,REM,,
2026-03-28,02:59,REM,,
2026-03-28,03:00,REM,,
2026-03-28,03:01,REM,,
2026-03-28,03:02,REM,,
2026-03-28,03:03,REM,,
2026-03-28,03:04,REM,,
2026-03-28,03:05,REM,,
2026-03-28,03:06,LIGHT,,
2026-03-28,03:07,LIGHT,,
2026-03-28,03:08,LIGHT,,
2026-03-28,03:09,LIGHT,,
2026-03-28,03:10,LIGHT,,
2026-03-28,03:11,LIGHT,,
2026-03-28,03:12,LIGHT,,
2026-03-28,03:13,LIGHT,,
2026-03-28,03:14,LIGHT,,
2026-03-28,03:15,LIGHT,,
2026-03-28,03:16,LIGHT,,
2026-03-28,03:17,LIGHT,,
2026-03-28,03:18,LIGHT,,
2026-03-28,03:19,LIGHT,,
2026-03-28,03:20,LIGHT,,
2026-03-28,03:21,LIGHT,,
2026-03-28,03:22,DEEP,,
2026-03-28,03:23,DEEP,,
2026-03-28,03:24,DEEP,,
2026-03-28,03:25,DEEP,,
2026-03-28,03:26,DEEP,,
2026-03-28,03:27,DEEP,,
2026-03-28,03:28,DEEP,,
2026-03-28,03:29,DEEP,,
2026-03-28,03:30,DEEP,,
2026-03-28,03:31,DEEP,,
2026-03-28,03:32,DEEP,,
2026-03-28,03:33,DEEP,,
2026-03-28,03:34,DEEP,,
2026-03-28,03:35,DEEP,,
2026-03-28,03:36,DEEP,,
2026-03-28,03:37,DEEP,,
2026-03-28,03:38,DEEP,,
2026-03-28,03:39,DEEP,,
2026-03-28,03:40,DEEP,,
2026-03-28,03:41,DEEP,,
2026-03-28,03:42,LIGHT,,
2026-03-28,03:43,LIGHT,,
2026-03-28,03:44,LIGHT,,
2026-03-28,03:45,LIGHT,,
2026-03-28,03:46,LIGHT,,
2026-03-28,03:47,LIGHT,,
2026-03-28,03:48,LIGHT,,
2026-03-28,03:49,LIGHT,,
2026-03-28,03:50,LIGHT,,
2026-03-28,03:51,LIGHT,,
2026-03-28,03:52,LIGHT,,
2026-03-28,03:53,LIGHT,,
2026-03-28,03:54,LIGHT,,
2026-03-28,03:55,LIGHT,,
2026-03-28,03:56,LIGHT,,
2026-03-28,03:57,LIGHT,,
2026-03-28,03:58,LIGHT,,
2026-03-28,03:59,LIGHT,,
2026-03-28,04:00,LIGHT,,
2026-03-28,04:01,LIGHT,,
2026-03-28,04:02,LIGHT,,
2026-03-28,04:03,LIGHT,,
2026-03-28,04:04,LIGHT,,
2026-03-28,04:05,DEEP,,
2026-03-28,04:06,DEEP,,
2026-03-28,04:07,DEEP,,
2026-03-28,04:08,DEEP,,
2026-03-28,04:09,DEEP,,
2026-03-28,04:10,DEEP,,
2026-03-28,04:11,DEEP,,
2026-03-28,04:12,DEEP,,
2026-03-28,04:13,DEEP,,
2026-03-28,04:14,DEEP,,
2026-03-28,04:15,DEEP,,
2026-03-28,04:16,DEEP,,
2026-03-28,04:17,DEEP,,
2026-03-28,04:18,DEEP,,
2026-03-28,04:19,DEEP,,
2026-03-28,04:20,DEEP,,
2026-03-28,04:21,DEEP,,
2026-03-28,04:22,DEEP,,
2026-03-28,04:23,DEEP,,
2026-03-28,04:24,DEEP,,
2026-03-28,04:25,DEEP,,
2026-03-28,04:26,DEEP,,
2026-03-28,04:27,DEEP,,
2026-03-28,04:28,DEEP,,
2026-03-28,04:29,LIGHT,,
2026-03-28,04:30,LIGHT,,
2026-03-28,04:31,LIGHT,,
2026-03-28,04:32,LIGHT,,
2026-03-28,04:33,REM,,
2026-03-28,04:34,REM,,
2026-03-28,04:35,REM,,
2026-03-28,04:36,REM,,
2026-03-28,04:37,REM,,
2026-03-28,04:38,REM,,
2026-03-28,04:39,REM,,
2026-03-28,04:40,REM,,
2026-03-28,04:41,REM,,
2026-03-28,04:42,REM,,
2026-03-28,04:43,REM,,
2026-03-28,04:44,REM,,
2026-03-28,04:45,REM,,
2026-03-28,04:46,REM,,
2026-03-28,04:47,REM,,
2026-03-28,04:48,REM,,
2026-03-28,04:49,REM,,
2026-03-28,04:50,REM,,
2026-03-28,04:51,REM,,
2026-03-28,04:52,REM,,
2026-03-28,04:53,REM,,
2026-03-28,04:54,REM,,
2026-03-28,04:55,REM,,
2026-03-28,04:56,LIGHT,,
2026-03-28,04:57,LIGHT,,
2026-03-28,04:58,LIGHT,,
2026-03-28,04:59,LIGHT,,
2026-03-28,05:00,LIGHT,,
2026-03-28,05:01,LIGHT,,
2026-03-28,05:02,LIGHT,,
2026-03-28,05:03,LIGHT,,
2026-03-28,05:04,LIGHT,,
2026-03-28,05:05,LIGHT,,
2026-03-28,05:06,LIGHT,,
2026-03-28,05:07,LIGHT,,
2026-03-28,05:08,LIGHT,,
2026-03-28,05:09,LIGHT,,
2026-03-28,05:10,LIGHT,,
2026-03-28,05:11,LIGHT,,
2026-03-28,05:12,LIGHT,,
2026-03-28,05:13,LIGHT,,
2026-03-28,05:14,LIGHT,,
2026-03-28,05:15,LIGHT,,
2026-03-28,05:16,LIGHT,,
2026-03-28,05:17,LIGHT,,
2026-03-28,05:18,LIGHT,,
2026-03-28,05:19,LIGHT,,
2026-03-28,05:20,DEEP,,
2026-03-28,05:21,DEEP,,
2026-03-28,05:22,DEEP,,
2026-03-28,05:23,DEEP,,
2026-03-28,05:24,DEEP,,
2026-03-28,05:25,DEEP,,
2026-03-28,05:26,DEEP,,
2026-03-28,05:27,DEEP,,
2026-03-28,05:28,DEEP,,
2026-03-28,05:29,DEEP,,
2026-03-28,05:30,DEEP,,
2026-03-28,05:31,DEEP,,
2026-03-28,05:32,LIGHT,,
2026-03-28,05:33,LIGHT,,
2026-03-28,05:34,LIGHT,,
2026-03-28,05:35,LIGHT,,
2026-03-28,05:36,LIGHT,,
2026-03-28,05:37,LIGHT,,
2026-03-28,05:38,LIGHT,,
2026-03-28,05:39,LIGHT,,
2026-03-28,05:40,LIGHT,,
2026-03-28,05:41,LIGHT,,
2026-03-28,05:42,LIGHT,,
2026-03-28,05:43,LIGHT,,
2026-03-28,05:44,LIGHT,,
2026-03-28,05:45,LIGHT,,
2026-03-28,05:46,LIGHT,,
2026-03-28,05:47,LIGHT,,
2026-03-28,05:48,LIGHT,,
2026-03-28,05:49,LIGHT,,
2026-03-28,05:50,LIGHT,,
2026-03-28,05:51,LIGHT,,
2026-03-28,05:52,LIGHT,,
2026-03-28,05:53,LIGHT,,
2026-03-28,05:54,LIGHT,,
2026-03-28,05:55,LIGHT,,
2026-03-28,05:56,LIGHT,,
2026-03-28,05:57,LIGHT,,
2026-03-28,05:58,LIGHT,,
2026-03-28,05:59,LIGHT,,
2026-03-28,06:00,LIGHT,,
2026-03-28,06:01,LIGHT,,
2026-03-28,06:02,LIGHT,,
2026-03-28,06:03,LIGHT,,
2026-03-28,06:04,LIGHT,,
2026-03-28,06:05,LIGHT,,
2026-03-28,06:06,LIGHT,,
2026-03-28,06:07,LIGHT,,
2026-03-28,06:08,LIGHT,,
2026-03-28,06:09,REM,,
2026-03-28,06:10,REM,,
2026-03-28,06:11,REM,,
2026-03-28,06:12,REM,,
2026-03-28,06:13,REM,,
2026-03-28,06:14,REM,,
2026-03-28,06:15,REM,,
2026-03-28,06:16,REM,,
2026-03-28,06:17,REM,,
2026-03-28,06:18,REM,,
2026-03-28,06:19,REM,,
2026-03-28,06:20,REM,,
2026-03-28,06:21,REM,,
2026-03-28,06:22,REM,,
2026-03-28,06:23,REM,,
2026-03-28,06:24,REM,,
2026-03-28,06:25,REM,,
2026-03-28,06:26,REM,,
2026-03-28,06:27,REM,,
2026-03-28,06:28,REM,,
2026-03-28,06:29,REM,,
2026-03-28,06:30,REM,,
2026-03-28,06:31,REM,,
2026-03-28,06:32,REM,,
2026-03-28,06:33,REM,,
2026-03-28,06:34,REM,,
2026-03-28,06:35,REM,,
2026-03-28,06:36,REM,,
2026-03-28,06:37,REM,,
2026-03-28,06:38,REM,,
2026-03-28,06:39,REM,,
2026-03-28,06:40,REM,,
2026-03-28,06:41,REM,,
2026-03-28,06:42,REM,,
2026-03-28,06:43,REM,,
2026-03-28,06:44,REM,,
2026-03-28,06:45,LIGHT,,
2026-03-28,06:46,LIGHT,,
2026-03-28,06:47,LIGHT,,
2026-03-28,06:48,LIGHT,,
2026-03-28,06:49,LIGHT,,
2026-03-28,06:50,LIGHT,,
2026-03-28,06:51,LIGHT,,
2026-03-28,06:52,LIGHT,,
2026-03-28,06:53,LIGHT,,
2026-03-28,06:54,LIGHT,,
2026-03-28,06:55,LIGHT,,
2026-03-28,06:56,LIGHT,,
2026-03-28,06:57,LIGHT,,
2026-03-28,06:58,LIGHT,,
2026-03-28,06:59,LIGHT,,
2026-03-28,07:00,LIGHT,,
2026-03-28,07:01,LIGHT,,
2026-03-28,07:02,LIGHT,,
2026-03-28,07:03,LIGHT,,
2026-03-28,07:04,LIGHT,,
2026-03-28,07:05,LIGHT,,
2026-03-28,07:06,LIGHT,,
2026-03-28,07:07,LIGHT,,
2026-03-28,07:08,LIGHT,,
2026-03-28,07:09,LIGHT,,
2026-03-28,07:10,LIGHT,,
2026-03-28,07:11,LIGHT,,
2026-03-28,07:12,LIGHT,,
2026-03-28,07:13,LIGHT,,
2026-03-28,07:14,LIGHT,,
2026-03-28,07:15,LIGHT,,
2026-03-28,07:16,LIGHT,,
2026-03-28,07:17,LIGHT,,
2026-03-28,07:18,LIGHT,,
2026-03-28,07:19,LIGHT,,
2026-03-28,07:20,LIGHT,,
2026-03-28,07:21,DEEP,,
2026-03-28,07:22,DEEP,,
2026-03-28,07:23,DEEP,,
2026-03-28,07:24,DEEP,,
2026-03-28,07:25,DEEP,,
2026-03-28,07:26,DEEP,,
2026-03-28,07:27,DEEP,,
2026-03-28,07:28,DEEP,,
2026-03-28,07:29,DEEP,,
2026-03-28,07:30,DEEP,,
2026-03-28,07:31,DEEP,,
2026-03-28,07:32,DEEP,,
2026-03-28,07:33,DEEP,,
2026-03-28,07:34,DEEP,,
2026-03-28,07:35,DEEP,,
2026-03-28,07:36,DEEP,,
2026-03-28,07:37,LIGHT,,
2026-03-28,07:38,LIGHT,,
2026-03-28,07:39,LIGHT,,
2026-03-28,07:40,LIGHT,,
2026-03-28,07:41,LIGHT,,
2026-03-28,07:42,LIGHT,,
2026-03-28,07:43,LIGHT,,
2026-03-28,07:44,LIGHT,,
2026-03-28,07:45,LIGHT,,
2026-03-28,07:46,LIGHT,,
2026-03-28,07:47,REM,,
2026-03-28,07:48,REM,,
2026-03-28,07:49,REM,,
2026-03-28,07:50,REM,,
2026-03-28,07:51,REM,,
2026-03-28,07:52,REM,,
2026-03-28,07:53,REM,,
2026-03-28,07:54,REM,,
2026-03-28,07:55,REM,,
2026-03-28,07:56,REM,,
2026-03-28,07:57,REM,,
2026-03-28,07:58,REM,,
2026-03-28,07:59,REM,,
2026-03-28,08:00,REM,,
2026-03-28,08:01,REM,,
2026-03-28,08:02,REM,,
2026-03-28,08:03,REM,,
2026-03-28,08:04,REM,,
2026-03-28,08:05,REM,,
2026-03-28,08:06,REM,,
2026-03-28,08:07,REM,,
2026-03-28,08:08,REM,,
2026-03-28,08:09,REM,,
2026-03-28,08:10,REM,,
2026-03-28,08:11,REM,,
2026-03-28,08:12,REM,,
2026-03-28,08:13,REM,,
2026-03-28,08:14,REM,,
2026-03-28,08:15,REM,,
2026-03-28,08:16,REM,,
2026-03-28,08:17,REM,,
2026-03-28,08:18,REM,,
2026-03-28,08:19,REM,,
2026-03-28,08:20,REM,,
2026-03-28,08:21,LIGHT,,
2026-03-28,08:22,LIGHT,,
2026-03-28,08:23,LIGHT,,
2026-03-28,08:24,LIGHT,,
2026-03-28,08:25,LIGHT,,
2026-03-28,08:26,LIGHT,,
2026-03-28,08:27,LIGHT,,
2026-03-28,08:28,LIGHT,,
2026-03-28,08:29,LIGHT,,
2026-03-28,08:30,LIGHT,,
2026-03-28,08:31,LIGHT,,
2026-03-28,08:32,LIGHT,,
2026-03-28,08:33,LIGHT,,
2026-03-28,08:34,LIGHT,,
2026-03-28,08:35,LIGHT,,
2026-03-28,08:36,LIGHT,,
2026-03-28,08:37,LIGHT,,
2026-03-28,08:38,LIGHT,,
2026-03-28,08:39,LIGHT,,
2026-03-28,08:40,LIGHT,,
2026-03-28,08:41,LIGHT,,
2026-03-28,08:42,LIGHT,,
2026-03-28,08:43,LIGHT,,
2026-03-28,08:44,LIGHT,,
2026-03-28,08:45,LIGHT,,
2026-03-28,08:46,LIGHT,,
2026-03-28,08:47,LIGHT,,
2026-03-28,08:48,LIGHT,,
2026-03-28,08:49,LIGHT,,
2026-03-28,08:50,LIGHT,,
2026-03-28,08:51,LIGHT,,
2026-03-28,08:52,LIGHT,,
2026-03-28,08:53,LIGHT,,
2026-03-28,08:54,LIGHT,,
2026-03-28,08:55,LIGHT,,
2026-03-28,08:56,LIGHT,,
2026-03-28,08:57,LIGHT,,
2026-03-28,08:58,LIGHT,,
2026-03-28,08:59,LIGHT,,
2026-03-28,09:00,LIGHT,,
2026-03-28,09:01,WAKE,,
2026-03-28,09:02,LIGHT,,
2026-03-28,09:03,LIGHT,,
2026-03-28,09:04,LIGHT,,
2026-03-28,09:05,LIGHT,,
2026-03-28,09:06,LIGHT,,
2026-03-28,09:07,LIGHT,,
2026-03-28,09:08,LIGHT,,
2026-03-28,09:09,LIGHT,,
2026-03-28,09:10,LIGHT,,
2026-03-28,09:11,LIGHT,,
2026-03-28,09:12,LIGHT,,
2026-03-28,09:13,LIGHT,,
2026-03-28,09:14,LIGHT,,
2026-03-28,09:15,LIGHT,,
2026-03-28,09:16,LIGHT,,
2026-03-28,09:17,LIGHT,,
2026-03-28,09:18,LIGHT,,
2026-03-28,09:19,LIGHT,,
2026-03-28,09:20,LIGHT,,
2026-03-30,01:20,LIGHT,85,
2026-03-30,01:21,LIGHT,72,
2026-03-30,01:22,LIGHT,67,
2026-03-30,01:23,LIGHT,66,
2026-03-30,01:24,LIGHT,66,
2026-03-30,01:25,LIGHT,66,
2026-03-30,01:26,LIGHT,76,
2026-03-30,01:27,LIGHT,90,
2026-03-30,01:28,LIGHT,86,
2026-03-30,01:29,LIGHT,78,
2026-03-30,01:30,WAKE,81,
2026-03-30,01:31,LIGHT,73,
2026-03-30,01:32,LIGHT,85,
2026-03-30,01:33,LIGHT,80,
2026-03-30,01:34,LIGHT,75,
2026-03-30,01:35,LIGHT,74,
2026-03-30,01:36,LIGHT,73,
2026-03-30,01:37,LIGHT,74,
2026-03-30,01:38,LIGHT,68,
2026-03-30,01:39,DEEP,73,
2026-03-30,01:40,DEEP,65,
2026-03-30,01:41,DEEP,64,
2026-03-30,01:42,DEEP,68,
2026-03-30,01:43,DEEP,67,
2026-03-30,01:44,DEEP,73,
2026-03-30,01:45,DEEP,71,
2026-03-30,01:46,DEEP,68,
2026-03-30,01:47,DEEP,70,
2026-03-30,01:48,DEEP,67,
2026-03-30,01:49,DEEP,64,
2026-03-30,01:50,DEEP,71,
2026-03-30,01:51,DEEP,68,
2026-03-30,01:52,DEEP,67,
2026-03-30,01:53,DEEP,66,
2026-03-30,01:54,DEEP,69,
2026-03-30,01:55,DEEP,79,
2026-03-30,01:56,DEEP,71,
2026-03-30,01:57,DEEP,69,
2026-03-30,01:58,DEEP,69,
2026-03-30,01:59,DEEP,67,
2026-03-30,02:00,DEEP,67,
2026-03-30,02:01,LIGHT,67,
2026-03-30,02:02,LIGHT,67,
2026-03-30,02:03,LIGHT,66,
2026-03-30,02:04,LIGHT,66,
2026-03-30,02:05,LIGHT,66,
2026-03-30,02:06,LIGHT,66,
2026-03-30,02:07,LIGHT,66,
2026-03-30,02:08,LIGHT,66,
2026-03-30,02:09,LIGHT,66,
2026-03-30,02:10,LIGHT,66,
2026-03-30,02:11,LIGHT,66,
2026-03-30,02:12,LIGHT,66,
2026-03-30,02:13,LIGHT,66,
2026-03-30,02:14,LIGHT,66,
2026-03-30,02:15,LIGHT,66,
2026-03-30,02:16,LIGHT,66,
2026-03-30,02:17,LIGHT,66,
2026-03-30,02:18,LIGHT,65,
2026-03-30,02:19,LIGHT,64,
2026-03-30,02:20,LIGHT,64,
2026-03-30,02:21,LIGHT,64,
2026-03-30,02:22,LIGHT,64,
2026-03-30,02:23,LIGHT,64,
2026-03-30,02:24,LIGHT,69,
2026-03-30,02:25,LIGHT,62,
2026-03-30,02:26,LIGHT,64,
2026-03-30,02:27,LIGHT,62,
2026-03-30,02:28,LIGHT,59,
2026-03-30,02:29,LIGHT,59,
2026-03-30,02:30,LIGHT,59,
2026-03-30,02:31,LIGHT,61,
2026-03-30,02:32,LIGHT,63,
2026-03-30,02:33,LIGHT,68,
2026-03-30,02:34,LIGHT,69,
2026-03-30,02:35,LIGHT,68,
2026-03-30,02:36,LIGHT,71,
2026-03-30,02:37,LIGHT,73,
2026-03-30,02:38,LIGHT,68,
2026-03-30,02:39,DEEP,69,
2026-03-30,02:40,DEEP,69,
2026-03-30,02:41,DEEP,71,
2026-03-30,02:42,DEEP,72,
2026-03-30,02:43,DEEP,68,
2026-03-30,02:44,LIGHT,70,
2026-03-30,02:45,LIGHT,71,
2026-03-30,02:46,LIGHT,71,
2026-03-30,02:47,LIGHT,71,
2026-03-30,02:48,LIGHT,71,
2026-03-30,02:49,LIGHT,69,
2026-03-30,02:50,LIGHT,70,
2026-03-30,02:51,LIGHT,68,
2026-03-30,02:52,LIGHT,67,
2026-03-30,02:53,LIGHT,67,
2026-03-30,02:54,LIGHT,67,
2026-03-30,02:55,LIGHT,70,
2026-03-30,02:56,LIGHT,67,
2026-03-30,02:57,LIGHT,71,
2026-03-30,02:58,LIGHT,67,
2026-03-30,02:59,LIGHT,65,
2026-03-30,03:00,LIGHT,67,
2026-03-30,03:01,LIGHT,60,
2026-03-30,03:02,LIGHT,59,
2026-03-30,03:03,LIGHT,60,
2026-03-30,03:04,DEEP,57,
2026-03-30,03:05,DEEP,60,
2026-03-30,03:06,DEEP,60,
2026-03-30,03:07,LIGHT,57,
2026-03-30,03:08,LIGHT,57,
2026-03-30,03:09,LIGHT,59,
2026-03-30,03:10,LIGHT,61,
2026-03-30,03:11,LIGHT,60,
2026-03-30,03:12,LIGHT,62,
2026-03-30,03:13,LIGHT,62,
2026-03-30,03:14,REM,62,
2026-03-30,03:15,REM,62,
2026-03-30,03:16,REM,62,
2026-03-30,03:17,REM,62,
2026-03-30,03:18,REM,62,
2026-03-30,03:19,REM,65,
2026-03-30,03:20,REM,62,
2026-03-30,03:21,REM,62,
2026-03-30,03:22,REM,62,
2026-03-30,03:23,REM,62,
2026-03-30,03:24,REM,65,
2026-03-30,03:25,REM,62,
2026-03-30,03:26,REM,61,
2026-03-30,03:27,REM,63,
2026-03-30,03:28,REM,57,
2026-03-30,03:29,REM,57,
2026-03-30,03:30,REM,57,
2026-03-30,03:31,REM,57,
2026-03-30,03:32,REM,57,
2026-03-30,03:33,REM,56,
2026-03-30,03:34,REM,56,
2026-03-30,03:35,REM,56,
2026-03-30,03:36,REM,57,
2026-03-30,03:37,REM,57,
2026-03-30,03:38,REM,57,
2026-03-30,03:39,REM,57,
2026-03-30,03:40,REM,56,
2026-03-30,03:41,REM,56,
2026-03-30,03:42,REM,56,
2026-03-30,03:43,REM,57,
2026-03-30,03:44,REM,56,
2026-03-30,03:45,REM,56,
2026-03-30,03:46,LIGHT,56,
2026-03-30,03:47,LIGHT,56,
2026-03-30,03:48,LIGHT,55,
2026-03-30,03:49,LIGHT,55,
2026-03-30,03:50,LIGHT,56,
2026-03-30,03:51,LIGHT,56,
2026-03-30,03:52,LIGHT,55,
2026-03-30,03:53,LIGHT,55,
2026-03-30,03:54,LIGHT,55,
2026-03-30,03:55,LIGHT,55,
2026-03-30,03:56,LIGHT,55,
2026-03-30,03:57,LIGHT,55,
2026-03-30,03:58,LIGHT,56,
2026-03-30,03:59,LIGHT,56,
2026-03-30,04:00,LIGHT,56,
2026-03-30,04:01,LIGHT,56,
2026-03-30,04:02,LIGHT,55,
2026-03-30,04:03,LIGHT,55,
2026-03-30,04:04,LIGHT,55,
2026-03-30,04:05,LIGHT,54,
2026-03-30,04:06,LIGHT,54,
2026-03-30,04:07,LIGHT,54,
2026-03-30,04:08,LIGHT,54,
2026-03-30,04:09,LIGHT,54,
2026-03-30,04:10,DEEP,54,
2026-03-30,04:11,DEEP,54,
2026-03-30,04:12,DEEP,55,
2026-03-30,04:13,DEEP,55,
2026-03-30,04:14,DEEP,55,
2026-03-30,04:15,DEEP,56,
2026-03-30,04:16,DEEP,69,
2026-03-30,04:17,DEEP,58,
2026-03-30,04:18,DEEP,55,
2026-03-30,04:19,DEEP,55,
2026-03-30,04:20,DEEP,56,
2026-03-30,04:21,DEEP,56,
2026-03-30,04:22,DEEP,59,
2026-03-30,04:23,DEEP,56,
2026-03-30,04:24,DEEP,57,
2026-03-30,04:25,DEEP,58,
2026-03-30,04:26,DEEP,59,
2026-03-30,04:27,DEEP,59,
2026-03-30,04:28,DEEP,58,
2026-03-30,04:29,DEEP,59,
2026-03-30,04:30,DEEP,58,
2026-03-30,04:31,DEEP,59,
2026-03-30,04:32,DEEP,61,
2026-03-30,04:33,DEEP,62,
2026-03-30,04:34,DEEP,58,
2026-03-30,04:35,DEEP,59,
2026-03-30,04:36,DEEP,64,
2026-03-30,04:37,DEEP,58,
2026-03-30,04:38,DEEP,58,
2026-03-30,04:39,DEEP,61,
2026-03-30,04:40,DEEP,68,
2026-03-30,04:41,DEEP,73,
2026-03-30,04:42,DEEP,61,
2026-03-30,04:43,DEEP,58,
2026-03-30,04:44,DEEP,60,
2026-03-30,04:45,DEEP,58,
2026-03-30,04:46,DEEP,63,
2026-03-30,04:47,DEEP,60,
2026-03-30,04:48,DEEP,62,
2026-03-30,04:49,DEEP,59,
2026-03-30,04:50,DEEP,62,
2026-03-30,04:51,DEEP,67,
2026-03-30,04:52,DEEP,64,
2026-03-30,04:53,LIGHT,59,
2026-03-30,04:54,LIGHT,64,
2026-03-30,04:55,LIGHT,62,
2026-03-30,04:56,LIGHT,59,
2026-03-30,04:57,LIGHT,59,
2026-03-30,04:58,LIGHT,59,
2026-03-30,04:59,LIGHT,59,
2026-03-30,05:00,REM,58,
2026-03-30,05:01,REM,59,
2026-03-30,05:02,REM,58,
2026-03-30,05:03,REM,58,
2026-03-30,05:04,REM,58,
2026-03-30,05:05,REM,58,
2026-03-30,05:06,REM,58,
2026-03-30,05:07,REM,58,
2026-03-30,05:08,REM,58,
2026-03-30,05:09,REM,58,
2026-03-30,05:10,REM,58,
2026-03-30,05:11,REM,58,
2026-03-30,05:12,REM,58,
2026-03-30,05:13,REM,58,
2026-03-30,05:14,REM,59,
2026-03-30,05:15,REM,60,
2026-03-30,05:16,REM,62,
2026-03-30,05:17,REM,57,
2026-03-30,05:18,REM,57,
2026-03-30,05:19,REM,57,
2026-03-30,05:20,REM,57,
2026-03-30,05:21,REM,58,
2026-03-30,05:22,REM,58,
2026-03-30,05:23,LIGHT,58,
2026-03-30,05:24,LIGHT,67,
2026-03-30,05:25,LIGHT,65,
2026-03-30,05:26,LIGHT,57,
2026-03-30,05:27,LIGHT,57,
2026-03-30,05:28,LIGHT,57,
2026-03-30,05:29,LIGHT,57,
2026-03-30,05:30,LIGHT,62,
2026-03-30,05:31,LIGHT,58,
2026-03-30,05:32,LIGHT,57,
2026-03-30,05:33,LIGHT,57,
2026-03-30,05:34,LIGHT,57,
2026-03-30,05:35,LIGHT,57,
2026-03-30,05:36,LIGHT,57,
2026-03-30,05:37,LIGHT,58,
2026-03-30,05:38,LIGHT,57,
2026-03-30,05:39,LIGHT,67,
2026-03-30,05:40,LIGHT,59,
2026-03-30,05:41,LIGHT,55,
2026-03-30,05:42,LIGHT,55,
2026-03-30,05:43,LIGHT,54,
2026-03-30,05:44,LIGHT,55,
2026-03-30,05:45,LIGHT,56,
2026-03-30,05:46,LIGHT,56,
2026-03-30,05:47,LIGHT,56,
2026-03-30,05:48,LIGHT,56,
2026-03-30,05:49,LIGHT,56,
2026-03-30,05:50,LIGHT,56,
2026-03-30,05:51,LIGHT,56,
2026-03-30,05:52,LIGHT,57,
2026-03-30,05:53,LIGHT,57,
2026-03-30,05:54,LIGHT,57,
2026-03-30,05:55,LIGHT,57,
2026-03-30,05:56,LIGHT,56,
2026-03-30,05:57,LIGHT,56,
2026-03-30,05:58,LIGHT,56,
2026-03-30,05:59,LIGHT,61,
2026-03-30,06:00,LIGHT,58,
2026-03-30,06:01,LIGHT,58,
2026-03-30,06:02,LIGHT,60,
2026-03-30,06:03,LIGHT,60,
2026-03-30,06:04,LIGHT,63,
2026-03-30,06:05,LIGHT,64,
2026-03-30,06:06,LIGHT,66,
2026-03-30,06:07,LIGHT,65,
2026-03-30,06:08,LIGHT,65,
2026-03-30,06:09,LIGHT,69,
2026-03-30,06:10,LIGHT,63,
2026-03-30,06:11,LIGHT,59,
2026-03-30,06:12,LIGHT,59,
2026-03-30,06:13,LIGHT,60,
2026-03-30,06:14,DEEP,65,
2026-03-30,06:15,DEEP,57,
2026-03-30,06:16,DEEP,60,
2026-03-30,06:17,DEEP,62,
2026-03-30,06:18,DEEP,57,
2026-03-30,06:19,DEEP,61,
2026-03-30,06:20,DEEP,62,
2026-03-30,06:21,DEEP,63,
2026-03-30,06:22,DEEP,57,
2026-03-30,06:23,DEEP,61,
2026-03-30,06:24,DEEP,68,
2026-03-30,06:25,DEEP,62,
2026-03-30,06:26,DEEP,62,
2026-03-30,06:27,DEEP,58,
2026-03-30,06:28,DEEP,58,
2026-03-30,06:29,DEEP,63,
2026-03-30,06:30,DEEP,58,
2026-03-30,06:31,LIGHT,63,
2026-03-30,06:32,LIGHT,63,
2026-03-30,06:33,LIGHT,58,
2026-03-30,06:34,LIGHT,68,
2026-03-30,06:35,LIGHT,65,
2026-03-30,06:36,LIGHT,59,
2026-03-30,06:37,REM,58,
2026-03-30,06:38,REM,61,
2026-03-30,06:39,REM,60,
2026-03-30,06:40,REM,61,
2026-03-30,06:41,REM,60,
2026-03-30,06:42,REM,59,
2026-03-30,06:43,REM,59,
2026-03-30,06:44,REM,56,
2026-03-30,06:45,REM,62,
2026-03-30,06:46,REM,55,
2026-03-30,06:47,REM,54,
2026-03-30,06:48,REM,64,
2026-03-30,06:49,REM,71,
2026-03-30,06:50,REM,74,
2026-03-30,06:51,REM,64,
2026-03-30,06:52,REM,61,
2026-03-30,06:53,REM,61,
2026-03-30,06:54,REM,60,
2026-03-30,06:55,REM,60,
2026-03-30,06:56,REM,59,
2026-03-30,06:57,REM,59,
2026-03-30,06:58,REM,59,
2026-03-30,06:59,REM,65,
2026-03-30,07:00,REM,60,
2026-03-30,07:01,REM,59,
2026-03-30,07:02,REM,57,
2026-03-30,07:03,REM,57,
2026-03-30,07:04,REM,57,
2026-03-30,07:05,REM,57,
2026-03-30,07:06,REM,57,
2026-03-30,07:07,REM,57,
2026-03-30,07:08,REM,57,
2026-03-30,07:09,REM,58,
2026-03-30,07:10,REM,58,
2026-03-30,07:11,REM,58,
2026-03-30,07:12,REM,58,
2026-03-30,07:13,REM,58,
2026-03-30,07:14,REM,58,
2026-03-30,07:15,REM,58,
2026-03-30,07:16,REM,58,
2026-03-30,07:17,REM,58,
2026-03-30,07:18,REM,58,
2026-03-30,07:19,REM,58,
2026-03-30,07:20,REM,59,
2026-03-30,07:21,REM,59,
2026-03-30,07:22,REM,59,
2026-03-30,07:23,LIGHT,58,
2026-03-30,07:24,LIGHT,58,
2026-03-30,07:25,LIGHT,59,
2026-03-30,07:26,LIGHT,59,
2026-03-30,07:27,LIGHT,58,
2026-03-30,07:28,LIGHT,58,
2026-03-30,07:29,LIGHT,58,
2026-03-30,07:30,LIGHT,58,
2026-03-30,07:31,LIGHT,58,
2026-03-30,07:32,LIGHT,58,
2026-03-30,07:33,LIGHT,59,
2026-03-30,07:34,LIGHT,66,
2026-03-30,07:35,LIGHT,65,
2026-03-30,07:36,LIGHT,59,
2026-03-30,07:37,LIGHT,61,
2026-03-30,07:38,LIGHT,63,
2026-03-30,07:39,LIGHT,62,
2026-03-30,07:40,LIGHT,62,
2026-03-30,07:41,LIGHT,60,
2026-03-30,07:42,LIGHT,62,
2026-03-30,07:43,LIGHT,67,
2026-03-30,07:44,WAKE,75,
2026-03-30,07:45,WAKE,67,
2026-03-30,07:46,LIGHT,69,
2026-03-30,07:47,LIGHT,65,
2026-03-30,07:48,LIGHT,63,
2026-03-31,01:03,LIGHT,66,
2026-03-31,01:04,LIGHT,60,
2026-03-31,01:05,LIGHT,60,
2026-03-31,01:06,LIGHT,62,
2026-03-31,01:07,LIGHT,66,
2026-03-31,01:08,LIGHT,59,
2026-03-31,01:09,LIGHT,63,
2026-03-31,01:10,LIGHT,58,
2026-03-31,01:11,LIGHT,63,
2026-03-31,01:12,LIGHT,69,
2026-03-31,01:13,LIGHT,73,
2026-03-31,01:14,LIGHT,71,
2026-03-31,01:15,LIGHT,67,
2026-03-31,01:16,LIGHT,64,
2026-03-31,01:17,LIGHT,74,
2026-03-31,01:18,LIGHT,85,
2026-03-31,01:19,LIGHT,79,
2026-03-31,01:20,LIGHT,72,
2026-03-31,01:21,WAKE,65,
2026-03-31,01:22,LIGHT,70,
2026-03-31,01:23,LIGHT,64,
2026-03-31,01:24,LIGHT,64,
2026-03-31,01:25,LIGHT,61,
2026-03-31,01:26,LIGHT,61,
2026-03-31,01:27,LIGHT,59,
2026-03-31,01:28,LIGHT,59,
2026-03-31,01:29,LIGHT,59,
2026-03-31,01:30,LIGHT,59,
2026-03-31,01:31,LIGHT,59,
2026-03-31,01:32,LIGHT,59,
2026-03-31,01:33,WAKE,59,
2026-03-31,01:34,WAKE,59,
2026-03-31,01:35,WAKE,59,
2026-03-31,01:36,WAKE,61,
2026-03-31,01:37,WAKE,61,
2026-03-31,01:38,WAKE,61,
2026-03-31,01:39,WAKE,61,
2026-03-31,01:40,WAKE,60,
2026-03-31,01:41,LIGHT,60,
2026-03-31,01:42,LIGHT,62,
2026-03-31,01:43,LIGHT,59,
2026-03-31,01:44,LIGHT,59,
2026-03-31,01:45,LIGHT,59,
2026-03-31,01:46,LIGHT,59,
2026-03-31,01:47,LIGHT,59,
2026-03-31,01:48,LIGHT,59,
2026-03-31,01:49,LIGHT,60,
2026-03-31,01:50,LIGHT,60,
2026-03-31,01:51,LIGHT,60,
2026-03-31,01:52,LIGHT,59,
2026-03-31,01:53,LIGHT,59,
2026-03-31,01:54,LIGHT,59,
2026-03-31,01:55,LIGHT,59,
2026-03-31,01:56,LIGHT,60,
2026-03-31,01:57,LIGHT,60,
2026-03-31,01:58,LIGHT,66,
2026-03-31,01:59,LIGHT,59,
2026-03-31,02:00,LIGHT,59,
2026-03-31,02:01,LIGHT,59,
2026-03-31,02:02,LIGHT,59,
2026-03-31,02:03,LIGHT,57,
2026-03-31,02:04,DEEP,58,
2026-03-31,02:05,DEEP,59,
2026-03-31,02:06,DEEP,59,
2026-03-31,02:07,DEEP,59,
2026-03-31,02:08,DEEP,59,
2026-03-31,02:09,DEEP,60,
2026-03-31,02:10,DEEP,60,
2026-03-31,02:11,DEEP,60,
2026-03-31,02:12,DEEP,60,
2026-03-31,02:13,DEEP,60,
2026-03-31,02:14,DEEP,60,
2026-03-31,02:15,DEEP,60,
2026-03-31,02:16,DEEP,60,
2026-03-31,02:17,DEEP,60,
2026-03-31,02:18,DEEP,60,
2026-03-31,02:19,DEEP,60,
2026-03-31,02:20,DEEP,60,
2026-03-31,02:21,DEEP,60,
2026-03-31,02:22,DEEP,60,
2026-03-31,02:23,DEEP,60,
2026-03-31,02:24,DEEP,60,
2026-03-31,02:25,LIGHT,58,
2026-03-31,02:26,LIGHT,69,
2026-03-31,02:27,LIGHT,71,
2026-03-31,02:28,LIGHT,63,
2026-03-31,02:29,LIGHT,60,
2026-03-31,02:30,LIGHT,61,
2026-03-31,02:31,LIGHT,66,
2026-03-31,02:32,LIGHT,61,
2026-03-31,02:33,LIGHT,62,
2026-03-31,02:34,REM,62,
2026-03-31,02:35,REM,64,
2026-03-31,02:36,REM,66,
2026-03-31,02:37,REM,64,
2026-03-31,02:38,REM,64,
2026-03-31,02:39,REM,59,
2026-03-31,02:40,REM,61,
2026-03-31,02:41,REM,67,
2026-03-31,02:42,REM,66,
2026-03-31,02:43,REM,63,
2026-03-31,02:44,REM,68,
2026-03-31,02:45,REM,67,
2026-03-31,02:46,REM,66,
2026-03-31,02:47,REM,70,
2026-03-31,02:48,REM,70,
2026-03-31,02:49,REM,72,
2026-03-31,02:50,REM,64,
2026-03-31,02:51,REM,62,
2026-03-31,02:52,REM,61,
2026-03-31,02:53,REM,61,
2026-03-31,02:54,REM,61,
2026-03-31,02:55,REM,61,
2026-03-31,02:56,REM,62,
2026-03-31,02:57,REM,62,
2026-03-31,02:58,REM,62,
2026-03-31,02:59,REM,63,
2026-03-31,03:00,REM,65,
2026-03-31,03:01,REM,60,
2026-03-31,03:02,LIGHT,60,
2026-03-31,03:03,LIGHT,60,
2026-03-31,03:04,LIGHT,60,
2026-03-31,03:05,LIGHT,60,
2026-03-31,03:06,LIGHT,60,
2026-03-31,03:07,LIGHT,63,
2026-03-31,03:08,LIGHT,65,
2026-03-31,03:09,LIGHT,66,
2026-03-31,03:10,LIGHT,59,
2026-03-31,03:11,LIGHT,58,
2026-03-31,03:12,LIGHT,58,
2026-03-31,03:13,LIGHT,58,
2026-03-31,03:14,LIGHT,58,
2026-03-31,03:15,LIGHT,58,
2026-03-31,03:16,LIGHT,58,
2026-03-31,03:17,LIGHT,58,
2026-03-31,03:18,LIGHT,58,
2026-03-31,03:19,LIGHT,58,
2026-03-31,03:20,LIGHT,58,
2026-03-31,03:21,LIGHT,58,
2026-03-31,03:22,LIGHT,58,
2026-03-31,03:23,LIGHT,58,
2026-03-31,03:24,LIGHT,58,
2026-03-31,03:25,LIGHT,58,
2026-03-31,03:26,LIGHT,57,
2026-03-31,03:27,LIGHT,57,
2026-03-31,03:28,LIGHT,58,
2026-03-31,03:29,LIGHT,60,
2026-03-31,03:30,LIGHT,64,
2026-03-31,03:31,LIGHT,58,
2026-03-31,03:32,LIGHT,58,
2026-03-31,03:33,LIGHT,58,
2026-03-31,03:34,LIGHT,58,
2026-03-31,03:35,LIGHT,61,
2026-03-31,03:36,LIGHT,56,
2026-03-31,03:37,LIGHT,56,
2026-03-31,03:38,LIGHT,56,
2026-03-31,03:39,LIGHT,56,
2026-03-31,03:40,LIGHT,56,
2026-03-31,03:41,LIGHT,64,
2026-03-31,03:42,LIGHT,65,
2026-03-31,03:43,LIGHT,59,
2026-03-31,03:44,LIGHT,59,
2026-03-31,03:45,DEEP,60,
2026-03-31,03:46,DEEP,61,
2026-03-31,03:47,DEEP,62,
2026-03-31,03:48,DEEP,64,
2026-03-31,03:49,DEEP,66,
2026-03-31,03:50,DEEP,66,
2026-03-31,03:51,DEEP,65,
2026-03-31,03:52,DEEP,65,
2026-03-31,03:53,DEEP,58,
2026-03-31,03:54,DEEP,60,
2026-03-31,03:55,DEEP,65,
2026-03-31,03:56,DEEP,59,
2026-03-31,03:57,DEEP,59,
2026-03-31,03:58,DEEP,60,
2026-03-31,03:59,DEEP,59,
2026-03-31,04:00,DEEP,69,
2026-03-31,04:01,DEEP,70,
2026-03-31,04:02,DEEP,70,
2026-03-31,04:03,DEEP,66,
2026-03-31,04:04,DEEP,60,
2026-03-31,04:05,DEEP,60,
2026-03-31,04:06,DEEP,60,
2026-03-31,04:07,DEEP,59,
2026-03-31,04:08,DEEP,58,
2026-03-31,04:09,DEEP,63,
2026-03-31,04:10,DEEP,63,
2026-03-31,04:11,DEEP,66,
2026-03-31,04:12,DEEP,60,
2026-03-31,04:13,DEEP,57,
2026-03-31,04:14,DEEP,57,
2026-03-31,04:15,DEEP,57,
2026-03-31,04:16,DEEP,56,
2026-03-31,04:17,LIGHT,56,
2026-03-31,04:18,LIGHT,59,
2026-03-31,04:19,LIGHT,60,
2026-03-31,04:20,LIGHT,57,
2026-03-31,04:21,LIGHT,56,
2026-03-31,04:22,LIGHT,56,
2026-03-31,04:23,LIGHT,56,
2026-03-31,04:24,LIGHT,56,
2026-03-31,04:25,REM,58,
2026-03-31,04:26,REM,56,
2026-03-31,04:27,REM,56,
2026-03-31,04:28,REM,57,
2026-03-31,04:29,REM,57,
2026-03-31,04:30,REM,58,
2026-03-31,04:31,REM,58,
2026-03-31,04:32,REM,58,
2026-03-31,04:33,REM,58,
2026-03-31,04:34,REM,58,
2026-03-31,04:35,REM,58,
2026-03-31,04:36,REM,58,
2026-03-31,04:37,REM,57,
2026-03-31,04:38,REM,57,
2026-03-31,04:39,LIGHT,57,
2026-03-31,04:40,LIGHT,57,
2026-03-31,04:41,LIGHT,57,
2026-03-31,04:42,WAKE,57,
2026-03-31,04:43,LIGHT,57,
2026-03-31,04:44,LIGHT,57,
2026-03-31,04:45,LIGHT,63,
2026-03-31,04:46,REM,58,
2026-03-31,04:47,REM,57,
2026-03-31,04:48,LIGHT,57,
2026-03-31,04:49,LIGHT,57,
2026-03-31,04:50,LIGHT,57,
2026-03-31,04:51,LIGHT,58,
2026-03-31,04:52,LIGHT,58,
2026-03-31,04:53,LIGHT,58,
2026-03-31,04:54,WAKE,58,
2026-03-31,04:55,LIGHT,58,
2026-03-31,04:56,LIGHT,57,
2026-03-31,04:57,LIGHT,57,
2026-03-31,04:58,LIGHT,57,
2026-03-31,04:59,LIGHT,58,
2026-03-31,05:00,LIGHT,58,
2026-03-31,05:01,LIGHT,58,
2026-03-31,05:02,LIGHT,58,
2026-03-31,05:03,LIGHT,57,
2026-03-31,05:04,LIGHT,57,
2026-03-31,05:05,LIGHT,57,
2026-03-31,05:06,LIGHT,57,
2026-03-31,05:07,LIGHT,57,
2026-03-31,05:08,LIGHT,57,
2026-03-31,05:09,LIGHT,65,
2026-03-31,05:10,LIGHT,59,
2026-03-31,05:11,LIGHT,55,
2026-03-31,05:12,LIGHT,54,
2026-03-31,05:13,LIGHT,54,
2026-03-31,05:14,LIGHT,54,
2026-03-31,05:15,LIGHT,55,
2026-03-31,05:16,LIGHT,55,
2026-03-31,05:17,LIGHT,55,
2026-03-31,05:18,LIGHT,59,
2026-03-31,05:19,LIGHT,62,
2026-03-31,05:20,LIGHT,56,
2026-03-31,05:21,LIGHT,58,
2026-03-31,05:22,LIGHT,55,
2026-03-31,05:23,LIGHT,61,
2026-03-31,05:24,LIGHT,63,
2026-03-31,05:25,LIGHT,64,
2026-03-31,05:26,LIGHT,63,
2026-03-31,05:27,LIGHT,64,
2026-03-31,05:28,LIGHT,62,
2026-03-31,05:29,LIGHT,59,
2026-03-31,05:30,LIGHT,58,
2026-03-31,05:31,LIGHT,58,
2026-03-31,05:32,LIGHT,57,
2026-03-31,05:33,LIGHT,57,
2026-03-31,05:34,LIGHT,62,
2026-03-31,05:35,LIGHT,62,
2026-03-31,05:36,LIGHT,59,
2026-03-31,05:37,LIGHT,65,
2026-03-31,05:38,LIGHT,65,
2026-03-31,05:39,LIGHT,70,
2026-03-31,05:40,LIGHT,63,
2026-03-31,05:41,LIGHT,60,
2026-03-31,05:42,LIGHT,61,
2026-03-31,05:43,LIGHT,62,
2026-03-31,05:44,LIGHT,60,
2026-03-31,05:45,LIGHT,57,
2026-03-31,05:46,LIGHT,59,
2026-03-31,05:47,LIGHT,59,
2026-03-31,05:48,LIGHT,59,
2026-03-31,05:49,DEEP,64,
2026-03-31,05:50,DEEP,59,
2026-03-31,05:51,DEEP,60,
2026-03-31,05:52,DEEP,57,
2026-03-31,05:53,DEEP,57,
2026-03-31,05:54,DEEP,58,
2026-03-31,05:55,DEEP,58,
2026-03-31,05:56,DEEP,58,
2026-03-31,05:57,DEEP,58,
2026-03-31,05:58,DEEP,63,
2026-03-31,05:59,LIGHT,59,
2026-03-31,06:00,LIGHT,58,
2026-03-31,06:01,LIGHT,58,
2026-03-31,06:02,LIGHT,60,
2026-03-31,06:03,REM,57,
2026-03-31,06:04,REM,57,
2026-03-31,06:05,REM,57,
2026-03-31,06:06,REM,57,
2026-03-31,06:07,REM,57,
2026-03-31,06:08,REM,57,
2026-03-31,06:09,REM,57,
2026-03-31,06:10,REM,57,
2026-03-31,06:11,REM,58,
2026-03-31,06:12,REM,58,
2026-03-31,06:13,REM,58,
2026-03-31,06:14,REM,59,
2026-03-31,06:15,REM,59,
2026-03-31,06:16,REM,59,
2026-03-31,06:17,REM,59,
2026-03-31,06:18,REM,59,
2026-03-31,06:19,REM,58,
2026-03-31,06:20,REM,58,
2026-03-31,06:21,REM,58,
2026-03-31,06:22,REM,58,
2026-03-31,06:23,REM,58,
2026-03-31,06:24,REM,58,
2026-03-31,06:25,REM,58,
2026-03-31,06:26,REM,58,
2026-03-31,06:27,REM,58,
2026-03-31,06:28,REM,58,
2026-03-31,06:29,REM,58,
2026-03-31,06:30,REM,58,
2026-03-31,06:31,REM,58,
2026-03-31,06:32,REM,58,
2026-03-31,06:33,LIGHT,58,
2026-03-31,06:34,LIGHT,58,
2026-03-31,06:35,LIGHT,58,
2026-03-31,06:36,WAKE,58,
2026-03-31,06:37,LIGHT,59,
2026-03-31,06:38,LIGHT,58,
2026-03-31,06:39,LIGHT,58,
2026-03-31,06:40,LIGHT,58,
2026-03-31,06:41,LIGHT,58,
2026-03-31,06:42,LIGHT,58,
2026-03-31,06:43,LIGHT,58,
2026-03-31,06:44,LIGHT,58,
2026-03-31,06:45,LIGHT,58,
2026-03-31,06:46,LIGHT,58,
2026-03-31,06:47,LIGHT,58,
2026-03-31,06:48,LIGHT,58,
2026-03-31,06:49,LIGHT,58,
2026-03-31,06:50,LIGHT,58,
2026-03-31,06:51,LIGHT,57,
2026-03-31,06:52,LIGHT,57,
2026-03-31,06:53,LIGHT,57,
2026-03-31,06:54,LIGHT,57,
2026-03-31,06:55,LIGHT,64,
2026-03-31,06:56,LIGHT,66,
2026-03-31,06:57,LIGHT,64,
2026-03-31,06:58,LIGHT,65,
2026-03-31,06:59,LIGHT,57,
2026-03-31,07:00,LIGHT,56,
2026-03-31,07:01,LIGHT,62,
2026-03-31,07:02,LIGHT,56,
2026-03-31,07:03,LIGHT,56,
2026-03-31,07:04,LIGHT,63,
2026-03-31,07:05,LIGHT,61,
2026-03-31,07:06,LIGHT,58,
2026-03-31,07:07,LIGHT,65,
2026-03-31,07:08,LIGHT,66,
2026-03-31,07:09,LIGHT,60,
2026-03-31,07:10,LIGHT,62,
2026-03-31,07:11,LIGHT,64,
2026-03-31,07:12,LIGHT,58,
2026-03-31,07:13,LIGHT,63,
2026-03-31,07:14,LIGHT,60,
2026-03-31,07:15,LIGHT,59,
2026-03-31,07:16,LIGHT,64,
2026-03-31,07:17,LIGHT,62,
2026-03-31,07:18,LIGHT,60,
2026-03-31,07:19,LIGHT,59,
2026-03-31,07:20,DEEP,65,
2026-03-31,07:21,DEEP,57,
2026-03-31,07:22,DEEP,59,
2026-03-31,07:23,DEEP,65,
2026-03-31,07:24,DEEP,65,
2026-03-31,07:25,DEEP,66,
2026-03-31,07:26,DEEP,66,
2026-03-31,07:27,DEEP,64,
2026-03-31,07:28,DEEP,71,
2026-03-31,07:29,DEEP,61,
2026-03-31,07:30,DEEP,62,
2026-03-31,07:31,DEEP,64,
2026-03-31,07:32,DEEP,63,
2026-03-31,07:33,DEEP,70,
2026-03-31,07:34,DEEP,63,
2026-03-31,07:35,LIGHT,58,
2026-03-31,07:36,LIGHT,52,
2026-03-31,07:37,LIGHT,56,
2026-03-31,07:38,LIGHT,56,
2026-03-31,07:39,LIGHT,63,
2026-03-31,07:40,LIGHT,65,
2026-03-31,07:41,REM,61,
2026-03-31,07:42,REM,61,
2026-03-31,07:43,REM,69,
2026-03-31,07:44,REM,61,
2026-03-31,07:45,REM,57,
2026-03-31,07:46,REM,56,
2026-03-31,07:47,REM,55,
2026-03-31,07:48,REM,55,
2026-03-31,07:49,REM,57,
2026-03-31,07:50,REM,61,
2026-03-31,07:51,REM,63,
2026-03-31,07:52,REM,60,
2026-03-31,07:53,REM,64,
2026-03-31,07:54,REM,58,
2026-03-31,07:55,REM,58,
2026-03-31,07:56,REM,58,
2026-03-31,07:57,LIGHT,57,
2026-03-31,07:58,LIGHT,57,
2026-03-31,07:59,LIGHT,61,
2026-03-31,08:00,LIGHT,58,
2026-03-31,08:01,LIGHT,57,
2026-03-31,08:02,LIGHT,57,
2026-03-31,08:03,LIGHT,57,
2026-03-31,08:04,LIGHT,57,
2026-03-31,08:05,LIGHT,57,
2026-03-31,08:06,LIGHT,69,
2026-03-31,08:07,LIGHT,79,
2026-03-31,08:08,LIGHT,82,
2026-03-31,08:09,LIGHT,90,
2026-03-31,08:10,LIGHT,90,
2026-03-31,08:11,LIGHT,82,
2026-03-31,08:12,LIGHT,79,
2026-03-31,08:13,LIGHT,74,
2026-03-31,08:14,LIGHT,73,
2026-03-31,08:15,LIGHT,80,
2026-03-31,08:16,LIGHT,89,
2026-03-31,08:17,LIGHT,92,
2026-03-31,08:18,LIGHT,91,
2026-03-31,08:19,LIGHT,84,
2026-03-31,08:20,LIGHT,76,
2026-03-31,08:21,LIGHT,80,
2026-03-31,08:22,LIGHT,84,
2026-03-31,08:23,LIGHT,86,
2026-03-31,08:24,LIGHT,84,
2026-03-31,08:25,LIGHT,86,
2026-03-31,08:26,LIGHT,86,
2026-03-31,08:27,LIGHT,93,
2026-03-31,08:28,LIGHT,90,
2026-03-31,08:29,LIGHT,80,
2026-03-31,08:30,LIGHT,77,
2026-03-31,08:31,LIGHT,80,
2026-03-31,08:32,LIGHT,79,
2026-03-31,08:33,LIGHT,82,
2026-03-31,08:34,LIGHT,81,
2026-03-31,08:35,LIGHT,81,
2026-03-31,08:36,LIGHT,75,
2026-03-31,08:37,LIGHT,74,
2026-03-31,08:38,LIGHT,75,
2026-03-31,08:39,LIGHT,77,
2026-03-31,08:40,LIGHT,79,
2026-03-31,08:41,LIGHT,82,
2026-03-31,08:42,LIGHT,84,
2026-03-31,08:43,LIGHT,86,
2026-03-31,08:44,LIGHT,81,
2026-03-31,08:45,LIGHT,77,
2026-03-31,08:46,REM,78,
2026-03-31,08:47,REM,76,
2026-03-31,08:48,REM,71,
2026-03-31,08:49,REM,67,
2026-03-31,08:50,REM,65,
2026-03-31,08:51,REM,66,
2026-03-31,08:52,REM,68,
2026-03-31,08:53,REM,65,
2026-03-31,08:54,REM,72,
2026-03-31,08:55,REM,77,
2026-03-31,08:56,REM,80,
2026-03-31,08:57,LIGHT,82,
2026-03-31,08:58,LIGHT,82,
2026-03-31,08:59,LIGHT,79,
2026-03-31,09:00,LIGHT,79,
2026-03-31,09:01,LIGHT,79,
2026-04-01,00:21,LIGHT,,
2026-04-01,00:22,LIGHT,,
2026-04-01,00:23,LIGHT,,
2026-04-01,00:24,LIGHT,,
2026-04-01,00:25,WAKE,,
2026-04-01,00:26,LIGHT,,
2026-04-01,00:27,LIGHT,,
2026-04-01,00:28,LIGHT,,
2026-04-01,00:29,LIGHT,,
2026-04-01,00:30,LIGHT,,
2026-04-01,00:31,LIGHT,,
2026-04-01,00:32,LIGHT,,
2026-04-01,00:33,LIGHT,,
2026-04-01,00:34,LIGHT,,
2026-04-01,00:35,LIGHT,,
2026-04-01,00:36,LIGHT,,
2026-04-01,00:37,LIGHT,,
2026-04-01,00:38,LIGHT,,
2026-04-01,00:39,LIGHT,,
2026-04-01,00:40,LIGHT,,
2026-04-01,00:41,LIGHT,,
2026-04-01,00:42,LIGHT,,
2026-04-01,00:43,LIGHT,,
2026-04-01,00:44,LIGHT,,
2026-04-01,00:45,LIGHT,,
2026-04-01,00:46,LIGHT,,
2026-04-01,00:47,LIGHT,,
2026-04-01,00:48,LIGHT,,
2026-04-01,00:49,DEEP,,
2026-04-01,00:50,DEEP,,
2026-04-01,00:51,DEEP,,
2026-04-01,00:52,DEEP,,
2026-04-01,00:53,DEEP,,
2026-04-01,00:54,DEEP,,
2026-04-01,00:55,LIGHT,,
2026-04-01,00:56,LIGHT,,
2026-04-01,00:57,LIGHT,,
2026-04-01,00:58,WAKE,,
2026-04-01,00:59,LIGHT,,
2026-04-01,01:00,LIGHT,,
2026-04-01,01:01,LIGHT,,
2026-04-01,01:02,LIGHT,,
2026-04-01,01:03,LIGHT,,
2026-04-01,01:04,LIGHT,,
2026-04-01,01:05,LIGHT,,
2026-04-01,01:06,LIGHT,,
2026-04-01,01:07,LIGHT,,
2026-04-01,01:08,LIGHT,,
2026-04-01,01:09,LIGHT,,
2026-04-01,01:10,LIGHT,,
2026-04-01,01:11,LIGHT,,
2026-04-01,01:12,WAKE,,
2026-04-01,01:13,WAKE,,
2026-04-01,01:14,WAKE,,
2026-04-01,01:15,WAKE,,
2026-04-01,01:16,WAKE,,
2026-04-01,01:17,WAKE,,
2026-04-01,01:18,WAKE,,
2026-04-01,01:19,WAKE,,
2026-04-01,01:20,WAKE,,
2026-04-01,01:21,WAKE,,
2026-04-01,01:22,WAKE,,
2026-04-01,01:23,WAKE,,
2026-04-01,01:24,WAKE,,
2026-04-01,01:25,WAKE,,
2026-04-01,01:26,WAKE,,
2026-04-01,01:27,LIGHT,,
2026-04-01,01:28,LIGHT,96,
2026-04-01,01:29,LIGHT,89,
2026-04-01,01:30,LIGHT,83,
2026-04-01,01:31,LIGHT,80,
2026-04-01,01:32,LIGHT,83,
2026-04-01,01:33,LIGHT,92,
2026-04-01,01:34,LIGHT,87,
2026-04-01,01:35,LIGHT,87,
2026-04-01,01:36,LIGHT,90,
2026-04-01,01:37,LIGHT,87,
2026-04-01,01:38,DEEP,84,
2026-04-01,01:39,DEEP,84,
2026-04-01,01:40,DEEP,87,
2026-04-01,01:41,DEEP,89,
2026-04-01,01:42,DEEP,86,
2026-04-01,01:43,DEEP,83,
2026-04-01,01:44,DEEP,78,
2026-04-01,01:45,DEEP,78,
2026-04-01,01:46,DEEP,78,
2026-04-01,01:47,DEEP,80,
2026-04-01,01:48,DEEP,76,
2026-04-01,01:49,DEEP,75,
2026-04-01,01:50,DEEP,73,
2026-04-01,01:51,DEEP,74,
2026-04-01,01:52,DEEP,74,
2026-04-01,01:53,DEEP,74,
2026-04-01,01:54,DEEP,75,
2026-04-01,01:55,DEEP,75,
2026-04-01,01:56,DEEP,73,
2026-04-01,01:57,DEEP,73,
2026-04-01,01:58,DEEP,73,
2026-04-01,01:59,LIGHT,73,
2026-04-01,02:00,LIGHT,73,
2026-04-01,02:01,LIGHT,74,
2026-04-01,02:02,LIGHT,75,
2026-04-01,02:03,LIGHT,75,
2026-04-01,02:04,LIGHT,75,
2026-04-01,02:05,DEEP,75,
2026-04-01,02:06,DEEP,75,
2026-04-01,02:07,DEEP,75,
2026-04-01,02:08,DEEP,75,
2026-04-01,02:09,DEEP,75,
2026-04-01,02:10,DEEP,75,
2026-04-01,02:11,DEEP,75,
2026-04-01,02:12,DEEP,75,
2026-04-01,02:13,DEEP,75,
2026-04-01,02:14,DEEP,75,
2026-04-01,02:15,DEEP,75,
2026-04-01,02:16,DEEP,75,
2026-04-01,02:17,DEEP,74,
2026-04-01,02:18,DEEP,81,
2026-04-01,02:19,DEEP,75,
2026-04-01,02:20,DEEP,73,
2026-04-01,02:21,DEEP,73,
2026-04-01,02:22,DEEP,73,
2026-04-01,02:23,DEEP,73,
2026-04-01,02:24,DEEP,73,
2026-04-01,02:25,DEEP,73,
2026-04-01,02:26,DEEP,74,
2026-04-01,02:27,DEEP,74,
2026-04-01,02:28,LIGHT,74,
2026-04-01,02:29,LIGHT,74,
2026-04-01,02:30,LIGHT,74,
2026-04-01,02:31,LIGHT,74,
2026-04-01,02:32,LIGHT,74,
2026-04-01,02:33,LIGHT,75,
2026-04-01,02:34,LIGHT,74,
2026-04-01,02:35,LIGHT,74,
2026-04-01,02:36,REM,74,
2026-04-01,02:37,REM,74,
2026-04-01,02:38,REM,74,
2026-04-01,02:39,REM,74,
2026-04-01,02:40,REM,74,
2026-04-01,02:41,REM,74,
2026-04-01,02:42,REM,74,
2026-04-01,02:43,REM,74,
2026-04-01,02:44,REM,78,
2026-04-01,02:45,REM,78,
2026-04-01,02:46,REM,74,
2026-04-01,02:47,REM,79,
2026-04-01,02:48,REM,84,
2026-04-01,02:49,REM,81,
2026-04-01,02:50,REM,78,
2026-04-01,02:51,LIGHT,79,
2026-04-01,02:52,LIGHT,78,
2026-04-01,02:53,LIGHT,78,
2026-04-01,02:54,LIGHT,79,
2026-04-01,02:55,LIGHT,80,
2026-04-01,02:56,LIGHT,82,
2026-04-01,02:57,LIGHT,80,
2026-04-01,02:58,LIGHT,82,
2026-04-01,02:59,LIGHT,82,
2026-04-01,03:00,LIGHT,82,
2026-04-01,03:01,LIGHT,82,
2026-04-01,03:02,LIGHT,82,
2026-04-01,03:03,LIGHT,82,
2026-04-01,03:04,LIGHT,81,
2026-04-01,03:05,LIGHT,81,
2026-04-01,03:06,LIGHT,81,
2026-04-01,03:07,LIGHT,83,
2026-04-01,03:08,LIGHT,83,
2026-04-01,03:09,LIGHT,88,
2026-04-01,03:10,LIGHT,80,
2026-04-01,03:11,LIGHT,76,
2026-04-01,03:12,LIGHT,76,
2026-04-01,03:13,LIGHT,78,
2026-04-01,03:14,LIGHT,85,
2026-04-01,03:15,LIGHT,74,
2026-04-01,03:16,LIGHT,74,
2026-04-01,03:17,LIGHT,74,
2026-04-01,03:18,LIGHT,75,
2026-04-01,03:19,LIGHT,75,
2026-04-01,03:20,LIGHT,74,
2026-04-01,03:21,LIGHT,74,
2026-04-01,03:22,LIGHT,74,
2026-04-01,03:23,DEEP,74,
2026-04-01,03:24,DEEP,75,
2026-04-01,03:25,DEEP,75,
2026-04-01,03:26,DEEP,75,
2026-04-01,03:27,DEEP,75,
2026-04-01,03:28,DEEP,75,
2026-04-01,03:29,DEEP,76,
2026-04-01,03:30,DEEP,75,
2026-04-01,03:31,LIGHT,75,
2026-04-01,03:32,LIGHT,75,
2026-04-01,03:33,LIGHT,75,
2026-04-01,03:34,LIGHT,75,
2026-04-01,03:35,LIGHT,75,
2026-04-01,03:36,LIGHT,75,
2026-04-01,03:37,LIGHT,85,
2026-04-01,03:38,LIGHT,75,
2026-04-01,03:39,LIGHT,73,
2026-04-01,03:40,LIGHT,73,
2026-04-01,03:41,LIGHT,73,
2026-04-01,03:42,LIGHT,73,
2026-04-01,03:43,LIGHT,73,
2026-04-01,03:44,LIGHT,73,
2026-04-01,03:45,LIGHT,72,
2026-04-01,03:46,LIGHT,71,
2026-04-01,03:47,REM,71,
2026-04-01,03:48,REM,71,
2026-04-01,03:49,REM,70,
2026-04-01,03:50,REM,70,
2026-04-01,03:51,REM,70,
2026-04-01,03:52,REM,70,
2026-04-01,03:53,REM,70,
2026-04-01,03:54,REM,70,
2026-04-01,03:55,REM,70,
2026-04-01,03:56,REM,70,
2026-04-01,03:57,REM,69,
2026-04-01,03:58,REM,69,
2026-04-01,03:59,REM,69,
2026-04-01,04:00,REM,69,
2026-04-01,04:01,REM,70,
2026-04-01,04:02,REM,75,
2026-04-01,04:03,REM,67,
2026-04-01,04:04,REM,66,
2026-04-01,04:05,REM,66,
2026-04-01,04:06,REM,66,
2026-04-01,04:07,REM,66,
2026-04-01,04:08,REM,67,
2026-04-01,04:09,REM,68,
2026-04-01,04:10,REM,68,
2026-04-01,04:11,REM,68,
2026-04-01,04:12,REM,68,
2026-04-01,04:13,REM,68,
2026-04-01,04:14,LIGHT,68,
2026-04-01,04:15,LIGHT,67,
2026-04-01,04:16,LIGHT,68,
2026-04-01,04:17,LIGHT,68,
2026-04-01,04:18,LIGHT,68,
2026-04-01,04:19,LIGHT,68,
2026-04-01,04:20,LIGHT,73,
2026-04-01,04:21,LIGHT,72,
2026-04-01,04:22,LIGHT,67,
2026-04-01,04:23,LIGHT,71,
2026-04-01,04:24,LIGHT,73,
2026-04-01,04:25,LIGHT,78,
2026-04-01,04:26,LIGHT,79,
2026-04-01,04:27,LIGHT,73,
2026-04-01,04:28,LIGHT,75,
2026-04-01,04:29,LIGHT,75,
2026-04-01,04:30,LIGHT,74,
2026-04-01,04:31,LIGHT,77,
2026-04-01,04:32,LIGHT,77,
2026-04-01,04:33,LIGHT,73,
2026-04-01,04:34,LIGHT,74,
2026-04-01,04:35,LIGHT,72,
2026-04-01,04:36,LIGHT,71,
2026-04-01,04:37,LIGHT,68,
2026-04-01,04:38,LIGHT,70,
2026-04-01,04:39,LIGHT,72,
2026-04-01,04:40,LIGHT,66,
2026-04-01,04:41,LIGHT,63,
2026-04-01,04:42,LIGHT,68,
2026-04-01,04:43,LIGHT,70,
2026-04-01,04:44,LIGHT,72,
2026-04-01,04:45,LIGHT,69,
2026-04-01,04:46,LIGHT,68,
2026-04-01,04:47,LIGHT,67,
2026-04-01,04:48,LIGHT,70,
2026-04-01,04:49,LIGHT,68,
2026-04-01,04:50,LIGHT,64,
2026-04-01,04:51,LIGHT,66,
2026-04-01,04:52,LIGHT,69,
2026-04-01,04:53,LIGHT,71,
2026-04-01,04:54,LIGHT,68,
2026-04-01,04:55,LIGHT,68,
2026-04-01,04:56,DEEP,68,
2026-04-01,04:57,DEEP,68,
2026-04-01,04:58,DEEP,68,
2026-04-01,04:59,DEEP,68,
2026-04-01,05:00,DEEP,68,
2026-04-01,05:01,DEEP,68,
2026-04-01,05:02,DEEP,68,
2026-04-01,05:03,DEEP,68,
2026-04-01,05:04,DEEP,68,
2026-04-01,05:05,DEEP,68,
2026-04-01,05:06,DEEP,68,
2026-04-01,05:07,DEEP,68,
2026-04-01,05:08,DEEP,68,
2026-04-01,05:09,DEEP,68,
2026-04-01,05:10,LIGHT,68,
2026-04-01,05:11,LIGHT,68,
2026-04-01,05:12,LIGHT,68,
2026-04-01,05:13,LIGHT,68,
2026-04-01,05:14,LIGHT,68,
2026-04-01,05:15,LIGHT,68,
2026-04-01,05:16,LIGHT,68,
2026-04-01,05:17,LIGHT,68,
2026-04-01,05:18,LIGHT,68,
2026-04-01,05:19,LIGHT,67,
2026-04-01,05:20,LIGHT,68,
2026-04-01,05:21,LIGHT,68,
2026-04-01,05:22,LIGHT,67,
2026-04-01,05:23,LIGHT,67,
2026-04-01,05:24,REM,67,
2026-04-01,05:25,REM,67,
2026-04-01,05:26,REM,67,
2026-04-01,05:27,REM,67,
2026-04-01,05:28,REM,67,
2026-04-01,05:29,REM,66,
2026-04-01,05:30,REM,66,
2026-04-01,05:31,REM,66,
2026-04-01,05:32,REM,66,
2026-04-01,05:33,REM,65,
2026-04-01,05:34,REM,75,
2026-04-01,05:35,REM,69,
2026-04-01,05:36,REM,63,
2026-04-01,05:37,REM,63,
2026-04-01,05:38,REM,63,
2026-04-01,05:39,REM,63,
2026-04-01,05:40,REM,63,
2026-04-01,05:41,REM,63,
2026-04-01,05:42,REM,63,
2026-04-01,05:43,REM,63,
2026-04-01,05:44,REM,63,
2026-04-01,05:45,REM,68,
2026-04-01,05:46,REM,61,
2026-04-01,05:47,REM,60,
2026-04-01,05:48,REM,61,
2026-04-01,05:49,REM,61,
2026-04-01,05:50,REM,63,
2026-04-01,05:51,REM,67,
2026-04-01,05:52,REM,64,
2026-04-01,05:53,REM,62,
2026-04-01,05:54,REM,64,
2026-04-01,05:55,REM,66,
2026-04-01,05:56,REM,68,
2026-04-01,05:57,REM,68,
2026-04-01,05:58,REM,65,
2026-04-01,05:59,REM,64,
2026-04-01,06:00,REM,71,
2026-04-01,06:01,LIGHT,66,
2026-04-01,06:02,LIGHT,67,
2026-04-01,06:03,LIGHT,67,
2026-04-01,06:04,LIGHT,65,
2026-04-01,06:05,LIGHT,67,
2026-04-01,06:06,LIGHT,66,
2026-04-01,06:07,LIGHT,71,
2026-04-01,06:08,LIGHT,65,
2026-04-01,06:09,LIGHT,62,
2026-04-01,06:10,LIGHT,64,
2026-04-01,06:11,LIGHT,65,
2026-04-01,06:12,LIGHT,67,
2026-04-01,06:13,LIGHT,69,
2026-04-01,06:14,LIGHT,64,
2026-04-01,06:15,LIGHT,62,
2026-04-01,06:16,LIGHT,66,
2026-04-01,06:17,LIGHT,62,
2026-04-01,06:18,LIGHT,62,
2026-04-01,06:19,LIGHT,62,
2026-04-01,06:20,LIGHT,62,
2026-04-01,06:21,LIGHT,71,
2026-04-01,06:22,LIGHT,63,
2026-04-01,06:23,LIGHT,68,
2026-04-01,06:24,LIGHT,60,
2026-04-01,06:25,LIGHT,58,
2026-04-01,06:26,DEEP,58,
2026-04-01,06:27,DEEP,58,
2026-04-01,06:28,DEEP,58,
2026-04-01,06:29,DEEP,59,
2026-04-01,06:30,DEEP,60,
2026-04-01,06:31,DEEP,60,
2026-04-01,06:32,DEEP,60,
2026-04-01,06:33,DEEP,60,
2026-04-01,06:34,DEEP,60,
2026-04-01,06:35,DEEP,60,
2026-04-01,06:36,DEEP,61,
2026-04-01,06:37,DEEP,61,
2026-04-01,06:38,DEEP,60,
2026-04-01,06:39,DEEP,59,
2026-04-01,06:40,DEEP,60,
2026-04-01,06:41,DEEP,61,
2026-04-01,06:42,DEEP,61,
2026-04-01,06:43,DEEP,61,
2026-04-01,06:44,DEEP,61,
2026-04-01,06:45,DEEP,61,
2026-04-01,06:46,DEEP,65,
2026-04-01,06:47,DEEP,58,
2026-04-01,06:48,DEEP,57,
2026-04-01,06:49,DEEP,56,
2026-04-01,06:50,DEEP,56,
2026-04-01,06:51,DEEP,56,
2026-04-01,06:52,DEEP,56,
2026-04-01,06:53,DEEP,56,
2026-04-01,06:54,DEEP,56,
2026-04-01,06:55,DEEP,57,
2026-04-01,06:56,DEEP,57,
2026-04-01,06:57,LIGHT,57,
2026-04-01,06:58,LIGHT,57,
2026-04-01,06:59,LIGHT,57,
2026-04-01,07:00,LIGHT,57,
2026-04-01,07:01,LIGHT,57,
2026-04-01,07:02,LIGHT,57,
2026-04-01,07:03,LIGHT,57,
2026-04-01,07:04,LIGHT,57,
2026-04-01,07:05,REM,57,
2026-04-01,07:06,REM,59,
2026-04-01,07:07,REM,58,
2026-04-01,07:08,REM,57,
2026-04-01,07:09,REM,56,
2026-04-01,07:10,REM,64,
2026-04-01,07:11,REM,58,
2026-04-01,07:12,REM,58,
2026-04-01,07:13,REM,61,
2026-04-01,07:14,REM,68,
2026-04-01,07:15,REM,70,
2026-04-01,07:16,REM,62,
2026-04-01,07:17,REM,59,
2026-04-01,07:18,REM,59,
2026-04-01,07:19,REM,66,
2026-04-01,07:20,REM,62,
2026-04-01,07:21,REM,59,
2026-04-01,07:22,REM,64,
2026-04-01,07:23,REM,61,
2026-04-01,07:24,REM,58,
2026-04-01,07:25,REM,63,
2026-04-01,07:26,REM,70,
2026-04-01,07:27,REM,63,
2026-04-01,07:28,REM,63,
2026-04-01,07:29,REM,65,
2026-04-01,07:30,REM,67,
2026-04-01,07:31,REM,64,
2026-04-01,07:32,REM,64,
2026-04-01,07:33,REM,65,
2026-04-01,07:34,REM,64,
2026-04-01,07:35,REM,68,
2026-04-01,07:36,REM,73,
2026-04-01,07:37,REM,70,
2026-04-01,07:38,REM,64,
2026-04-01,07:39,REM,64,
2026-04-01,07:40,REM,64,
2026-04-01,07:41,REM,62,
2026-04-01,07:42,REM,67,
2026-04-01,07:43,REM,61,
2026-04-01,07:44,REM,59,
2026-04-01,07:45,LIGHT,59,
2026-04-01,07:46,LIGHT,59,
2026-04-01,07:47,LIGHT,60,
2026-04-01,07:48,LIGHT,64,
2026-04-01,07:49,LIGHT,58,
2026-04-01,07:50,LIGHT,58,
2026-04-01,07:51,LIGHT,58,
2026-04-01,07:52,LIGHT,58,
2026-04-01,07:53,LIGHT,65,
2026-04-01,07:54,LIGHT,59,
2026-04-01,07:55,LIGHT,56,
2026-04-01,07:56,LIGHT,61,
2026-04-01,07:57,LIGHT,59,
2026-04-01,07:58,LIGHT,59,
2026-04-01,07:59,LIGHT,62,
2026-04-01,08:00,LIGHT,59,
2026-04-01,08:01,LIGHT,61,
2026-04-01,08:02,LIGHT,68,
2026-04-01,08:03,LIGHT,62,
2026-04-01,08:04,LIGHT,61,
2026-04-01,08:05,LIGHT,68,
2026-04-01,08:06,LIGHT,62,
2026-04-02,01:51,LIGHT,58,
2026-04-02,01:52,LIGHT,70,
2026-04-02,01:53,LIGHT,62,
2026-04-02,01:54,LIGHT,58,
2026-04-02,01:55,LIGHT,58,
2026-04-02,01:56,LIGHT,57,
2026-04-02,01:57,LIGHT,57,
2026-04-02,01:58,LIGHT,57,
2026-04-02,01:59,LIGHT,57,
2026-04-02,02:00,DEEP,57,
2026-04-02,02:01,DEEP,57,
2026-04-02,02:02,DEEP,57,
2026-04-02,02:03,DEEP,57,
2026-04-02,02:04,DEEP,57,
2026-04-02,02:05,DEEP,58,
2026-04-02,02:06,DEEP,58,
2026-04-02,02:07,DEEP,58,
2026-04-02,02:08,DEEP,58,
2026-04-02,02:09,DEEP,58,
2026-04-02,02:10,DEEP,58,
2026-04-02,02:11,DEEP,58,
2026-04-02,02:12,DEEP,58,
2026-04-02,02:13,DEEP,58,
2026-04-02,02:14,DEEP,58,
2026-04-02,02:15,DEEP,58,
2026-04-02,02:16,DEEP,58,
2026-04-02,02:17,DEEP,58,
2026-04-02,02:18,DEEP,58,
2026-04-02,02:19,DEEP,58,
2026-04-02,02:20,DEEP,63,
2026-04-02,02:21,DEEP,60,
2026-04-02,02:22,DEEP,63,
2026-04-02,02:23,DEEP,62,
2026-04-02,02:24,DEEP,67,
2026-04-02,02:25,DEEP,67,
2026-04-02,02:26,DEEP,65,
2026-04-02,02:27,DEEP,65,
2026-04-02,02:28,DEEP,67,
2026-04-02,02:29,DEEP,66,
2026-04-02,02:30,DEEP,64,
2026-04-02,02:31,DEEP,69,
2026-04-02,02:32,DEEP,71,
2026-04-02,02:33,DEEP,63,
2026-04-02,02:34,DEEP,63,
2026-04-02,02:35,DEEP,64,
2026-04-02,02:36,DEEP,61,
2026-04-02,02:37,DEEP,64,
2026-04-02,02:38,DEEP,61,
2026-04-02,02:39,DEEP,62,
2026-04-02,02:40,DEEP,67,
2026-04-02,02:41,DEEP,59,
2026-04-02,02:42,DEEP,58,
2026-04-02,02:43,DEEP,58,
2026-04-02,02:44,DEEP,60,
2026-04-02,02:45,DEEP,58,
2026-04-02,02:46,LIGHT,59,
2026-04-02,02:47,LIGHT,59,
2026-04-02,02:48,LIGHT,59,
2026-04-02,02:49,LIGHT,66,
2026-04-02,02:50,LIGHT,60,
2026-04-02,02:51,LIGHT,59,
2026-04-02,02:52,LIGHT,59,
2026-04-02,02:53,LIGHT,59,
2026-04-02,02:54,LIGHT,59,
2026-04-02,02:55,LIGHT,59,
2026-04-02,02:56,LIGHT,61,
2026-04-02,02:57,LIGHT,68,
2026-04-02,02:58,REM,60,
2026-04-02,02:59,REM,58,
2026-04-02,03:00,REM,58,
2026-04-02,03:01,REM,59,
2026-04-02,03:02,REM,59,
2026-04-02,03:03,REM,59,
2026-04-02,03:04,REM,59,
2026-04-02,03:05,REM,59,
2026-04-02,03:06,REM,59,
2026-04-02,03:07,REM,58,
2026-04-02,03:08,REM,58,
2026-04-02,03:09,REM,58,
2026-04-02,03:10,REM,58,
2026-04-02,03:11,LIGHT,59,
2026-04-02,03:12,LIGHT,59,
2026-04-02,03:13,LIGHT,59,
2026-04-02,03:14,LIGHT,59,
2026-04-02,03:15,LIGHT,58,
2026-04-02,03:16,LIGHT,58,
2026-04-02,03:17,LIGHT,58,
2026-04-02,03:18,LIGHT,63,
2026-04-02,03:19,LIGHT,63,
2026-04-02,03:20,LIGHT,57,
2026-04-02,03:21,LIGHT,62,
2026-04-02,03:22,LIGHT,59,
2026-04-02,03:23,LIGHT,54,
2026-04-02,03:24,LIGHT,54,
2026-04-02,03:25,LIGHT,55,
2026-04-02,03:26,LIGHT,55,
2026-04-02,03:27,LIGHT,58,
2026-04-02,03:28,LIGHT,60,
2026-04-02,03:29,LIGHT,65,
2026-04-02,03:30,LIGHT,59,
2026-04-02,03:31,DEEP,57,
2026-04-02,03:32,DEEP,55,
2026-04-02,03:33,DEEP,55,
2026-04-02,03:34,DEEP,56,
2026-04-02,03:35,DEEP,60,
2026-04-02,03:36,DEEP,67,
2026-04-02,03:37,DEEP,67,
2026-04-02,03:38,LIGHT,63,
2026-04-02,03:39,LIGHT,60,
2026-04-02,03:40,LIGHT,60,
2026-04-02,03:41,LIGHT,59,
2026-04-02,03:42,LIGHT,59,
2026-04-02,03:43,LIGHT,57,
2026-04-02,03:44,LIGHT,57,
2026-04-02,03:45,LIGHT,61,
2026-04-02,03:46,DEEP,68,
2026-04-02,03:47,DEEP,64,
2026-04-02,03:48,DEEP,61,
2026-04-02,03:49,DEEP,61,
2026-04-02,03:50,DEEP,63,
2026-04-02,03:51,DEEP,60,
2026-04-02,03:52,DEEP,56,
2026-04-02,03:53,DEEP,56,
2026-04-02,03:54,DEEP,55,
2026-04-02,03:55,DEEP,55,
2026-04-02,03:56,DEEP,55,
2026-04-02,03:57,DEEP,55,
2026-04-02,03:58,DEEP,57,
2026-04-02,03:59,DEEP,57,
2026-04-02,04:00,DEEP,61,
2026-04-02,04:01,DEEP,62,
2026-04-02,04:02,DEEP,59,
2026-04-02,04:03,DEEP,56,
2026-04-02,04:04,LIGHT,63,
2026-04-02,04:05,LIGHT,57,
2026-04-02,04:06,LIGHT,57,
2026-04-02,04:07,LIGHT,57,
2026-04-02,04:08,DEEP,57,
2026-04-02,04:09,DEEP,58,
2026-04-02,04:10,DEEP,58,
2026-04-02,04:11,DEEP,58,
2026-04-02,04:12,DEEP,58,
2026-04-02,04:13,DEEP,58,
2026-04-02,04:14,DEEP,58,
2026-04-02,04:15,DEEP,59,
2026-04-02,04:16,DEEP,58,
2026-04-02,04:17,DEEP,58,
2026-04-02,04:18,DEEP,59,
2026-04-02,04:19,LIGHT,59,
2026-04-02,04:20,LIGHT,58,
2026-04-02,04:21,LIGHT,58,
2026-04-02,04:22,WAKE,58,
2026-04-02,04:23,LIGHT,58,
2026-04-02,04:24,LIGHT,58,
2026-04-02,04:25,LIGHT,58,
2026-04-02,04:26,REM,58,
2026-04-02,04:27,REM,58,
2026-04-02,04:28,REM,59,
2026-04-02,04:29,REM,59,
2026-04-02,04:30,REM,59,
2026-04-02,04:31,REM,59,
2026-04-02,04:32,REM,59,
2026-04-02,04:33,REM,58,
2026-04-02,04:34,REM,59,
2026-04-02,04:35,REM,59,
2026-04-02,04:36,REM,64,
2026-04-02,04:37,REM,63,
2026-04-02,04:38,REM,64,
2026-04-02,04:39,REM,61,
2026-04-02,04:40,REM,58,
2026-04-02,04:41,REM,55,
2026-04-02,04:42,REM,55,
2026-04-02,04:43,REM,55,
2026-04-02,04:44,REM,56,
2026-04-02,04:45,REM,56,
2026-04-02,04:46,REM,56,
2026-04-02,04:47,REM,56,
2026-04-02,04:48,REM,56,
2026-04-02,04:49,REM,56,
2026-04-02,04:50,REM,56,
2026-04-02,04:51,LIGHT,56,
2026-04-02,04:52,LIGHT,56,
2026-04-02,04:53,LIGHT,56,
2026-04-02,04:54,LIGHT,56,
2026-04-02,04:55,LIGHT,56,
2026-04-02,04:56,LIGHT,56,
2026-04-02,04:57,LIGHT,64,
2026-04-02,04:58,LIGHT,58,
2026-04-02,04:59,LIGHT,55,
2026-04-02,05:00,LIGHT,55,
2026-04-02,05:01,LIGHT,55,
2026-04-02,05:02,LIGHT,59,
2026-04-02,05:03,LIGHT,58,
2026-04-02,05:04,LIGHT,57,
2026-04-02,05:05,LIGHT,57,
2026-04-02,05:06,LIGHT,57,
2026-04-02,05:07,LIGHT,57,
2026-04-02,05:08,LIGHT,57,
2026-04-02,05:09,LIGHT,57,
2026-04-02,05:10,LIGHT,57,
2026-04-02,05:11,LIGHT,57,
2026-04-02,05:12,LIGHT,58,
2026-04-02,05:13,LIGHT,58,
2026-04-02,05:14,DEEP,59,
2026-04-02,05:15,DEEP,59,
2026-04-02,05:16,DEEP,59,
2026-04-02,05:17,DEEP,58,
2026-04-02,05:18,DEEP,58,
2026-04-02,05:19,DEEP,58,
2026-04-02,05:20,DEEP,58,
2026-04-02,05:21,DEEP,58,
2026-04-02,05:22,DEEP,58,
2026-04-02,05:23,DEEP,58,
2026-04-02,05:24,DEEP,59,
2026-04-02,05:25,DEEP,59,
2026-04-02,05:26,DEEP,59,
2026-04-02,05:27,DEEP,59,
2026-04-02,05:28,DEEP,59,
2026-04-02,05:29,DEEP,59,
2026-04-02,05:30,DEEP,59,
2026-04-02,05:31,DEEP,69,
2026-04-02,05:32,DEEP,62,
2026-04-02,05:33,DEEP,64,
2026-04-02,05:34,DEEP,64,
2026-04-02,05:35,LIGHT,58,
2026-04-02,05:36,LIGHT,60,
2026-04-02,05:37,LIGHT,62,
2026-04-02,05:38,LIGHT,64,
2026-04-02,05:39,LIGHT,67,
2026-04-02,05:40,LIGHT,67,
2026-04-02,05:41,LIGHT,69,
2026-04-02,05:42,LIGHT,72,
2026-04-02,05:43,LIGHT,69,
2026-04-02,05:44,LIGHT,71,
2026-04-02,05:45,LIGHT,61,
2026-04-02,05:46,LIGHT,59,
2026-04-02,05:47,LIGHT,58,
2026-04-02,05:48,LIGHT,57,
2026-04-02,05:49,LIGHT,64,
2026-04-02,05:50,LIGHT,61,
2026-04-02,05:51,REM,61,
2026-04-02,05:52,REM,64,
2026-04-02,05:53,REM,64,
2026-04-02,05:54,REM,58,
2026-04-02,05:55,REM,56,
2026-04-02,05:56,REM,60,
2026-04-02,05:57,REM,63,
2026-04-02,05:58,REM,61,
2026-04-02,05:59,REM,70,
2026-04-02,06:00,REM,70,
2026-04-02,06:01,REM,67,
2026-04-02,06:02,REM,71,
2026-04-02,06:03,REM,67,
2026-04-02,06:04,REM,64,
2026-04-02,06:05,REM,66,
2026-04-02,06:06,REM,65,
2026-04-02,06:07,REM,62,
2026-04-02,06:08,REM,62,
2026-04-02,06:09,REM,60,
2026-04-02,06:10,REM,60,
2026-04-02,06:11,REM,65,
2026-04-02,06:12,REM,63,
2026-04-02,06:13,REM,61,
2026-04-02,06:14,REM,59,
2026-04-02,06:15,REM,59,
2026-04-02,06:16,REM,60,
2026-04-02,06:17,REM,60,
2026-04-02,06:18,REM,62,
2026-04-02,06:19,REM,61,
2026-04-02,06:20,REM,61,
2026-04-02,06:21,REM,62,
2026-04-02,06:22,LIGHT,64,
2026-04-02,06:23,LIGHT,61,
2026-04-02,06:24,LIGHT,60,
2026-04-02,06:25,LIGHT,60,
2026-04-02,06:26,LIGHT,67,
2026-04-02,06:27,LIGHT,67,
2026-04-02,06:28,LIGHT,61,
2026-04-02,06:29,LIGHT,61,
2026-04-02,06:30,LIGHT,60,
2026-04-02,06:31,LIGHT,60,
2026-04-02,06:32,LIGHT,60,
2026-04-02,06:33,LIGHT,61,
2026-04-02,06:34,LIGHT,61,
2026-04-02,06:35,LIGHT,61,
2026-04-02,06:36,LIGHT,61,
2026-04-02,06:37,LIGHT,61,
2026-04-02,06:38,LIGHT,61,
2026-04-02,06:39,LIGHT,61,
2026-04-02,06:40,LIGHT,60,
2026-04-02,06:41,LIGHT,60,
2026-04-02,06:42,LIGHT,60,
2026-04-02,06:43,LIGHT,60,
2026-04-02,06:44,LIGHT,60,
2026-04-02,06:45,LIGHT,67,
2026-04-02,06:46,LIGHT,64,
2026-04-02,06:47,LIGHT,58,
2026-04-02,06:48,LIGHT,57,
2026-04-02,06:49,LIGHT,57,
2026-04-02,06:50,LIGHT,57,
2026-04-02,06:51,LIGHT,57,
2026-04-02,06:52,LIGHT,58,
2026-04-02,06:53,LIGHT,58,
2026-04-02,06:54,LIGHT,58,
2026-04-02,06:55,LIGHT,58,
2026-04-02,06:56,LIGHT,58,
2026-04-02,06:57,LIGHT,58,
2026-04-02,06:58,LIGHT,61,
2026-04-02,06:59,LIGHT,61,
2026-04-02,07:00,LIGHT,56,
2026-04-02,07:01,DEEP,59,
2026-04-02,07:02,DEEP,57,
2026-04-02,07:03,DEEP,55,
2026-04-02,07:04,DEEP,55,
2026-04-02,07:05,DEEP,56,
2026-04-02,07:06,DEEP,56,
2026-04-02,07:07,DEEP,56,
2026-04-02,07:08,LIGHT,56,
2026-04-02,07:09,LIGHT,55,
2026-04-02,07:10,LIGHT,55,
2026-04-02,07:11,LIGHT,56,
2026-04-02,07:12,LIGHT,62,
2026-04-02,07:13,LIGHT,64,
2026-04-02,07:14,LIGHT,61,
2026-04-02,07:15,LIGHT,60,
2026-04-02,07:16,LIGHT,64,
2026-04-02,07:17,LIGHT,61,
2026-04-02,07:18,LIGHT,65,
2026-04-02,07:19,LIGHT,59,
2026-04-02,07:20,LIGHT,60,
2026-04-02,07:21,LIGHT,59,
2026-04-02,07:22,REM,59,
2026-04-02,07:23,REM,60,
2026-04-02,07:24,REM,66,
2026-04-02,07:25,REM,62,
2026-04-02,07:26,REM,67,
2026-04-02,07:27,REM,64,
2026-04-02,07:28,REM,62,
2026-04-02,07:29,REM,62,
2026-04-02,07:30,REM,61,
2026-04-02,07:31,REM,59,
2026-04-02,07:32,REM,68,
2026-04-02,07:33,REM,66,
2026-04-02,07:34,REM,65,
2026-04-02,07:35,REM,62,
2026-04-02,07:36,REM,60,
2026-04-02,07:37,REM,60,
2026-04-02,07:38,REM,59,
2026-04-02,07:39,REM,59,
2026-04-02,07:40,REM,62,
2026-04-02,07:41,REM,57,
2026-04-02,07:42,REM,58,
2026-04-02,07:43,REM,63,
2026-04-02,07:44,REM,59,
2026-04-02,07:45,REM,60,
2026-04-02,07:46,REM,67,
2026-04-02,07:47,REM,59,
2026-04-02,07:48,REM,59,
2026-04-02,07:49,REM,59,
2026-04-02,07:50,REM,58,
2026-04-02,07:51,REM,62,
2026-04-02,07:52,REM,64,
2026-04-02,07:53,REM,58,
2026-04-02,07:54,REM,58,
2026-04-02,07:55,LIGHT,57,
2026-04-02,07:56,LIGHT,58,
2026-04-02,07:57,LIGHT,60,
2026-04-02,07:58,LIGHT,61,
2026-04-02,07:59,LIGHT,62,
2026-04-02,08:00,LIGHT,60,
2026-04-02,08:01,LIGHT,59,
2026-04-02,08:02,LIGHT,66,
2026-04-02,08:03,LIGHT,59,
2026-04-02,08:04,LIGHT,59,
2026-04-02,08:05,LIGHT,59,
2026-04-02,08:06,LIGHT,58,
2026-04-02,08:07,LIGHT,59,
2026-04-02,08:08,LIGHT,59,
2026-04-02,08:09,LIGHT,58,
2026-04-02,08:10,LIGHT,59,
2026-04-02,08:11,LIGHT,56,
2026-04-02,08:12,LIGHT,58,
2026-04-02,08:13,LIGHT,60,
2026-04-02,08:14,LIGHT,60,
2026-04-02,08:15,LIGHT,65,
2026-04-02,08:16,LIGHT,62,
2026-04-02,08:17,LIGHT,60,
2026-04-02,08:18,LIGHT,59,
2026-04-02,08:19,LIGHT,59,
2026-04-02,08:20,LIGHT,59,
2026-04-02,08:21,LIGHT,59,
2026-04-02,08:22,LIGHT,59,
2026-04-02,08:23,LIGHT,59,
2026-04-02,08:24,LIGHT,60,
2026-04-02,08:25,LIGHT,60,
2026-04-02,08:26,LIGHT,59,
2026-04-02,08:27,LIGHT,60,
2026-04-02,08:28,LIGHT,60,
2026-04-02,08:29,LIGHT,59,
2026-04-02,08:30,LIGHT,59,
2026-04-02,08:31,LIGHT,59,
2026-04-02,08:32,LIGHT,59,
2026-04-02,08:33,LIGHT,65,
2026-04-02,08:34,LIGHT,65,
2026-04-02,08:35,LIGHT,60,
2026-04-02,08:36,LIGHT,61,
2026-04-02,08:37,LIGHT,56,
2026-04-02,08:38,LIGHT,59,
2026-04-02,08:39,LIGHT,65,
2026-04-02,08:40,LIGHT,63,
2026-04-02,08:41,LIGHT,67,
2026-04-02,08:42,LIGHT,61,
2026-04-02,08:43,LIGHT,66,
2026-04-02,08:44,LIGHT,63,
2026-04-02,08:45,LIGHT,63,
2026-04-02,08:46,LIGHT,68,
2026-04-02,08:47,LIGHT,67,
2026-04-02,08:48,REM,63,
2026-04-02,08:49,REM,60,
2026-04-02,08:50,REM,60,
2026-04-02,08:51,REM,70,
2026-04-02,08:52,REM,72,
2026-04-02,08:53,REM,70,
2026-04-02,08:54,REM,65,
2026-04-02,08:55,LIGHT,78,
2026-04-02,08:56,LIGHT,77,
2026-04-02,08:57,LIGHT,77,
2026-04-02,08:58,LIGHT,87,
2026-04-02,08:59,LIGHT,89,
2026-04-03,01:17,LIGHT,61,
2026-04-03,01:18,LIGHT,61,
2026-04-03,01:19,LIGHT,61,
2026-04-03,01:20,LIGHT,61,
2026-04-03,01:21,LIGHT,61,
2026-04-03,01:22,LIGHT,61,
2026-04-03,01:23,LIGHT,61,
2026-04-03,01:24,LIGHT,61,
2026-04-03,01:25,LIGHT,62,
2026-04-03,01:26,DEEP,62,
2026-04-03,01:27,DEEP,62,
2026-04-03,01:28,DEEP,62,
2026-04-03,01:29,DEEP,69,
2026-04-03,01:30,DEEP,59,
2026-04-03,01:31,DEEP,56,
2026-04-03,01:32,DEEP,56,
2026-04-03,01:33,DEEP,58,
2026-04-03,01:34,DEEP,58,
2026-04-03,01:35,DEEP,59,
2026-04-03,01:36,DEEP,64,
2026-04-03,01:37,DEEP,57,
2026-04-03,01:38,DEEP,57,
2026-04-03,01:39,DEEP,58,
2026-04-03,01:40,LIGHT,58,
2026-04-03,01:41,LIGHT,62,
2026-04-03,01:42,LIGHT,65,
2026-04-03,01:43,LIGHT,58,
2026-04-03,01:44,DEEP,58,
2026-04-03,01:45,DEEP,58,
2026-04-03,01:46,DEEP,58,
2026-04-03,01:47,DEEP,59,
2026-04-03,01:48,DEEP,60,
2026-04-03,01:49,DEEP,60,
2026-04-03,01:50,DEEP,60,
2026-04-03,01:51,DEEP,60,
2026-04-03,01:52,DEEP,60,
2026-04-03,01:53,LIGHT,61,
2026-04-03,01:54,LIGHT,61,
2026-04-03,01:55,LIGHT,61,
2026-04-03,01:56,LIGHT,61,
2026-04-03,01:57,DEEP,61,
2026-04-03,01:58,DEEP,64,
2026-04-03,01:59,DEEP,69,
2026-04-03,02:00,DEEP,60,
2026-04-03,02:01,DEEP,65,
2026-04-03,02:02,DEEP,65,
2026-04-03,02:03,DEEP,62,
2026-04-03,02:04,DEEP,66,
2026-04-03,02:05,DEEP,69,
2026-04-03,02:06,DEEP,70,
2026-04-03,02:07,DEEP,70,
2026-04-03,02:08,DEEP,70,
2026-04-03,02:09,DEEP,68,
2026-04-03,02:10,DEEP,69,
2026-04-03,02:11,DEEP,67,
2026-04-03,02:12,DEEP,69,
2026-04-03,02:13,DEEP,68,
2026-04-03,02:14,DEEP,68,
2026-04-03,02:15,DEEP,70,
2026-04-03,02:16,DEEP,69,
2026-04-03,02:17,DEEP,71,
2026-04-03,02:18,DEEP,68,
2026-04-03,02:19,DEEP,61,
2026-04-03,02:20,DEEP,64,
2026-04-03,02:21,LIGHT,65,
2026-04-03,02:22,LIGHT,69,
2026-04-03,02:23,LIGHT,63,
2026-04-03,02:24,REM,63,
2026-04-03,02:25,REM,63,
2026-04-03,02:26,REM,65,
2026-04-03,02:27,REM,65,
2026-04-03,02:28,REM,65,
2026-04-03,02:29,REM,63,
2026-04-03,02:30,LIGHT,63,
2026-04-03,02:31,LIGHT,63,
2026-04-03,02:32,LIGHT,63,
2026-04-03,02:33,WAKE,63,
2026-04-03,02:34,LIGHT,63,
2026-04-03,02:35,LIGHT,63,
2026-04-03,02:36,LIGHT,63,
2026-04-03,02:37,REM,63,
2026-04-03,02:38,REM,63,
2026-04-03,02:39,LIGHT,63,
2026-04-03,02:40,LIGHT,64,
2026-04-03,02:41,LIGHT,64,
2026-04-03,02:42,LIGHT,64,
2026-04-03,02:43,LIGHT,64,
2026-04-03,02:44,LIGHT,64,
2026-04-03,02:45,LIGHT,64,
2026-04-03,02:46,LIGHT,64,
2026-04-03,02:47,LIGHT,64,
2026-04-03,02:48,LIGHT,64,
2026-04-03,02:49,LIGHT,64,
2026-04-03,02:50,LIGHT,64,
2026-04-03,02:51,LIGHT,64,
2026-04-03,02:52,LIGHT,64,
2026-04-03,02:53,LIGHT,64,
2026-04-03,02:54,LIGHT,64,
2026-04-03,02:55,LIGHT,64,
2026-04-03,02:56,LIGHT,64,
2026-04-03,02:57,LIGHT,64,
2026-04-03,02:58,LIGHT,65,
2026-04-03,02:59,LIGHT,65,
2026-04-03,03:00,LIGHT,65,
2026-04-03,03:01,LIGHT,65,
2026-04-03,03:02,LIGHT,65,
2026-04-03,03:03,LIGHT,65,
2026-04-03,03:04,LIGHT,65,
2026-04-03,03:05,LIGHT,65,
2026-04-03,03:06,LIGHT,65,
2026-04-03,03:07,LIGHT,65,
2026-04-03,03:08,LIGHT,65,
2026-04-03,03:09,LIGHT,65,
2026-04-03,03:10,LIGHT,64,
2026-04-03,03:11,LIGHT,64,
2026-04-03,03:12,LIGHT,64,
2026-04-03,03:13,LIGHT,65,
2026-04-03,03:14,LIGHT,65,
2026-04-03,03:15,LIGHT,65,
2026-04-03,03:16,LIGHT,76,
2026-04-03,03:17,LIGHT,69,
2026-04-03,03:18,LIGHT,61,
2026-04-03,03:19,LIGHT,62,
2026-04-03,03:20,LIGHT,66,
2026-04-03,03:21,LIGHT,67,
2026-04-03,03:22,LIGHT,72,
2026-04-03,03:23,LIGHT,61,
2026-04-03,03:24,LIGHT,58,
2026-04-03,03:25,LIGHT,61,
2026-04-03,03:26,LIGHT,59,
2026-04-03,03:27,LIGHT,61,
2026-04-03,03:28,REM,66,
2026-04-03,03:29,REM,65,
2026-04-03,03:30,REM,62,
2026-04-03,03:31,REM,64,
2026-04-03,03:32,REM,65,
2026-04-03,03:33,REM,65,
2026-04-03,03:34,REM,72,
2026-04-03,03:35,REM,65,
2026-04-03,03:36,REM,68,
2026-04-03,03:37,REM,69,
2026-04-03,03:38,REM,66,
2026-04-03,03:39,REM,64,
2026-04-03,03:40,REM,63,
2026-04-03,03:41,REM,62,
2026-04-03,03:42,REM,62,
2026-04-03,03:43,REM,62,
2026-04-03,03:44,REM,62,
2026-04-03,03:45,REM,62,
2026-04-03,03:46,REM,62,
2026-04-03,03:47,REM,63,
2026-04-03,03:48,REM,63,
2026-04-03,03:49,REM,64,
2026-04-03,03:50,REM,56,
2026-04-03,03:51,REM,56,
2026-04-03,03:52,LIGHT,58,
2026-04-03,03:53,LIGHT,58,
2026-04-03,03:54,LIGHT,59,
2026-04-03,03:55,LIGHT,59,
2026-04-03,03:56,LIGHT,59,
2026-04-03,03:57,LIGHT,59,
2026-04-03,03:58,LIGHT,59,
2026-04-03,03:59,LIGHT,59,
2026-04-03,04:00,LIGHT,59,
2026-04-03,04:01,LIGHT,59,
2026-04-03,04:02,LIGHT,59,
2026-04-03,04:03,LIGHT,59,
2026-04-03,04:04,LIGHT,59,
2026-04-03,04:05,LIGHT,59,
2026-04-03,04:06,LIGHT,59,
2026-04-03,04:07,LIGHT,59,
2026-04-03,04:08,LIGHT,59,
2026-04-03,04:09,LIGHT,58,
2026-04-03,04:10,LIGHT,58,
2026-04-03,04:11,LIGHT,58,
2026-04-03,04:12,LIGHT,58,
2026-04-03,04:13,LIGHT,58,
2026-04-03,04:14,LIGHT,58,
2026-04-03,04:15,LIGHT,58,
2026-04-03,04:16,LIGHT,58,
2026-04-03,04:17,LIGHT,58,
2026-04-03,04:18,LIGHT,58,
2026-04-03,04:19,LIGHT,58,
2026-04-03,04:20,LIGHT,58,
2026-04-03,04:21,LIGHT,58,
2026-04-03,04:22,LIGHT,58,
2026-04-03,04:23,LIGHT,58,
2026-04-03,04:24,DEEP,56,
2026-04-03,04:25,DEEP,66,
2026-04-03,04:26,DEEP,66,
2026-04-03,04:27,DEEP,66,
2026-04-03,04:28,DEEP,60,
2026-04-03,04:29,DEEP,62,
2026-04-03,04:30,DEEP,59,
2026-04-03,04:31,DEEP,60,
2026-04-03,04:32,DEEP,63,
2026-04-03,04:33,DEEP,64,
2026-04-03,04:34,DEEP,64,
2026-04-03,04:35,DEEP,66,
2026-04-03,04:36,DEEP,66,
2026-04-03,04:37,LIGHT,63,
2026-04-03,04:38,LIGHT,66,
2026-04-03,04:39,LIGHT,69,
2026-04-03,04:40,LIGHT,69,
2026-04-03,04:41,LIGHT,73,
2026-04-03,04:42,LIGHT,58,
2026-04-03,04:43,LIGHT,55,
2026-04-03,04:44,LIGHT,63,
2026-04-03,04:45,LIGHT,62,
2026-04-03,04:46,LIGHT,59,
2026-04-03,04:47,LIGHT,55,
2026-04-03,04:48,LIGHT,52,
2026-04-03,04:49,LIGHT,54,
2026-04-03,04:50,LIGHT,58,
2026-04-03,04:51,LIGHT,62,
2026-04-03,04:52,LIGHT,56,
2026-04-03,04:53,LIGHT,55,
2026-04-03,04:54,LIGHT,55,
2026-04-03,04:55,DEEP,55,
2026-04-03,04:56,DEEP,57,
2026-04-03,04:57,DEEP,62,
2026-04-03,04:58,LIGHT,64,
2026-04-03,04:59,LIGHT,61,
2026-04-03,05:00,LIGHT,58,
2026-04-03,05:01,LIGHT,56,
2026-04-03,05:02,LIGHT,56,
2026-04-03,05:03,LIGHT,57,
2026-04-03,05:04,LIGHT,62,
2026-04-03,05:05,LIGHT,61,
2026-04-03,05:06,LIGHT,63,
2026-04-03,05:07,LIGHT,58,
2026-04-03,05:08,LIGHT,58,
2026-04-03,05:09,DEEP,56,
2026-04-03,05:10,DEEP,58,
2026-04-03,05:11,DEEP,59,
2026-04-03,05:12,DEEP,56,
2026-04-03,05:13,DEEP,63,
2026-04-03,05:14,DEEP,64,
2026-04-03,05:15,DEEP,72,
2026-04-03,05:16,DEEP,62,
2026-04-03,05:17,DEEP,68,
2026-04-03,05:18,DEEP,67,
2026-04-03,05:19,DEEP,63,
2026-04-03,05:20,DEEP,61,
2026-04-03,05:21,DEEP,61,
2026-04-03,05:22,DEEP,60,
2026-04-03,05:23,DEEP,60,
2026-04-03,05:24,DEEP,60,
2026-04-03,05:25,DEEP,60,
2026-04-03,05:26,DEEP,60,
2026-04-03,05:27,DEEP,60,
2026-04-03,05:28,DEEP,61,
2026-04-03,05:29,DEEP,61,
2026-04-03,05:30,DEEP,61,
2026-04-03,05:31,DEEP,61,
2026-04-03,05:32,LIGHT,61,
2026-04-03,05:33,LIGHT,62,
2026-04-03,05:34,LIGHT,62,
2026-04-03,05:35,LIGHT,59,
2026-04-03,05:36,LIGHT,59,
2026-04-03,05:37,REM,59,
2026-04-03,05:38,REM,60,
2026-04-03,05:39,REM,60,
2026-04-03,05:40,REM,60,
2026-04-03,05:41,REM,60,
2026-04-03,05:42,REM,60,
2026-04-03,05:43,REM,60,
2026-04-03,05:44,REM,60,
2026-04-03,05:45,REM,60,
2026-04-03,05:46,REM,60,
2026-04-03,05:47,REM,61,
2026-04-03,05:48,REM,61,
2026-04-03,05:49,REM,60,
2026-04-03,05:50,REM,60,
2026-04-03,05:51,REM,60,
2026-04-03,05:52,REM,60,
2026-04-03,05:53,REM,60,
2026-04-03,05:54,REM,60,
2026-04-03,05:55,REM,60,
2026-04-03,05:56,REM,60,
2026-04-03,05:57,REM,68,
2026-04-03,05:58,REM,68,
2026-04-03,05:59,REM,64,
2026-04-03,06:00,REM,58,
2026-04-03,06:01,REM,58,
2026-04-03,06:02,REM,59,
2026-04-03,06:03,REM,59,
2026-04-03,06:04,REM,59,
2026-04-03,06:05,REM,60,
2026-04-03,06:06,REM,60,
2026-04-03,06:07,REM,60,
2026-04-03,06:08,REM,60,
2026-04-03,06:09,REM,61,
2026-04-03,06:10,REM,61,
2026-04-03,06:11,REM,61,
2026-04-03,06:12,REM,61,
2026-04-03,06:13,LIGHT,61,
2026-04-03,06:14,LIGHT,61,
2026-04-03,06:15,LIGHT,61,
2026-04-03,06:16,LIGHT,61,
2026-04-03,06:17,LIGHT,60,
2026-04-03,06:18,LIGHT,60,
2026-04-03,06:19,LIGHT,60,
2026-04-03,06:20,LIGHT,60,
2026-04-03,06:21,LIGHT,61,
2026-04-03,06:22,LIGHT,70,
2026-04-03,06:23,LIGHT,61,
2026-04-03,06:24,LIGHT,57,
2026-04-03,06:25,LIGHT,58,
2026-04-03,06:26,LIGHT,58,
2026-04-03,06:27,LIGHT,58,
2026-04-03,06:28,LIGHT,66,
2026-04-03,06:29,LIGHT,57,
2026-04-03,06:30,LIGHT,60,
2026-04-03,06:31,LIGHT,62,
2026-04-03,06:32,LIGHT,65,
2026-04-03,06:33,LIGHT,62,
2026-04-03,06:34,LIGHT,63,
2026-04-03,06:35,LIGHT,66,
2026-04-03,06:36,LIGHT,63,
2026-04-03,06:37,LIGHT,65,
2026-04-03,06:38,LIGHT,63,
2026-04-03,06:39,LIGHT,60,
2026-04-03,06:40,LIGHT,68,
2026-04-03,06:41,LIGHT,62,
2026-04-03,06:42,LIGHT,62,
2026-04-03,06:43,LIGHT,62,
2026-04-03,06:44,LIGHT,58,
2026-04-03,06:45,LIGHT,58,
2026-04-03,06:46,LIGHT,62,
2026-04-03,06:47,LIGHT,65,
2026-04-03,06:48,LIGHT,64,
2026-04-03,06:49,LIGHT,65,
2026-04-03,06:50,LIGHT,65,
2026-04-03,06:51,LIGHT,63,
2026-04-03,06:52,LIGHT,70,
2026-04-03,06:53,LIGHT,63,
2026-04-03,06:54,LIGHT,61,
2026-04-03,06:55,LIGHT,58,
2026-04-03,06:56,LIGHT,55,
2026-04-03,06:57,LIGHT,54,
2026-04-03,06:58,LIGHT,56,
2026-04-03,06:59,LIGHT,66,
2026-04-03,07:00,LIGHT,66,
2026-04-03,07:01,LIGHT,68,
2026-04-03,07:02,LIGHT,60,
2026-04-03,07:03,LIGHT,62,
2026-04-03,07:04,LIGHT,55,
2026-04-03,07:05,LIGHT,65,
2026-04-03,07:06,LIGHT,62,
2026-04-03,07:07,LIGHT,63,
2026-04-03,07:08,LIGHT,68,
2026-04-03,07:09,LIGHT,68,
2026-04-03,07:10,LIGHT,67,
2026-04-03,07:11,LIGHT,72,
2026-04-03,07:12,LIGHT,66,
2026-04-03,07:13,REM,64,
2026-04-03,07:14,REM,64,
2026-04-03,07:15,REM,57,
2026-04-03,07:16,REM,61,
2026-04-03,07:17,REM,59,
2026-04-03,07:18,REM,64,
2026-04-03,07:19,REM,56,
2026-04-03,07:20,REM,53,
2026-04-03,07:21,REM,62,
2026-04-03,07:22,REM,58,
2026-04-03,07:23,REM,60,
2026-04-03,07:24,REM,56,
2026-04-03,07:25,REM,53,
2026-04-03,07:26,REM,58,
2026-04-03,07:27,REM,60,
2026-04-03,07:28,REM,63,
2026-04-03,07:29,REM,57,
2026-04-03,07:30,REM,62,
2026-04-03,07:31,REM,64,
2026-04-03,07:32,REM,64,
2026-04-03,07:33,REM,58,
2026-04-03,07:34,REM,58,
2026-04-03,07:35,REM,55,
2026-04-03,07:36,REM,54,
2026-04-03,07:37,REM,67,
2026-04-03,07:38,REM,62,
2026-04-03,07:39,REM,61,
2026-04-03,07:40,REM,57,
2026-04-03,07:41,REM,62,
2026-04-03,07:42,REM,59,
2026-04-03,07:43,REM,57,
2026-04-03,07:44,REM,57,
2026-04-03,07:45,REM,59,
2026-04-03,07:46,LIGHT,65,
2026-04-03,07:47,LIGHT,59,
2026-04-03,07:48,LIGHT,58,
2026-04-03,07:49,LIGHT,59,
2026-04-03,07:50,REM,59,
2026-04-03,07:51,REM,59,
2026-04-03,07:52,REM,59,
2026-04-03,07:53,REM,66,
2026-04-03,07:54,REM,59,
2026-04-03,07:55,REM,55,
2026-04-03,07:56,REM,55,
2026-04-03,07:57,REM,56,
2026-04-03,07:58,REM,56,
2026-04-03,07:59,REM,58,
2026-04-03,08:00,REM,58,
2026-04-03,08:01,REM,58,
2026-04-03,08:02,REM,58,
2026-04-03,08:03,REM,59,
2026-04-03,08:04,REM,60,
2026-04-03,08:05,REM,60,
2026-04-03,08:06,LIGHT,60,
2026-04-03,08:07,LIGHT,61,
2026-04-03,08:08,LIGHT,61,
2026-04-03,08:09,LIGHT,61,
2026-04-03,08:10,LIGHT,69,
2026-04-03,08:11,LIGHT,61,
2026-04-03,08:12,LIGHT,58,
2026-04-03,08:13,LIGHT,57,
2026-04-03,08:14,LIGHT,59,
2026-04-03,08:15,LIGHT,59,
2026-04-03,08:16,LIGHT,62,
2026-04-03,08:17,LIGHT,59,
2026-04-03,08:18,LIGHT,60,
2026-04-03,08:19,LIGHT,57,
2026-04-03,08:20,LIGHT,57,
2026-04-03,08:21,LIGHT,64,
2026-04-03,08:22,LIGHT,65,
2026-04-03,08:23,LIGHT,58,
2026-04-03,08:24,LIGHT,55,
2026-04-03,08:25,LIGHT,60,
2026-04-03,08:26,LIGHT,68,
2026-04-03,08:27,LIGHT,65,
2026-04-03,08:28,LIGHT,60,
2026-04-03,08:29,LIGHT,60,
2026-04-03,08:30,LIGHT,62,
2026-04-03,08:31,LIGHT,58,
2026-04-03,08:32,LIGHT,58,
2026-04-03,08:33,LIGHT,60,
2026-04-03,08:34,LIGHT,67,
2026-04-03,08:35,LIGHT,68,
2026-04-03,08:36,LIGHT,62,
2026-04-03,08:37,LIGHT,60,
2026-04-03,08:38,LIGHT,69,
2026-04-03,08:39,LIGHT,61,
2026-04-03,08:40,LIGHT,74,
2026-04-03,08:41,LIGHT,82,
2026-04-03,08:42,WAKE,86,
2026-04-03,08:43,WAKE,76,
2026-04-03,08:44,WAKE,70,
2026-04-03,08:45,WAKE,69,
2026-04-03,08:46,WAKE,71,
2026-04-03,08:47,WAKE,73,
2026-04-03,08:48,WAKE,85,
2026-04-03,08:49,LIGHT,88,
2026-04-03,08:50,LIGHT,83,
2026-04-03,08:51,LIGHT,82,
2026-04-04,01:00,LIGHT,54,
2026-04-04,01:01,LIGHT,54,
2026-04-04,01:02,LIGHT,54,
2026-04-04,01:03,LIGHT,55,
2026-04-04,01:04,LIGHT,55,
2026-04-04,01:05,LIGHT,55,
2026-04-04,01:06,LIGHT,55,
2026-04-04,01:07,LIGHT,56,
2026-04-04,01:08,LIGHT,56,
2026-04-04,01:09,DEEP,56,
2026-04-04,01:10,DEEP,56,
2026-04-04,01:11,DEEP,56,
2026-04-04,01:12,DEEP,59,
2026-04-04,01:13,DEEP,56,
2026-04-04,01:14,DEEP,61,
2026-04-04,01:15,DEEP,55,
2026-04-04,01:16,DEEP,54,
2026-04-04,01:17,DEEP,56,
2026-04-04,01:18,DEEP,55,
2026-04-04,01:19,DEEP,55,
2026-04-04,01:20,DEEP,56,
2026-04-04,01:21,DEEP,58,
2026-04-04,01:22,DEEP,62,
2026-04-04,01:23,DEEP,63,
2026-04-04,01:24,DEEP,62,
2026-04-04,01:25,DEEP,66,
2026-04-04,01:26,DEEP,58,
2026-04-04,01:27,DEEP,58,
2026-04-04,01:28,DEEP,65,
2026-04-04,01:29,DEEP,58,
2026-04-04,01:30,LIGHT,57,
2026-04-04,01:31,LIGHT,57,
2026-04-04,01:32,LIGHT,58,
2026-04-04,01:33,LIGHT,58,
2026-04-04,01:34,LIGHT,59,
2026-04-04,01:35,LIGHT,64,
2026-04-04,01:36,LIGHT,62,
2026-04-04,01:37,LIGHT,60,
2026-04-04,01:38,LIGHT,60,
2026-04-04,01:39,LIGHT,57,
2026-04-04,01:40,LIGHT,58,
2026-04-04,01:41,LIGHT,58,
2026-04-04,01:42,LIGHT,59,
2026-04-04,01:43,LIGHT,59,
2026-04-04,01:44,LIGHT,59,
2026-04-04,01:45,LIGHT,58,
2026-04-04,01:46,LIGHT,58,
2026-04-04,01:47,LIGHT,59,
2026-04-04,01:48,LIGHT,59,
2026-04-04,01:49,LIGHT,59,
2026-04-04,01:50,LIGHT,59,
2026-04-04,01:51,LIGHT,58,
2026-04-04,01:52,LIGHT,57,
2026-04-04,01:53,DEEP,57,
2026-04-04,01:54,DEEP,58,
2026-04-04,01:55,DEEP,58,
2026-04-04,01:56,DEEP,58,
2026-04-04,01:57,DEEP,58,
2026-04-04,01:58,DEEP,58,
2026-04-04,01:59,LIGHT,58,
2026-04-04,02:00,LIGHT,58,
2026-04-04,02:01,LIGHT,58,
2026-04-04,02:02,LIGHT,57,
2026-04-04,02:03,LIGHT,57,
2026-04-04,02:04,LIGHT,58,
2026-04-04,02:05,REM,58,
2026-04-04,02:06,REM,58,
2026-04-04,02:07,REM,58,
2026-04-04,02:08,REM,58,
2026-04-04,02:09,REM,57,
2026-04-04,02:10,REM,57,
2026-04-04,02:11,REM,57,
2026-04-04,02:12,REM,56,
2026-04-04,02:13,REM,55,
2026-04-04,02:14,REM,57,
2026-04-04,02:15,REM,57,
2026-04-04,02:16,REM,57,
2026-04-04,02:17,REM,57,
2026-04-04,02:18,REM,56,
2026-04-04,02:19,REM,56,
2026-04-04,02:20,LIGHT,56,
2026-04-04,02:21,LIGHT,56,
2026-04-04,02:22,LIGHT,56,
2026-04-04,02:23,LIGHT,56,
2026-04-04,02:24,LIGHT,56,
2026-04-04,02:25,LIGHT,56,
2026-04-04,02:26,LIGHT,56,
2026-04-04,02:27,LIGHT,56,
2026-04-04,02:28,LIGHT,56,
2026-04-04,02:29,LIGHT,56,
2026-04-04,02:30,LIGHT,56,
2026-04-04,02:31,LIGHT,56,
2026-04-04,02:32,LIGHT,55,
2026-04-04,02:33,LIGHT,55,
2026-04-04,02:34,LIGHT,55,
2026-04-04,02:35,LIGHT,55,
2026-04-04,02:36,LIGHT,54,
2026-04-04,02:37,LIGHT,71,
2026-04-04,02:38,LIGHT,67,
2026-04-04,02:39,LIGHT,61,
2026-04-04,02:40,LIGHT,60,
2026-04-04,02:41,LIGHT,56,
2026-04-04,02:42,LIGHT,58,
2026-04-04,02:43,DEEP,61,
2026-04-04,02:44,DEEP,59,
2026-04-04,02:45,DEEP,61,
2026-04-04,02:46,DEEP,62,
2026-04-04,02:47,DEEP,68,
2026-04-04,02:48,DEEP,72,
2026-04-04,02:49,DEEP,73,
2026-04-04,02:50,DEEP,70,
2026-04-04,02:51,DEEP,71,
2026-04-04,02:52,DEEP,65,
2026-04-04,02:53,DEEP,59,
2026-04-04,02:54,DEEP,61,
2026-04-04,02:55,DEEP,58,
2026-04-04,02:56,DEEP,57,
2026-04-04,02:57,DEEP,57,
2026-04-04,02:58,DEEP,58,
2026-04-04,02:59,DEEP,58,
2026-04-04,03:00,DEEP,56,
2026-04-04,03:01,DEEP,60,
2026-04-04,03:02,DEEP,57,
2026-04-04,03:03,DEEP,57,
2026-04-04,03:04,DEEP,59,
2026-04-04,03:05,DEEP,58,
2026-04-04,03:06,DEEP,58,
2026-04-04,03:07,DEEP,62,
2026-04-04,03:08,DEEP,58,
2026-04-04,03:09,DEEP,58,
2026-04-04,03:10,DEEP,57,
2026-04-04,03:11,DEEP,60,
2026-04-04,03:12,DEEP,61,
2026-04-04,03:13,DEEP,63,
2026-04-04,03:14,DEEP,59,
2026-04-04,03:15,DEEP,59,
2026-04-04,03:16,DEEP,57,
2026-04-04,03:17,LIGHT,64,
2026-04-04,03:18,LIGHT,69,
2026-04-04,03:19,LIGHT,61,
2026-04-04,03:20,LIGHT,56,
2026-04-04,03:21,LIGHT,56,
2026-04-04,03:22,LIGHT,56,
2026-04-04,03:23,LIGHT,60,
2026-04-04,03:24,LIGHT,59,
2026-04-04,03:25,LIGHT,58,
2026-04-04,03:26,LIGHT,58,
2026-04-04,03:27,LIGHT,61,
2026-04-04,03:28,REM,61,
2026-04-04,03:29,REM,63,
2026-04-04,03:30,REM,57,
2026-04-04,03:31,REM,55,
2026-04-04,03:32,REM,55,
2026-04-04,03:33,REM,55,
2026-04-04,03:34,REM,55,
2026-04-04,03:35,REM,55,
2026-04-04,03:36,REM,55,
2026-04-04,03:37,LIGHT,55,
2026-04-04,03:38,LIGHT,55,
2026-04-04,03:39,LIGHT,55,
2026-04-04,03:40,LIGHT,65,
2026-04-04,03:41,LIGHT,57,
2026-04-04,03:42,LIGHT,54,
2026-04-04,03:43,LIGHT,54,
2026-04-04,03:44,LIGHT,54,
2026-04-04,03:45,LIGHT,55,
2026-04-04,03:46,LIGHT,55,
2026-04-04,03:47,LIGHT,56,
2026-04-04,03:48,LIGHT,56,
2026-04-04,03:49,LIGHT,56,
2026-04-04,03:50,LIGHT,56,
2026-04-04,03:51,LIGHT,61,
2026-04-04,03:52,LIGHT,56,
2026-04-04,03:53,LIGHT,55,
2026-04-04,03:54,LIGHT,55,
2026-04-04,03:55,LIGHT,55,
2026-04-04,03:56,LIGHT,55,
2026-04-04,03:57,LIGHT,55,
2026-04-04,03:58,LIGHT,55,
2026-04-04,03:59,LIGHT,61,
2026-04-04,04:00,LIGHT,55,
2026-04-04,04:01,LIGHT,54,
2026-04-04,04:02,LIGHT,55,
2026-04-04,04:03,LIGHT,55,
2026-04-04,04:04,LIGHT,55,
2026-04-04,04:05,LIGHT,55,
2026-04-04,04:06,LIGHT,55,
2026-04-04,04:07,DEEP,55,
2026-04-04,04:08,DEEP,55,
2026-04-04,04:09,DEEP,57,
2026-04-04,04:10,DEEP,54,
2026-04-04,04:11,DEEP,54,
2026-04-04,04:12,DEEP,54,
2026-04-04,04:13,DEEP,54,
2026-04-04,04:14,DEEP,54,
2026-04-04,04:15,DEEP,54,
2026-04-04,04:16,DEEP,54,
2026-04-04,04:17,DEEP,55,
2026-04-04,04:18,DEEP,55,
2026-04-04,04:19,DEEP,55,
2026-04-04,04:20,DEEP,55,
2026-04-04,04:21,DEEP,55,
2026-04-04,04:22,DEEP,55,
2026-04-04,04:23,DEEP,55,
2026-04-04,04:24,DEEP,55,
2026-04-04,04:25,DEEP,55,
2026-04-04,04:26,DEEP,55,
2026-04-04,04:27,LIGHT,55,
2026-04-04,04:28,LIGHT,55,
2026-04-04,04:29,LIGHT,56,
2026-04-04,04:30,LIGHT,56,
2026-04-04,04:31,LIGHT,69,
2026-04-04,04:32,LIGHT,59,
2026-04-04,04:33,LIGHT,59,
2026-04-04,04:34,REM,59,
2026-04-04,04:35,REM,59,
2026-04-04,04:36,REM,59,
2026-04-04,04:37,REM,57,
2026-04-04,04:38,REM,67,
2026-04-04,04:39,REM,64,
2026-04-04,04:40,REM,62,
2026-04-04,04:41,REM,57,
2026-04-04,04:42,REM,57,
2026-04-04,04:43,REM,59,
2026-04-04,04:44,REM,61,
2026-04-04,04:45,REM,68,
2026-04-04,04:46,REM,67,
2026-04-04,04:47,REM,69,
2026-04-04,04:48,REM,61,
2026-04-04,04:49,REM,58,
2026-04-04,04:50,REM,60,
2026-04-04,04:51,REM,58,
2026-04-04,04:52,REM,58,
2026-04-04,04:53,REM,59,
2026-04-04,04:54,REM,59,
2026-04-04,04:55,REM,57,
2026-04-04,04:56,REM,65,
2026-04-04,04:57,REM,67,
2026-04-04,04:58,REM,72,
2026-04-04,04:59,REM,67,
2026-04-04,05:00,REM,61,
2026-04-04,05:01,LIGHT,61,
2026-04-04,05:02,LIGHT,65,
2026-04-04,05:03,LIGHT,70,
2026-04-04,05:04,LIGHT,72,
2026-04-04,05:05,LIGHT,64,
2026-04-04,05:06,LIGHT,61,
2026-04-04,05:07,LIGHT,56,
2026-04-04,05:08,LIGHT,56,
2026-04-04,05:09,LIGHT,56,
2026-04-04,05:10,LIGHT,63,
2026-04-04,05:11,LIGHT,58,
2026-04-04,05:12,LIGHT,65,
2026-04-04,05:13,LIGHT,65,
2026-04-04,05:14,LIGHT,62,
2026-04-04,05:15,LIGHT,62,
2026-04-04,05:16,LIGHT,60,
2026-04-04,05:17,LIGHT,60,
2026-04-04,05:18,WAKE,65,
2026-04-04,05:19,WAKE,59,
2026-04-04,05:20,LIGHT,61,
2026-04-04,05:21,LIGHT,55,
2026-04-04,05:22,LIGHT,55,
2026-04-04,05:23,LIGHT,54,
2026-04-04,05:24,LIGHT,54,
2026-04-04,05:25,LIGHT,55,
2026-04-04,05:26,LIGHT,55,
2026-04-04,05:27,LIGHT,57,
2026-04-04,05:28,LIGHT,57,
2026-04-04,05:29,LIGHT,57,
2026-04-04,05:30,LIGHT,57,
2026-04-04,05:31,LIGHT,62,
2026-04-04,05:32,LIGHT,59,
2026-04-04,05:33,LIGHT,59,
2026-04-04,05:34,LIGHT,59,
2026-04-04,05:35,LIGHT,59,
2026-04-04,05:36,LIGHT,59,
2026-04-04,05:37,LIGHT,57,
2026-04-04,05:38,LIGHT,57,
2026-04-04,05:39,LIGHT,57,
2026-04-04,05:40,LIGHT,57,
2026-04-04,05:41,LIGHT,57,
2026-04-04,05:42,LIGHT,57,
2026-04-04,05:43,LIGHT,58,
2026-04-04,05:44,LIGHT,59,
2026-04-04,05:45,LIGHT,59,
2026-04-04,05:46,DEEP,59,
2026-04-04,05:47,DEEP,59,
2026-04-04,05:48,DEEP,59,
2026-04-04,05:49,DEEP,58,
2026-04-04,05:50,DEEP,58,
2026-04-04,05:51,DEEP,59,
2026-04-04,05:52,DEEP,59,
2026-04-04,05:53,DEEP,58,
2026-04-04,05:54,DEEP,58,
2026-04-04,05:55,DEEP,58,
2026-04-04,05:56,DEEP,58,
2026-04-04,05:57,DEEP,58,
2026-04-04,05:58,LIGHT,58,
2026-04-04,05:59,LIGHT,58,
2026-04-04,06:00,LIGHT,63,
2026-04-04,06:01,LIGHT,69,
2026-04-04,06:02,LIGHT,61,
2026-04-04,06:03,LIGHT,59,
2026-04-04,06:04,LIGHT,64,
2026-04-04,06:05,LIGHT,56,
2026-04-04,06:06,LIGHT,53,
2026-04-04,06:07,LIGHT,53,
2026-04-04,06:08,LIGHT,53,
2026-04-04,06:09,LIGHT,53,
2026-04-04,06:10,DEEP,52,
2026-04-04,06:11,DEEP,52,
2026-04-04,06:12,DEEP,53,
2026-04-04,06:13,DEEP,55,
2026-04-04,06:14,DEEP,58,
2026-04-04,06:15,DEEP,59,
2026-04-04,06:16,DEEP,58,
2026-04-04,06:17,DEEP,60,
2026-04-04,06:18,DEEP,64,
2026-04-04,06:19,DEEP,70,
2026-04-04,06:20,DEEP,57,
2026-04-04,06:21,DEEP,59,
2026-04-04,06:22,DEEP,58,
2026-04-04,06:23,LIGHT,57,
2026-04-04,06:24,LIGHT,60,
2026-04-04,06:25,LIGHT,54,
2026-04-04,06:26,LIGHT,56,
2026-04-04,06:27,LIGHT,56,
2026-04-04,06:28,LIGHT,57,
2026-04-04,06:29,LIGHT,56,
2026-04-04,06:30,LIGHT,58,
2026-04-04,06:31,LIGHT,63,
2026-04-04,06:32,LIGHT,66,
2026-04-04,06:33,LIGHT,60,
2026-04-04,06:34,LIGHT,58,
2026-04-04,06:35,REM,56,
2026-04-04,06:36,REM,56,
2026-04-04,06:37,REM,56,
2026-04-04,06:38,REM,57,
2026-04-04,06:39,REM,59,
2026-04-04,06:40,REM,61,
2026-04-04,06:41,REM,62,
2026-04-04,06:42,REM,63,
2026-04-04,06:43,REM,64,
2026-04-04,06:44,REM,70,
2026-04-04,06:45,REM,75,
2026-04-04,06:46,REM,66,
2026-04-04,06:47,REM,64,
2026-04-04,06:48,REM,66,
2026-04-04,06:49,REM,58,
2026-04-04,06:50,REM,55,
2026-04-04,06:51,REM,56,
2026-04-04,06:52,REM,57,
2026-04-04,06:53,REM,59,
2026-04-04,06:54,REM,55,
2026-04-04,06:55,REM,65,
2026-04-04,06:56,REM,59,
2026-04-04,06:57,REM,58,
2026-04-04,06:58,REM,58,
2026-04-04,06:59,REM,62,
2026-04-04,07:00,REM,57,
2026-04-04,07:01,REM,57,
2026-04-04,07:02,REM,57,
2026-04-04,07:03,REM,57,
2026-04-04,07:04,REM,57,
2026-04-04,07:05,REM,57,
2026-04-04,07:06,REM,57,
2026-04-04,07:07,REM,57,
2026-04-04,07:08,REM,57,
2026-04-04,07:09,REM,58,
2026-04-04,07:10,REM,56,
2026-04-04,07:11,REM,57,
2026-04-04,07:12,REM,57,
2026-04-04,07:13,REM,58,
2026-04-04,07:14,REM,58,
2026-04-04,07:15,REM,58,
2026-04-04,07:16,REM,58,
2026-04-04,07:17,REM,58,
2026-04-04,07:18,REM,58,
2026-04-04,07:19,REM,58,
2026-04-04,07:20,REM,59,
2026-04-04,07:21,REM,61,
2026-04-04,07:22,REM,63,
2026-04-04,07:23,REM,55,
2026-04-04,07:24,REM,53,
2026-04-04,07:25,REM,53,
2026-04-04,07:26,REM,55,
2026-04-04,07:27,REM,57,
2026-04-04,07:28,REM,55,
2026-04-04,07:29,REM,54,
2026-04-04,07:30,REM,54,
2026-04-04,07:31,REM,54,
2026-04-04,07:32,REM,61,
2026-04-04,07:33,REM,58,
2026-04-04,07:34,REM,55,
2026-04-04,07:35,REM,55,
2026-04-04,07:36,REM,61,
2026-04-04,07:37,REM,57,
2026-04-04,07:38,REM,54,
2026-04-04,07:39,REM,55,
2026-04-04,07:40,REM,56,
2026-04-04,07:41,REM,55,
2026-04-04,07:42,REM,54,
2026-04-04,07:43,REM,65,
2026-04-04,07:44,REM,57,
2026-04-04,07:45,REM,58,
2026-04-04,07:46,REM,63,
2026-04-04,07:47,LIGHT,63,
2026-04-04,07:48,LIGHT,55,
2026-04-04,07:49,LIGHT,57,
2026-04-04,07:50,LIGHT,57,
2026-04-04,07:51,LIGHT,55,
2026-04-04,07:52,LIGHT,57,
2026-04-04,07:53,LIGHT,57,
2026-04-04,07:54,LIGHT,59,
2026-04-04,07:55,LIGHT,72,
2026-04-04,07:56,LIGHT,65,
2026-04-04,07:57,LIGHT,65,
2026-04-04,07:58,LIGHT,66,
2026-04-04,07:59,LIGHT,66,
2026-04-04,08:00,LIGHT,63,
2026-04-04,08:01,LIGHT,61,
2026-04-04,08:02,LIGHT,61,
2026-04-04,08:03,LIGHT,59,
2026-04-04,08:04,LIGHT,59,
2026-04-04,08:05,LIGHT,73,
2026-04-04,08:06,LIGHT,63,
2026-04-04,08:07,LIGHT,73,
2026-04-04,08:08,LIGHT,86,
2026-04-04,08:09,LIGHT,91,
2026-04-04,08:10,LIGHT,89,
2026-04-04,08:11,LIGHT,78,
2026-04-04,08:12,LIGHT,75,
2026-04-04,08:13,LIGHT,76,
2026-04-04,08:14,LIGHT,83,
2026-04-04,08:15,LIGHT,95,
2026-04-04,08:16,LIGHT,89,
2026-04-04,08:17,LIGHT,86,
2026-04-04,08:18,LIGHT,84,
2026-04-04,08:19,LIGHT,84,
2026-04-04,08:20,LIGHT,89,
2026-04-04,08:21,LIGHT,87,
2026-04-04,08:22,LIGHT,92,
2026-04-04,08:23,LIGHT,93,
2026-04-04,08:24,LIGHT,87,
2026-04-04,08:25,LIGHT,84,
2026-04-04,08:26,LIGHT,83,
2026-04-04,08:27,LIGHT,83,
2026-04-04,08:28,LIGHT,86,
2026-04-04,08:29,LIGHT,83,
2026-04-04,08:30,LIGHT,80,
2026-04-04,08:31,LIGHT,89,
2026-04-04,08:32,LIGHT,88,
2026-04-04,08:33,LIGHT,82,
2026-04-04,08:34,LIGHT,83,
2026-04-05,00:28,LIGHT,101,
2026-04-05,00:29,LIGHT,103,
2026-04-05,00:30,LIGHT,104,
2026-04-05,00:31,LIGHT,99,
2026-04-05,00:32,LIGHT,97,
2026-04-05,00:33,LIGHT,100,
2026-04-05,00:34,LIGHT,107,
2026-04-05,00:35,DEEP,104,
2026-04-05,00:36,DEEP,104,
2026-04-05,00:37,DEEP,105,
2026-04-05,00:38,DEEP,104,
2026-04-05,00:39,DEEP,112,
2026-04-05,00:40,DEEP,109,
2026-04-05,00:41,DEEP,108,
2026-04-05,00:42,DEEP,106,
2026-04-05,00:43,DEEP,104,
2026-04-05,00:44,DEEP,102,
2026-04-05,00:45,DEEP,97,
2026-04-05,00:46,DEEP,98,
2026-04-05,00:47,DEEP,94,
2026-04-05,00:48,DEEP,99,
2026-04-05,00:49,DEEP,100,
2026-04-05,00:50,DEEP,110,
2026-04-05,00:51,DEEP,117,
2026-04-05,00:52,DEEP,106,
2026-04-05,00:53,DEEP,107,
2026-04-05,00:54,DEEP,107,
2026-04-05,00:55,DEEP,106,
2026-04-05,00:56,DEEP,103,
2026-04-05,00:57,DEEP,97,
2026-04-05,00:58,DEEP,102,
2026-04-05,00:59,DEEP,97,
2026-04-05,01:00,DEEP,95,
2026-04-05,01:01,DEEP,97,
2026-04-05,01:02,DEEP,107,
2026-04-05,01:03,DEEP,117,
2026-04-05,01:04,DEEP,113,
2026-04-05,01:05,DEEP,99,
2026-04-05,01:06,DEEP,93,
2026-04-05,01:07,DEEP,91,
2026-04-05,01:08,DEEP,93,
2026-04-05,01:09,DEEP,95,
2026-04-05,01:10,DEEP,95,
2026-04-05,01:11,DEEP,97,
2026-04-05,01:12,DEEP,101,
2026-04-05,01:13,LIGHT,101,
2026-04-05,01:14,LIGHT,103,
2026-04-05,01:15,LIGHT,105,
2026-04-05,01:16,LIGHT,99,
2026-04-05,01:17,LIGHT,97,
2026-04-05,01:18,LIGHT,94,
2026-04-05,01:19,LIGHT,94,
2026-04-05,01:20,LIGHT,90,
2026-04-05,01:21,REM,92,
2026-04-05,01:22,REM,89,
2026-04-05,01:23,REM,93,
2026-04-05,01:24,REM,97,
2026-04-05,01:25,REM,94,
2026-04-05,01:26,REM,103,
2026-04-05,01:27,REM,100,
2026-04-05,01:28,REM,102,
2026-04-05,01:29,REM,103,
2026-04-05,01:30,REM,105,
2026-04-05,01:31,REM,97,
2026-04-05,01:32,REM,91,
2026-04-05,01:33,REM,90,
2026-04-05,01:34,REM,90,
2026-04-05,01:35,REM,87,
2026-04-05,01:36,REM,87,
2026-04-05,01:37,LIGHT,90,
2026-04-05,01:38,LIGHT,91,
2026-04-05,01:39,LIGHT,90,
2026-04-05,01:40,LIGHT,87,
2026-04-05,01:41,LIGHT,89,
2026-04-05,01:42,LIGHT,86,
2026-04-05,01:43,LIGHT,93,
2026-04-05,01:44,LIGHT,101,
2026-04-05,01:45,LIGHT,106,
2026-04-05,01:46,LIGHT,104,
2026-04-05,01:47,LIGHT,98,
2026-04-05,01:48,LIGHT,99,
2026-04-05,01:49,LIGHT,111,
2026-04-05,01:50,LIGHT,124,
2026-04-05,01:51,LIGHT,120,
2026-04-05,01:52,LIGHT,116,
2026-04-05,01:53,LIGHT,116,
2026-04-05,01:54,LIGHT,117,
2026-04-05,01:55,LIGHT,117,
2026-04-05,01:56,LIGHT,115,
2026-04-05,01:57,LIGHT,117,
2026-04-05,01:58,LIGHT,119,
2026-04-05,01:59,LIGHT,101,
2026-04-05,02:00,LIGHT,97,
2026-04-05,02:01,LIGHT,99,
2026-04-05,02:02,DEEP,96,
2026-04-05,02:03,DEEP,92,
2026-04-05,02:04,DEEP,89,
2026-04-05,02:05,DEEP,91,
2026-04-05,02:06,DEEP,90,
2026-04-05,02:07,DEEP,88,
2026-04-05,02:08,DEEP,91,
2026-04-05,02:09,DEEP,88,
2026-04-05,02:10,DEEP,92,
2026-04-05,02:11,DEEP,97,
2026-04-05,02:12,DEEP,91,
2026-04-05,02:13,DEEP,90,
2026-04-05,02:14,DEEP,95,
2026-04-05,02:15,DEEP,118,
2026-04-05,02:16,DEEP,123,
2026-04-05,02:17,DEEP,112,
2026-04-05,02:18,DEEP,97,
2026-04-05,02:19,DEEP,93,
2026-04-05,02:20,DEEP,97,
2026-04-05,02:21,DEEP,102,
2026-04-05,02:22,DEEP,103,
2026-04-05,02:23,DEEP,105,
2026-04-05,02:24,DEEP,114,
2026-04-05,02:25,DEEP,114,
2026-04-05,02:26,DEEP,119,
2026-04-05,02:27,DEEP,118,
2026-04-05,02:28,DEEP,113,
2026-04-05,02:29,DEEP,108,
2026-04-05,02:30,DEEP,108,
2026-04-05,02:31,DEEP,103,
2026-04-05,02:32,DEEP,107,
2026-04-05,02:33,DEEP,106,
2026-04-05,02:34,DEEP,98,
2026-04-05,02:35,DEEP,94,
2026-04-05,02:36,DEEP,94,
2026-04-05,02:37,DEEP,105,
2026-04-05,02:38,DEEP,102,
2026-04-05,02:39,LIGHT,99,
2026-04-05,02:40,LIGHT,101,
2026-04-05,02:41,LIGHT,98,
2026-04-05,02:42,LIGHT,93,
2026-04-05,02:43,LIGHT,90,
2026-04-05,02:44,LIGHT,95,
2026-04-05,02:45,REM,105,
2026-04-05,02:46,REM,102,
2026-04-05,02:47,REM,121,
2026-04-05,02:48,REM,112,
2026-04-05,02:49,REM,93,
2026-04-05,02:50,REM,87,
2026-04-05,02:51,REM,87,
2026-04-05,02:52,REM,92,
2026-04-05,02:53,REM,89,
2026-04-05,02:54,REM,89,
2026-04-05,02:55,REM,90,
2026-04-05,02:56,REM,86,
2026-04-05,02:57,REM,86,
2026-04-05,02:58,REM,87,
2026-04-05,02:59,REM,90,
2026-04-05,03:00,REM,91,
2026-04-05,03:01,REM,93,
2026-04-05,03:02,REM,93,
2026-04-05,03:03,REM,93,
2026-04-05,03:04,REM,92,
2026-04-05,03:05,REM,92,
2026-04-05,03:06,REM,92,
2026-04-05,03:07,REM,94,
2026-04-05,03:08,REM,95,
2026-04-05,03:09,REM,91,
2026-04-05,03:10,REM,88,
2026-04-05,03:11,REM,95,
2026-04-05,03:12,REM,92,
2026-04-05,03:13,REM,97,
2026-04-05,03:14,REM,92,
2026-04-05,03:15,REM,88,
2026-04-05,03:16,REM,85,
2026-04-05,03:17,REM,85,
2026-04-05,03:18,REM,86,
2026-04-05,03:19,REM,89,
2026-04-05,03:20,REM,89,
2026-04-05,03:21,REM,86,
2026-04-05,03:22,REM,85,
2026-04-05,03:23,REM,83,
2026-04-05,03:24,REM,83,
2026-04-05,03:25,REM,77,
2026-04-05,03:26,REM,80,
2026-04-05,03:27,REM,81,
2026-04-05,03:28,REM,81,
2026-04-05,03:29,LIGHT,83,
2026-04-05,03:30,LIGHT,81,
2026-04-05,03:31,LIGHT,81,
2026-04-05,03:32,LIGHT,80,
2026-04-05,03:33,LIGHT,84,
2026-04-05,03:34,LIGHT,84,
2026-04-05,03:35,LIGHT,83,
2026-04-05,03:36,LIGHT,83,
2026-04-05,03:37,LIGHT,87,
2026-04-05,03:38,LIGHT,85,
2026-04-05,03:39,LIGHT,79,
2026-04-05,03:40,LIGHT,87,
2026-04-05,03:41,LIGHT,86,
2026-04-05,03:42,LIGHT,86,
2026-04-05,03:43,LIGHT,85,
2026-04-05,03:44,LIGHT,82,
2026-04-05,03:45,LIGHT,82,
2026-04-05,03:46,LIGHT,84,
2026-04-05,03:47,LIGHT,85,
2026-04-05,03:48,LIGHT,83,
2026-04-05,03:49,LIGHT,83,
2026-04-05,03:50,LIGHT,84,
2026-04-05,03:51,LIGHT,84,
2026-04-05,03:52,LIGHT,84,
2026-04-05,03:53,LIGHT,84,
2026-04-05,03:54,LIGHT,83,
2026-04-05,03:55,LIGHT,80,
2026-04-05,03:56,LIGHT,81,
2026-04-05,03:57,LIGHT,77,
2026-04-05,03:58,LIGHT,77,
2026-04-05,03:59,LIGHT,74,
2026-04-05,04:00,LIGHT,71,
2026-04-05,04:01,LIGHT,74,
2026-04-05,04:02,LIGHT,76,
2026-04-05,04:03,LIGHT,84,
2026-04-05,04:04,LIGHT,83,
2026-04-05,04:05,LIGHT,81,
2026-04-05,04:06,LIGHT,81,
2026-04-05,04:07,LIGHT,83,
2026-04-05,04:08,DEEP,83,
2026-04-05,04:09,DEEP,83,
2026-04-05,04:10,LIGHT,85,
2026-04-05,04:11,LIGHT,85,
2026-04-05,04:12,LIGHT,85,
2026-04-05,04:13,LIGHT,80,
2026-04-05,04:14,LIGHT,81,
2026-04-05,04:15,LIGHT,81,
2026-04-05,04:16,DEEP,81,
2026-04-05,04:17,DEEP,84,
2026-04-05,04:18,DEEP,84,
2026-04-05,04:19,DEEP,85,
2026-04-05,04:20,DEEP,84,
2026-04-05,04:21,DEEP,83,
2026-04-05,04:22,DEEP,84,
2026-04-05,04:23,DEEP,86,
2026-04-05,04:24,DEEP,83,
2026-04-05,04:25,DEEP,85,
2026-04-05,04:26,DEEP,83,
2026-04-05,04:27,DEEP,84,
2026-04-05,04:28,DEEP,87,
2026-04-05,04:29,DEEP,83,
2026-04-05,04:30,DEEP,82,
2026-04-05,04:31,DEEP,82,
2026-04-05,04:32,LIGHT,79,
2026-04-05,04:33,LIGHT,81,
2026-04-05,04:34,LIGHT,81,
2026-04-05,04:35,LIGHT,84,
2026-04-05,04:36,LIGHT,83,
2026-04-05,04:37,LIGHT,79,
2026-04-05,04:38,REM,77,
2026-04-05,04:39,REM,78,
2026-04-05,04:40,REM,78,
2026-04-05,04:41,REM,78,
2026-04-05,04:42,REM,85,
2026-04-05,04:43,REM,93,
2026-04-05,04:44,REM,100,
2026-04-05,04:45,REM,97,
2026-04-05,04:46,REM,91,
2026-04-05,04:47,REM,93,
2026-04-05,04:48,REM,91,
2026-04-05,04:49,REM,88,
2026-04-05,04:50,REM,92,
2026-04-05,04:51,REM,93,
2026-04-05,04:52,REM,108,
2026-04-05,04:53,REM,105,
2026-04-05,04:54,REM,113,
2026-04-05,04:55,REM,105,
2026-04-05,04:56,REM,99,
2026-04-05,04:57,REM,106,
2026-04-05,04:58,REM,103,
2026-04-05,04:59,REM,93,
2026-04-05,05:00,REM,95,
2026-04-05,05:01,REM,105,
2026-04-05,05:02,REM,114,
2026-04-05,05:03,REM,104,
2026-04-05,05:04,REM,95,
2026-04-05,05:05,REM,87,
2026-04-05,05:06,REM,85,
2026-04-05,05:07,REM,87,
2026-04-05,05:08,REM,90,
2026-04-05,05:09,REM,90,
2026-04-05,05:10,REM,90,
2026-04-05,05:11,REM,97,
2026-04-05,05:12,REM,99,
2026-04-05,05:13,REM,99,
2026-04-05,05:14,REM,96,
2026-04-05,05:15,LIGHT,93,
2026-04-05,05:16,LIGHT,88,
2026-04-05,05:17,LIGHT,87,
2026-04-05,05:18,LIGHT,87,
2026-04-05,05:19,LIGHT,92,
2026-04-05,05:20,LIGHT,97,
2026-04-05,05:21,LIGHT,99,
2026-04-05,05:22,LIGHT,97,
2026-04-05,05:23,LIGHT,94,
2026-04-05,05:24,LIGHT,109,
2026-04-05,05:25,LIGHT,104,
2026-04-05,05:26,LIGHT,98,
2026-04-05,05:27,LIGHT,86,
2026-04-05,05:28,LIGHT,85,
2026-04-05,05:29,LIGHT,95,
2026-04-05,05:30,LIGHT,102,
2026-04-05,05:31,LIGHT,102,
2026-04-05,05:32,LIGHT,113,
2026-04-05,05:33,LIGHT,108,
2026-04-05,05:34,LIGHT,102,
2026-04-05,05:35,LIGHT,99,
2026-04-05,05:36,LIGHT,100,
2026-04-05,05:37,LIGHT,113,
2026-04-05,05:38,LIGHT,101,
2026-04-05,05:39,LIGHT,103,
2026-04-05,05:40,LIGHT,107,
2026-04-05,05:41,LIGHT,106,
2026-04-05,05:42,LIGHT,97,
2026-04-05,05:43,LIGHT,92,
2026-04-05,05:44,LIGHT,92,
2026-04-05,05:45,LIGHT,99,
2026-04-05,05:46,LIGHT,104,
2026-04-05,05:47,LIGHT,106,
2026-04-05,05:48,LIGHT,106,
2026-04-05,05:49,LIGHT,110,
2026-04-05,05:50,LIGHT,107,
2026-04-05,05:51,LIGHT,109,
2026-04-05,05:52,LIGHT,98,
2026-04-05,05:53,DEEP,100,
2026-04-05,05:54,DEEP,94,
2026-04-05,05:55,DEEP,99,
2026-04-05,05:56,DEEP,98,
2026-04-05,05:57,DEEP,93,
2026-04-05,05:58,DEEP,93,
2026-04-05,05:59,DEEP,98,
2026-04-05,06:00,DEEP,91,
2026-04-05,06:01,DEEP,93,
2026-04-05,06:02,LIGHT,95,
2026-04-05,06:03,LIGHT,104,
2026-04-05,06:04,LIGHT,110,
2026-04-05,06:05,LIGHT,108,
2026-04-05,06:06,LIGHT,102,
2026-04-05,06:07,LIGHT,102,
2026-04-05,06:08,LIGHT,106,
2026-04-05,06:09,LIGHT,118,
2026-04-05,06:10,LIGHT,118,
2026-04-05,06:11,LIGHT,113,
2026-04-05,06:12,LIGHT,111,
2026-04-05,06:13,LIGHT,100,
2026-04-05,06:14,LIGHT,94,
2026-04-05,06:15,LIGHT,90,
2026-04-05,06:16,LIGHT,88,
2026-04-05,06:17,LIGHT,88,
2026-04-05,06:18,LIGHT,83,
2026-04-05,06:19,LIGHT,83,
2026-04-05,06:20,LIGHT,83,
2026-04-05,06:21,LIGHT,81,
2026-04-05,06:22,LIGHT,82,
2026-04-05,06:23,LIGHT,81,
2026-04-05,06:24,LIGHT,79,
2026-04-05,06:25,LIGHT,80,
2026-04-05,06:26,LIGHT,81,
2026-04-05,06:27,LIGHT,77,
2026-04-05,06:28,LIGHT,77,
2026-04-05,06:29,LIGHT,82,
2026-04-05,06:30,LIGHT,82,
2026-04-05,06:31,LIGHT,91,
2026-04-05,06:32,LIGHT,98,
2026-04-05,06:33,LIGHT,97,
2026-04-05,06:34,LIGHT,91,
2026-04-05,06:35,LIGHT,91,
2026-04-05,06:36,REM,96,
2026-04-05,06:37,REM,90,
2026-04-05,06:38,REM,87,
2026-04-05,06:39,REM,79,
2026-04-05,06:40,REM,80,
2026-04-05,06:41,REM,77,
2026-04-05,06:42,REM,76,
2026-04-05,06:43,REM,75,
2026-04-05,06:44,REM,75,
2026-04-05,06:45,REM,77,
2026-04-05,06:46,REM,87,
2026-04-05,06:47,REM,92,
2026-04-05,06:48,REM,97,
2026-04-05,06:49,REM,97,
2026-04-05,06:50,REM,89,
2026-04-05,06:51,REM,81,
2026-04-05,06:52,REM,77,
2026-04-05,06:53,REM,76,
2026-04-05,06:54,REM,76,
2026-04-05,06:55,REM,79,
2026-04-05,06:56,REM,85,
2026-04-05,06:57,LIGHT,80,
2026-04-05,06:58,LIGHT,81,
2026-04-05,06:59,LIGHT,78,
2026-04-05,07:00,LIGHT,78,
2026-04-05,07:01,LIGHT,78,
2026-04-05,07:02,LIGHT,77,
2026-04-05,07:03,LIGHT,74,
2026-04-05,07:04,LIGHT,74,
2026-04-05,07:05,LIGHT,79,
2026-04-05,07:06,LIGHT,77,
2026-04-05,07:07,LIGHT,76,
2026-04-05,07:08,LIGHT,74,
2026-04-05,07:09,LIGHT,74,
2026-04-05,07:10,LIGHT,71,
2026-04-05,07:11,LIGHT,76,
2026-04-05,07:12,LIGHT,89,
2026-04-05,07:13,LIGHT,87,
2026-04-05,07:14,LIGHT,89,
2026-04-05,07:15,LIGHT,79,
2026-04-05,07:16,LIGHT,73,
2026-04-05,07:17,LIGHT,70,
2026-04-05,07:18,LIGHT,68,
2026-04-05,07:19,LIGHT,67,
2026-04-05,07:20,LIGHT,66,
2026-04-05,07:21,LIGHT,66,
2026-04-05,07:22,LIGHT,66,
2026-04-05,07:23,LIGHT,64,
2026-04-05,07:24,LIGHT,64,
2026-04-05,07:25,LIGHT,65,
2026-04-05,07:26,LIGHT,65,
2026-04-05,07:27,LIGHT,65,
2026-04-05,07:28,LIGHT,67,
2026-04-05,07:29,LIGHT,69,
2026-04-05,07:30,LIGHT,68,
2026-04-05,07:31,LIGHT,68,
2026-04-05,07:32,LIGHT,68,
2026-04-05,07:33,LIGHT,69,
2026-04-05,07:34,LIGHT,69,
2026-04-05,07:35,LIGHT,69,
2026-04-05,07:36,LIGHT,69,
2026-04-05,07:37,LIGHT,69,
2026-04-05,07:38,LIGHT,69,
2026-04-05,07:39,LIGHT,69,
2026-04-05,07:40,LIGHT,69,
2026-04-05,07:41,LIGHT,69,
2026-04-05,07:42,LIGHT,68,
2026-04-05,07:43,LIGHT,68,
2026-04-05,07:44,WAKE,68,
2026-04-05,07:45,LIGHT,69,
2026-04-05,07:46,LIGHT,69,
2026-04-05,07:47,LIGHT,68,
2026-04-05,07:48,LIGHT,68,
2026-04-05,07:49,LIGHT,68,
2026-04-05,07:50,REM,68,
2026-04-05,07:51,REM,68,
2026-04-05,07:52,REM,68,
2026-04-05,07:53,LIGHT,68,
2026-04-05,07:54,LIGHT,68,
2026-04-05,07:55,LIGHT,68,
2026-04-05,07:56,WAKE,69,
2026-04-05,07:57,WAKE,69,
2026-04-05,07:58,WAKE,69,
2026-04-05,07:59,WAKE,69,
2026-04-05,08:00,LIGHT,69,
2026-04-05,08:01,LIGHT,69,
2026-04-05,08:02,LIGHT,69,
2026-04-05,08:03,LIGHT,69,
2026-04-05,08:04,LIGHT,69,
2026-04-05,08:05,LIGHT,78,
2026-04-06,07:27,LIGHT,65,
2026-04-06,07:28,LIGHT,59,
2026-04-06,07:29,LIGHT,57,
2026-04-06,07:30,LIGHT,59,
2026-04-06,07:31,LIGHT,59,
2026-04-06,07:32,LIGHT,55,
2026-04-06,07:33,LIGHT,54,
2026-04-06,07:34,LIGHT,55,
2026-04-06,07:35,DEEP,56,
2026-04-06,07:36,DEEP,54,
2026-04-06,07:37,DEEP,54,
2026-04-06,07:38,DEEP,54,
2026-04-06,07:39,DEEP,55,
2026-04-06,07:40,DEEP,55,
2026-04-06,07:41,DEEP,55,
2026-04-06,07:42,DEEP,55,
2026-04-06,07:43,DEEP,55,
2026-04-06,07:44,DEEP,55,
2026-04-06,07:45,DEEP,55,
2026-04-06,07:46,DEEP,55,
2026-04-06,07:47,DEEP,58,
2026-04-06,07:48,DEEP,55,
2026-04-06,07:49,DEEP,55,
2026-04-06,07:50,DEEP,55,
2026-04-06,07:51,DEEP,55,
2026-04-06,07:52,DEEP,55,
2026-04-06,07:53,DEEP,55,
2026-04-06,07:54,DEEP,55,
2026-04-06,07:55,DEEP,55,
2026-04-06,07:56,DEEP,55,
2026-04-06,07:57,DEEP,56,
2026-04-06,07:58,DEEP,55,
2026-04-06,07:59,DEEP,57,
2026-04-06,08:00,DEEP,59,
2026-04-06,08:01,DEEP,53,
2026-04-06,08:02,DEEP,52,
2026-04-06,08:03,DEEP,52,
2026-04-06,08:04,DEEP,51,
2026-04-06,08:05,DEEP,51,
2026-04-06,08:06,DEEP,51,
2026-04-06,08:07,LIGHT,52,
2026-04-06,08:08,LIGHT,52,
2026-04-06,08:09,LIGHT,52,
2026-04-06,08:10,LIGHT,52,
2026-04-06,08:11,LIGHT,52,
2026-04-06,08:12,LIGHT,52,
2026-04-06,08:13,LIGHT,52,
2026-04-06,08:14,LIGHT,57,
2026-04-06,08:15,LIGHT,52,
2026-04-06,08:16,LIGHT,50,
2026-04-06,08:17,REM,50,
2026-04-06,08:18,REM,50,
2026-04-06,08:19,REM,50,
2026-04-06,08:20,REM,51,
2026-04-06,08:21,REM,52,
2026-04-06,08:22,REM,53,
2026-04-06,08:23,REM,58,
2026-04-06,08:24,REM,52,
2026-04-06,08:25,REM,51,
2026-04-06,08:26,REM,51,
2026-04-06,08:27,REM,51,
2026-04-06,08:28,REM,51,
2026-04-06,08:29,REM,51,
2026-04-06,08:30,REM,53,
2026-04-06,08:31,LIGHT,53,
2026-04-06,08:32,LIGHT,62,
2026-04-06,08:33,LIGHT,54,
2026-04-06,08:34,LIGHT,54,
2026-04-06,08:35,LIGHT,51,
2026-04-06,08:36,LIGHT,52,
2026-04-06,08:37,LIGHT,52,
2026-04-06,08:38,LIGHT,52,
2026-04-06,08:39,LIGHT,50,
2026-04-06,08:40,LIGHT,56,
2026-04-06,08:41,LIGHT,56,
2026-04-06,08:42,LIGHT,62,
2026-04-06,08:43,LIGHT,59,
2026-04-06,08:44,LIGHT,56,
2026-04-06,08:45,LIGHT,55,
2026-04-06,08:46,LIGHT,53,
2026-04-06,08:47,LIGHT,57,
2026-04-06,08:48,LIGHT,57,
2026-04-06,08:49,LIGHT,54,
2026-04-06,08:50,LIGHT,52,
2026-04-06,08:51,LIGHT,52,
2026-04-06,08:52,LIGHT,52,
2026-04-06,08:53,LIGHT,52,
2026-04-06,08:54,LIGHT,52,
2026-04-06,08:55,LIGHT,59,
2026-04-06,08:56,LIGHT,64,
2026-04-06,08:57,LIGHT,69,
2026-04-06,08:58,LIGHT,74,
2026-04-06,08:59,LIGHT,79,
2026-04-06,09:00,LIGHT,69,
2026-04-06,09:01,WAKE,69,
2026-04-06,09:02,LIGHT,61,
2026-04-06,09:03,LIGHT,71,
2026-04-06,09:04,LIGHT,84,
2026-04-06,09:05,LIGHT,81,
2026-04-06,09:06,LIGHT,68,
2026-04-06,09:07,LIGHT,62,
2026-04-06,09:08,LIGHT,59,
2026-04-06,09:09,LIGHT,64,
2026-04-06,09:10,LIGHT,74,
2026-04-06,09:11,LIGHT,76,
2026-04-06,09:12,LIGHT,76,
2026-04-06,09:13,LIGHT,77,
2026-04-06,09:14,LIGHT,69,
2026-04-06,09:15,LIGHT,71,
2026-04-06,09:16,LIGHT,68,
2026-04-06,09:17,LIGHT,73,
2026-04-06,09:18,LIGHT,88,
2026-04-06,09:19,LIGHT,88,
2026-04-06,09:20,LIGHT,79,
2026-04-06,09:21,LIGHT,74,
2026-04-06,09:22,LIGHT,68,
2026-04-06,09:23,LIGHT,68,
2026-04-06,09:24,LIGHT,68,
2026-04-06,09:25,LIGHT,65,
2026-04-06,09:26,LIGHT,68,
2026-04-06,09:27,REM,69,
2026-04-06,09:28,REM,69,
2026-04-06,09:29,REM,76,
2026-04-06,09:30,REM,83,
2026-04-06,09:31,REM,76,
2026-04-06,09:32,REM,73,
2026-04-06,09:33,REM,73,
2026-04-06,09:34,REM,71,
2026-04-06,09:35,REM,68,
2026-04-06,09:36,REM,66,
2026-04-06,09:37,REM,66,
2026-04-06,09:38,REM,66,
2026-04-06,09:39,REM,66,
2026-04-06,09:40,REM,66,
2026-04-06,09:41,REM,69,
2026-04-06,09:42,REM,73,
2026-04-06,09:43,REM,69,
2026-04-06,09:44,REM,68,
2026-04-06,09:45,REM,76,
2026-04-06,09:46,REM,79,
2026-04-06,09:47,REM,75,
2026-04-06,09:48,REM,74,
2026-04-06,09:49,REM,73,
2026-04-06,09:50,REM,70,
2026-04-06,09:51,REM,66,
2026-04-06,09:52,REM,67,
2026-04-06,09:53,LIGHT,67,
2026-04-06,09:54,LIGHT,66,
2026-04-06,09:55,LIGHT,65,
2026-04-06,09:56,LIGHT,66,
2026-04-06,09:57,LIGHT,67,
2026-04-06,09:58,LIGHT,68,
2026-04-06,09:59,LIGHT,70,
2026-04-06,10:00,LIGHT,74,
2026-04-06,10:01,LIGHT,72,
2026-04-06,10:02,LIGHT,72,
2026-04-06,10:03,LIGHT,70,
2026-04-06,10:04,LIGHT,70,
2026-04-06,10:05,LIGHT,71,
2026-04-06,10:06,LIGHT,68,
2026-04-06,10:07,LIGHT,73,
2026-04-06,10:08,LIGHT,70,
2026-04-06,10:09,LIGHT,72,
2026-04-06,10:10,LIGHT,69,
2026-04-06,10:11,LIGHT,66,
2026-04-06,10:12,LIGHT,64,
2026-04-06,10:13,LIGHT,64,
2026-04-06,10:14,LIGHT,75,
2026-04-06,10:15,LIGHT,,
2026-04-06,10:16,LIGHT,,
2026-04-06,10:17,DEEP,,
2026-04-06,10:18,DEEP,,
2026-04-06,10:19,DEEP,,
2026-04-06,10:20,DEEP,,
2026-04-06,10:21,DEEP,,
2026-04-06,10:22,DEEP,,
2026-04-06,10:23,DEEP,,
2026-04-06,10:24,DEEP,,
2026-04-06,10:25,DEEP,,
2026-04-06,10:26,DEEP,,
2026-04-06,10:27,DEEP,,
2026-04-06,10:28,DEEP,,
2026-04-06,10:29,DEEP,,
2026-04-06,10:30,DEEP,,
2026-04-06,10:31,DEEP,,
2026-04-06,10:32,DEEP,,
2026-04-06,10:33,DEEP,,
2026-04-06,10:34,LIGHT,,
2026-04-06,10:35,LIGHT,,
2026-04-06,10:36,LIGHT,,
2026-04-06,10:37,LIGHT,,
2026-04-06,10:38,LIGHT,,
2026-04-06,10:39,LIGHT,,
2026-04-06,10:40,LIGHT,,
2026-04-06,10:41,LIGHT,,
2026-04-06,10:42,LIGHT,,
2026-04-06,10:43,LIGHT,,
2026-04-06,10:44,REM,,
2026-04-06,10:45,REM,,
2026-04-06,10:46,REM,,
2026-04-06,10:47,REM,,
2026-04-06,10:48,REM,,
2026-04-06,10:49,REM,,
2026-04-06,10:50,REM,,
2026-04-06,10:51,REM,,
2026-04-06,10:52,REM,,
2026-04-06,10:53,REM,,
2026-04-06,10:54,REM,,
2026-04-06,10:55,REM,,
2026-04-06,10:56,REM,,
2026-04-06,10:57,REM,,
2026-04-06,10:58,REM,,
2026-04-06,10:59,REM,,
2026-04-06,11:00,REM,,
2026-04-06,11:01,REM,,
2026-04-06,11:02,REM,,
2026-04-06,11:03,REM,,
2026-04-06,11:04,REM,,
2026-04-06,11:05,REM,,
2026-04-06,11:06,REM,,
2026-04-06,11:07,REM,,
2026-04-06,11:08,REM,,
2026-04-06,11:09,REM,,
2026-04-06,11:10,LIGHT,,
2026-04-06,11:11,LIGHT,,
2026-04-06,11:12,LIGHT,,
2026-04-06,11:13,LIGHT,,
2026-04-06,11:14,LIGHT,,
2026-04-06,11:15,LIGHT,,
2026-04-06,11:16,LIGHT,,
2026-04-06,11:17,LIGHT,,
2026-04-06,11:18,LIGHT,,
2026-04-06,11:19,LIGHT,,
2026-04-06,11:20,LIGHT,,
2026-04-06,11:21,LIGHT,,
2026-04-06,11:22,LIGHT,,
2026-04-06,11:23,LIGHT,,
2026-04-06,11:24,LIGHT,,
2026-04-06,11:25,LIGHT,,
2026-04-06,11:26,LIGHT,,
2026-04-06,11:27,LIGHT,,
2026-04-06,11:28,LIGHT,,
2026-04-06,11:29,LIGHT,,
2026-04-06,11:30,LIGHT,,
2026-04-06,11:31,LIGHT,,
2026-04-06,11:32,LIGHT,,
2026-04-06,11:33,LIGHT,,
2026-04-06,11:34,LIGHT,,
2026-04-06,11:35,LIGHT,,
2026-04-06,11:36,LIGHT,,
2026-04-06,11:37,LIGHT,,
2026-04-06,11:38,LIGHT,,
2026-04-06,11:39,LIGHT,,
2026-04-06,11:40,LIGHT,,
2026-04-06,11:41,LIGHT,,
2026-04-06,11:42,LIGHT,,
2026-04-06,11:43,LIGHT,,
2026-04-06,11:44,LIGHT,,
2026-04-06,11:45,LIGHT,,
2026-04-06,11:46,DEEP,,
2026-04-06,11:47,DEEP,,
2026-04-06,11:48,DEEP,,
2026-04-06,11:49,LIGHT,,
2026-04-06,11:50,LIGHT,,
2026-04-06,11:51,LIGHT,,
2026-04-06,11:52,WAKE,,
2026-04-06,11:53,LIGHT,,
2026-04-06,11:54,LIGHT,,
2026-04-06,11:55,LIGHT,,
2026-04-06,11:56,LIGHT,,
2026-04-06,11:57,LIGHT,,
2026-04-06,11:58,LIGHT,,
2026-04-06,11:59,LIGHT,,
2026-04-06,12:00,LIGHT,,
2026-04-06,12:01,REM,,
2026-04-06,12:02,REM,,
2026-04-06,12:03,REM,,
2026-04-06,12:04,REM,,
2026-04-06,12:05,REM,,
2026-04-06,12:06,REM,,
2026-04-06,12:07,REM,,
2026-04-06,12:08,REM,,
2026-04-06,12:09,REM,,
2026-04-06,12:10,REM,,
2026-04-06,12:11,REM,,
2026-04-06,12:12,REM,,
2026-04-06,12:13,REM,,
2026-04-06,12:14,REM,,
2026-04-06,12:15,REM,,
2026-04-06,12:16,REM,,
2026-04-06,12:17,REM,,
2026-04-06,12:18,REM,,
2026-04-06,12:19,REM,,
2026-04-06,12:20,REM,,
2026-04-06,12:21,REM,,
2026-04-06,12:22,REM,,
2026-04-06,12:23,REM,,
2026-04-06,12:24,REM,,
2026-04-06,12:25,REM,,
2026-04-06,12:26,REM,,
2026-04-06,12:27,REM,,
2026-04-06,12:28,REM,,
2026-04-06,12:29,REM,,
2026-04-06,12:30,REM,,
2026-04-06,12:31,REM,,
2026-04-06,12:32,LIGHT,,
2026-04-06,12:33,LIGHT,,
2026-04-06,12:34,LIGHT,,
2026-04-06,12:35,LIGHT,,
2026-04-06,12:36,LIGHT,,
2026-04-06,12:37,LIGHT,,
2026-04-06,12:38,LIGHT,,
2026-04-06,12:39,LIGHT,,
2026-04-06,12:40,LIGHT,,
2026-04-06,12:41,LIGHT,,
2026-04-06,12:42,LIGHT,,
2026-04-06,12:43,LIGHT,,
2026-04-06,12:44,LIGHT,,
2026-04-06,12:45,LIGHT,,
2026-04-06,12:46,LIGHT,,
2026-04-06,12:47,LIGHT,,
2026-04-06,12:48,LIGHT,,
2026-04-06,12:49,LIGHT,,
2026-04-06,12:50,LIGHT,,
2026-04-06,12:51,LIGHT,,
2026-04-06,12:52,LIGHT,,
2026-04-06,12:53,LIGHT,,
2026-04-06,12:54,LIGHT,,
2026-04-06,12:55,LIGHT,,
2026-04-06,12:56,LIGHT,,
2026-04-06,12:57,LIGHT,,
2026-04-06,12:58,LIGHT,,
2026-04-06,12:59,LIGHT,,
2026-04-06,13:00,LIGHT,,
2026-04-07,01:22,LIGHT,66,
2026-04-07,01:23,LIGHT,64,
2026-04-07,01:24,LIGHT,61,
2026-04-07,01:25,LIGHT,58,
2026-04-07,01:26,LIGHT,58,
2026-04-07,01:27,LIGHT,58,
2026-04-07,01:28,LIGHT,59,
2026-04-07,01:29,LIGHT,58,
2026-04-07,01:30,LIGHT,57,
2026-04-07,01:31,LIGHT,58,
2026-04-07,01:32,DEEP,60,
2026-04-07,01:33,DEEP,61,
2026-04-07,01:34,DEEP,59,
2026-04-07,01:35,DEEP,59,
2026-04-07,01:36,DEEP,58,
2026-04-07,01:37,DEEP,57,
2026-04-07,01:38,DEEP,57,
2026-04-07,01:39,DEEP,57,
2026-04-07,01:40,DEEP,57,
2026-04-07,01:41,DEEP,57,
2026-04-07,01:42,DEEP,57,
2026-04-07,01:43,DEEP,57,
2026-04-07,01:44,DEEP,57,
2026-04-07,01:45,DEEP,57,
2026-04-07,01:46,LIGHT,57,
2026-04-07,01:47,LIGHT,61,
2026-04-07,01:48,LIGHT,63,
2026-04-07,01:49,LIGHT,61,
2026-04-07,01:50,LIGHT,58,
2026-04-07,01:51,LIGHT,54,
2026-04-07,01:52,LIGHT,52,
2026-04-07,01:53,LIGHT,52,
2026-04-07,01:54,LIGHT,53,
2026-04-07,01:55,LIGHT,53,
2026-04-07,01:56,LIGHT,54,
2026-04-07,01:57,LIGHT,56,
2026-04-07,01:58,LIGHT,58,
2026-04-07,01:59,LIGHT,62,
2026-04-07,02:00,LIGHT,56,
2026-04-07,02:01,LIGHT,53,
2026-04-07,02:02,DEEP,53,
2026-04-07,02:03,DEEP,53,
2026-04-07,02:04,DEEP,53,
2026-04-07,02:05,DEEP,53,
2026-04-07,02:06,DEEP,54,
2026-04-07,02:07,DEEP,54,
2026-04-07,02:08,DEEP,54,
2026-04-07,02:09,DEEP,54,
2026-04-07,02:10,DEEP,54,
2026-04-07,02:11,DEEP,54,
2026-04-07,02:12,DEEP,54,
2026-04-07,02:13,DEEP,54,
2026-04-07,02:14,DEEP,54,
2026-04-07,02:15,DEEP,54,
2026-04-07,02:16,DEEP,54,
2026-04-07,02:17,DEEP,54,
2026-04-07,02:18,DEEP,54,
2026-04-07,02:19,DEEP,54,
2026-04-07,02:20,DEEP,54,
2026-04-07,02:21,DEEP,54,
2026-04-07,02:22,DEEP,54,
2026-04-07,02:23,DEEP,54,
2026-04-07,02:24,DEEP,63,
2026-04-07,02:25,DEEP,59,
2026-04-07,02:26,DEEP,53,
2026-04-07,02:27,DEEP,53,
2026-04-07,02:28,DEEP,55,
2026-04-07,02:29,DEEP,57,
2026-04-07,02:30,DEEP,56,
2026-04-07,02:31,DEEP,53,
2026-04-07,02:32,LIGHT,53,
2026-04-07,02:33,LIGHT,52,
2026-04-07,02:34,LIGHT,52,
2026-04-07,02:35,LIGHT,54,
2026-04-07,02:36,LIGHT,59,
2026-04-07,02:37,LIGHT,58,
2026-04-07,02:38,LIGHT,55,
2026-04-07,02:39,WAKE,55,
2026-04-07,02:40,LIGHT,59,
2026-04-07,02:41,LIGHT,61,
2026-04-07,02:42,LIGHT,61,
2026-04-07,02:43,REM,58,
2026-04-07,02:44,REM,56,
2026-04-07,02:45,REM,58,
2026-04-07,02:46,REM,58,
2026-04-07,02:47,REM,58,
2026-04-07,02:48,REM,63,
2026-04-07,02:49,REM,57,
2026-04-07,02:50,REM,55,
2026-04-07,02:51,REM,56,
2026-04-07,02:52,REM,55,
2026-04-07,02:53,LIGHT,54,
2026-04-07,02:54,LIGHT,54,
2026-04-07,02:55,LIGHT,54,
2026-04-07,02:56,LIGHT,53,
2026-04-07,02:57,LIGHT,53,
2026-04-07,02:58,LIGHT,54,
2026-04-07,02:59,LIGHT,56,
2026-04-07,03:00,LIGHT,53,
2026-04-07,03:01,LIGHT,53,
2026-04-07,03:02,LIGHT,54,
2026-04-07,03:03,LIGHT,54,
2026-04-07,03:04,LIGHT,54,
2026-04-07,03:05,LIGHT,54,
2026-04-07,03:06,LIGHT,54,
2026-04-07,03:07,LIGHT,54,
2026-04-07,03:08,LIGHT,55,
2026-04-07,03:09,LIGHT,52,
2026-04-07,03:10,LIGHT,53,
2026-04-07,03:11,LIGHT,53,
2026-04-07,03:12,LIGHT,53,
2026-04-07,03:13,LIGHT,53,
2026-04-07,03:14,LIGHT,53,
2026-04-07,03:15,LIGHT,53,
2026-04-07,03:16,LIGHT,53,
2026-04-07,03:17,LIGHT,53,
2026-04-07,03:18,LIGHT,53,
2026-04-07,03:19,LIGHT,54,
2026-04-07,03:20,LIGHT,54,
2026-04-07,03:21,LIGHT,54,
2026-04-07,03:22,LIGHT,55,
2026-04-07,03:23,DEEP,53,
2026-04-07,03:24,DEEP,52,
2026-04-07,03:25,DEEP,52,
2026-04-07,03:26,DEEP,52,
2026-04-07,03:27,DEEP,52,
2026-04-07,03:28,DEEP,52,
2026-04-07,03:29,DEEP,52,
2026-04-07,03:30,DEEP,59,
2026-04-07,03:31,DEEP,53,
2026-04-07,03:32,DEEP,50,
2026-04-07,03:33,DEEP,51,
2026-04-07,03:34,DEEP,51,
2026-04-07,03:35,DEEP,51,
2026-04-07,03:36,DEEP,51,
2026-04-07,03:37,DEEP,51,
2026-04-07,03:38,DEEP,51,
2026-04-07,03:39,DEEP,51,
2026-04-07,03:40,DEEP,51,
2026-04-07,03:41,DEEP,51,
2026-04-07,03:42,LIGHT,51,
2026-04-07,03:43,LIGHT,51,
2026-04-07,03:44,LIGHT,51,
2026-04-07,03:45,LIGHT,51,
2026-04-07,03:46,LIGHT,51,
2026-04-07,03:47,LIGHT,51,
2026-04-07,03:48,LIGHT,52,
2026-04-07,03:49,DEEP,52,
2026-04-07,03:50,DEEP,52,
2026-04-07,03:51,LIGHT,52,
2026-04-07,03:52,LIGHT,52,
2026-04-07,03:53,LIGHT,52,
2026-04-07,03:54,LIGHT,52,
2026-04-07,03:55,LIGHT,52,
2026-04-07,03:56,LIGHT,52,
2026-04-07,03:57,REM,52,
2026-04-07,03:58,REM,52,
2026-04-07,03:59,REM,52,
2026-04-07,04:00,REM,52,
2026-04-07,04:01,REM,52,
2026-04-07,04:02,REM,52,
2026-04-07,04:03,REM,52,
2026-04-07,04:04,REM,52,
2026-04-07,04:05,REM,52,
2026-04-07,04:06,REM,52,
2026-04-07,04:07,REM,52,
2026-04-07,04:08,REM,52,
2026-04-07,04:09,REM,51,
2026-04-07,04:10,REM,50,
2026-04-07,04:11,REM,52,
2026-04-07,04:12,REM,60,
2026-04-07,04:13,REM,65,
2026-04-07,04:14,REM,64,
2026-04-07,04:15,REM,57,
2026-04-07,04:16,REM,53,
2026-04-07,04:17,REM,55,
2026-04-07,04:18,REM,60,
2026-04-07,04:19,REM,54,
2026-04-07,04:20,REM,53,
2026-04-07,04:21,REM,56,
2026-04-07,04:22,REM,53,
2026-04-07,04:23,REM,55,
2026-04-07,04:24,REM,56,
2026-04-07,04:25,REM,58,
2026-04-07,04:26,REM,57,
2026-04-07,04:27,REM,57,
2026-04-07,04:28,REM,58,
2026-04-07,04:29,REM,58,
2026-04-07,04:30,REM,59,
2026-04-07,04:31,REM,59,
2026-04-07,04:32,REM,65,
2026-04-07,04:33,REM,63,
2026-04-07,04:34,REM,59,
2026-04-07,04:35,REM,61,
2026-04-07,04:36,REM,63,
2026-04-07,04:37,REM,58,
2026-04-07,04:38,REM,56,
2026-04-07,04:39,REM,53,
2026-04-07,04:40,REM,54,
2026-04-07,04:41,REM,54,
2026-04-07,04:42,REM,57,
2026-04-07,04:43,REM,57,
2026-04-07,04:44,REM,57,
2026-04-07,04:45,LIGHT,55,
2026-04-07,04:46,LIGHT,55,
2026-04-07,04:47,LIGHT,55,
2026-04-07,04:48,LIGHT,55,
2026-04-07,04:49,LIGHT,55,
2026-04-07,04:50,LIGHT,56,
2026-04-07,04:51,LIGHT,56,
2026-04-07,04:52,LIGHT,56,
2026-04-07,04:53,LIGHT,56,
2026-04-07,04:54,LIGHT,56,
2026-04-07,04:55,LIGHT,56,
2026-04-07,04:56,LIGHT,56,
2026-04-07,04:57,LIGHT,56,
2026-04-07,04:58,LIGHT,56,
2026-04-07,04:59,LIGHT,56,
2026-04-07,05:00,LIGHT,56,
2026-04-07,05:01,LIGHT,56,
2026-04-07,05:02,LIGHT,56,
2026-04-07,05:03,LIGHT,57,
2026-04-07,05:04,LIGHT,57,
2026-04-07,05:05,LIGHT,56,
2026-04-07,05:06,LIGHT,57,
2026-04-07,05:07,LIGHT,57,
2026-04-07,05:08,LIGHT,57,
2026-04-07,05:09,LIGHT,57,
2026-04-07,05:10,LIGHT,57,
2026-04-07,05:11,LIGHT,57,
2026-04-07,05:12,LIGHT,58,
2026-04-07,05:13,LIGHT,59,
2026-04-07,05:14,DEEP,68,
2026-04-07,05:15,DEEP,57,
2026-04-07,05:16,DEEP,59,
2026-04-07,05:17,DEEP,60,
2026-04-07,05:18,DEEP,55,
2026-04-07,05:19,DEEP,55,
2026-04-07,05:20,DEEP,55,
2026-04-07,05:21,DEEP,56,
2026-04-07,05:22,DEEP,56,
2026-04-07,05:23,DEEP,56,
2026-04-07,05:24,DEEP,56,
2026-04-07,05:25,DEEP,56,
2026-04-07,05:26,DEEP,56,
2026-04-07,05:27,DEEP,61,
2026-04-07,05:28,DEEP,53,
2026-04-07,05:29,DEEP,51,
2026-04-07,05:30,DEEP,51,
2026-04-07,05:31,DEEP,51,
2026-04-07,05:32,DEEP,51,
2026-04-07,05:33,DEEP,51,
2026-04-07,05:34,DEEP,51,
2026-04-07,05:35,LIGHT,51,
2026-04-07,05:36,LIGHT,52,
2026-04-07,05:37,LIGHT,52,
2026-04-07,05:38,LIGHT,52,
2026-04-07,05:39,LIGHT,53,
2026-04-07,05:40,LIGHT,60,
2026-04-07,05:41,LIGHT,65,
2026-04-07,05:42,LIGHT,55,
2026-04-07,05:43,LIGHT,52,
2026-04-07,05:44,LIGHT,52,
2026-04-07,05:45,LIGHT,52,
2026-04-07,05:46,LIGHT,52,
2026-04-07,05:47,LIGHT,55,
2026-04-07,05:48,LIGHT,52,
2026-04-07,05:49,LIGHT,54,
2026-04-07,05:50,LIGHT,55,
2026-04-07,05:51,LIGHT,52,
2026-04-07,05:52,LIGHT,52,
2026-04-07,05:53,LIGHT,52,
2026-04-07,05:54,LIGHT,58,
2026-04-07,05:55,LIGHT,53,
2026-04-07,05:56,LIGHT,52,
2026-04-07,05:57,REM,52,
2026-04-07,05:58,REM,52,
2026-04-07,05:59,REM,52,
2026-04-07,06:00,REM,54,
2026-04-07,06:01,REM,55,
2026-04-07,06:02,REM,53,
2026-04-07,06:03,REM,53,
2026-04-07,06:04,REM,58,
2026-04-07,06:05,REM,56,
2026-04-07,06:06,REM,56,
2026-04-07,06:07,REM,58,
2026-04-07,06:08,REM,58,
2026-04-07,06:09,REM,56,
2026-04-07,06:10,REM,56,
2026-04-07,06:11,REM,56,
2026-04-07,06:12,REM,54,
2026-04-07,06:13,REM,59,
2026-04-07,06:14,LIGHT,57,
2026-04-07,06:15,LIGHT,59,
2026-04-07,06:16,LIGHT,56,
2026-04-07,06:17,LIGHT,57,
2026-04-07,06:18,LIGHT,61,
2026-04-07,06:19,LIGHT,61,
2026-04-07,06:20,LIGHT,67,
2026-04-07,06:21,LIGHT,58,
2026-04-07,06:22,LIGHT,52,
2026-04-07,06:23,LIGHT,52,
2026-04-07,06:24,LIGHT,57,
2026-04-07,06:25,LIGHT,59,
2026-04-07,06:26,LIGHT,58,
2026-04-07,06:27,LIGHT,55,
2026-04-07,06:28,LIGHT,55,
2026-04-07,06:29,LIGHT,53,
2026-04-07,06:30,LIGHT,55,
2026-04-07,06:31,LIGHT,54,
2026-04-07,06:32,LIGHT,54,
2026-04-07,06:33,LIGHT,51,
2026-04-07,06:34,LIGHT,54,
2026-04-07,06:35,LIGHT,59,
2026-04-07,06:36,LIGHT,57,
2026-04-07,06:37,LIGHT,57,
2026-04-07,06:38,LIGHT,56,
2026-04-07,06:39,LIGHT,53,
2026-04-07,06:40,LIGHT,53,
2026-04-07,06:41,LIGHT,63,
2026-04-07,06:42,LIGHT,58,
2026-04-07,06:43,LIGHT,58,
2026-04-07,06:44,LIGHT,63,
2026-04-07,06:45,LIGHT,59,
2026-04-07,06:46,LIGHT,58,
2026-04-07,06:47,LIGHT,57,
2026-04-07,06:48,LIGHT,57,
2026-04-07,06:49,LIGHT,57,
2026-04-07,06:50,LIGHT,57,
2026-04-07,06:51,LIGHT,57,
2026-04-07,06:52,LIGHT,57,
2026-04-07,06:53,DEEP,57,
2026-04-07,06:54,DEEP,57,
2026-04-07,06:55,DEEP,57,
2026-04-07,06:56,DEEP,57,
2026-04-07,06:57,DEEP,57,
2026-04-07,06:58,DEEP,57,
2026-04-07,06:59,DEEP,57,
2026-04-07,07:00,DEEP,57,
2026-04-07,07:01,DEEP,57,
2026-04-07,07:02,DEEP,57,
2026-04-07,07:03,LIGHT,57,
2026-04-07,07:04,LIGHT,56,
2026-04-07,07:05,LIGHT,56,
2026-04-07,07:06,LIGHT,56,
2026-04-07,07:07,LIGHT,57,
2026-04-07,07:08,LIGHT,57,
2026-04-07,07:09,LIGHT,57,
2026-04-07,07:10,LIGHT,57,
2026-04-07,07:11,LIGHT,57,
2026-04-07,07:12,LIGHT,57,
2026-04-07,07:13,REM,56,
2026-04-07,07:14,REM,57,
2026-04-07,07:15,REM,57,
2026-04-07,07:16,REM,57,
2026-04-07,07:17,REM,57,
2026-04-07,07:18,REM,57,
2026-04-07,07:19,REM,57,
2026-04-07,07:20,REM,57,
2026-04-07,07:21,REM,57,
2026-04-07,07:22,REM,57,
2026-04-07,07:23,REM,57,
2026-04-07,07:24,REM,57,
2026-04-07,07:25,REM,57,
2026-04-07,07:26,REM,57,
2026-04-07,07:27,REM,57,
2026-04-07,07:28,REM,57,
2026-04-07,07:29,REM,57,
2026-04-07,07:30,REM,58,
2026-04-07,07:31,REM,58,
2026-04-07,07:32,REM,57,
2026-04-07,07:33,LIGHT,57,
2026-04-07,07:34,LIGHT,57,
2026-04-07,07:35,LIGHT,57,
2026-04-07,07:36,LIGHT,69,
2026-04-07,07:37,LIGHT,72,
2026-04-07,07:38,LIGHT,63,
2026-04-07,07:39,LIGHT,57,
2026-04-07,07:40,LIGHT,60,
2026-04-07,07:41,LIGHT,55,
2026-04-07,07:42,LIGHT,52,
2026-04-07,07:43,LIGHT,52,
2026-04-07,07:44,LIGHT,52,
2026-04-07,07:45,LIGHT,54,
2026-04-07,07:46,LIGHT,54,
2026-04-07,07:47,LIGHT,53,
2026-04-07,07:48,LIGHT,53,
2026-04-07,07:49,LIGHT,59,
2026-04-07,07:50,LIGHT,58,
2026-04-07,07:51,LIGHT,58,
2026-04-07,07:52,LIGHT,56,
2026-04-07,07:53,LIGHT,56,
2026-04-07,07:54,LIGHT,51,
2026-04-07,07:55,LIGHT,53,
2026-04-07,07:56,LIGHT,55,
2026-04-07,07:57,LIGHT,57,
2026-04-07,07:58,LIGHT,57,
2026-04-07,07:59,LIGHT,58,
2026-04-07,08:00,LIGHT,63,
2026-04-07,08:01,LIGHT,64,
2026-04-07,08:02,LIGHT,59,
2026-04-07,08:03,LIGHT,55,
2026-04-07,08:04,LIGHT,55,
2026-04-07,08:05,LIGHT,55,
2026-04-07,08:06,LIGHT,56,
2026-04-07,08:07,LIGHT,54,
2026-04-07,08:08,LIGHT,54,
2026-04-07,08:09,LIGHT,60,
2026-04-07,08:10,LIGHT,55,
2026-04-07,08:11,LIGHT,57,
2026-04-07,08:12,LIGHT,53,
2026-04-07,08:13,LIGHT,55,
2026-04-07,08:14,LIGHT,55,
2026-04-07,08:15,LIGHT,55,
2026-04-07,08:16,LIGHT,64,
2026-04-07,08:17,LIGHT,58,
2026-04-07,08:18,LIGHT,55,
2026-04-07,08:19,LIGHT,56,
2026-04-07,08:20,LIGHT,58,
2026-04-07,08:21,LIGHT,55,
2026-04-07,08:22,LIGHT,60,
2026-04-07,08:23,LIGHT,58,
2026-04-07,08:24,LIGHT,57,
2026-04-07,08:25,LIGHT,57,
2026-04-07,08:26,LIGHT,62,
2026-04-07,08:27,LIGHT,60,
2026-04-07,08:28,LIGHT,57,
2026-04-07,08:29,LIGHT,57,
2026-04-07,08:30,LIGHT,56,
2026-04-07,08:31,LIGHT,62,
2026-04-07,08:32,LIGHT,58,
2026-04-07,08:33,LIGHT,55,
2026-04-07,08:34,LIGHT,55,
2026-04-07,08:35,LIGHT,55,
2026-04-07,08:36,LIGHT,55,
2026-04-07,08:37,LIGHT,54,
2026-04-07,08:38,LIGHT,56,
2026-04-07,08:39,LIGHT,63,
2026-04-07,08:40,LIGHT,60,
2026-04-07,08:41,LIGHT,57,
2026-04-07,08:42,LIGHT,57,
2026-04-07,08:43,WAKE,58,
2026-04-07,08:44,WAKE,57,
2026-04-07,08:45,LIGHT,57,
2026-04-07,08:46,LIGHT,57,
2026-04-07,08:47,LIGHT,57,
2026-04-07,08:48,LIGHT,57,
2026-04-07,08:49,LIGHT,56,
2026-04-07,08:50,LIGHT,56,
2026-04-07,08:51,LIGHT,56,
2026-04-07,08:52,LIGHT,56,
2026-04-07,08:53,LIGHT,56,
2026-04-07,08:54,LIGHT,68,
2026-04-07,08:55,LIGHT,63,
2026-04-07,08:56,LIGHT,75,
2026-04-08,00:49,LIGHT,83,
2026-04-08,00:50,LIGHT,78,
2026-04-08,00:51,LIGHT,71,
2026-04-08,00:52,LIGHT,68,
2026-04-08,00:53,LIGHT,68,
2026-04-08,00:54,LIGHT,68,
2026-04-08,00:55,LIGHT,67,
2026-04-08,00:56,LIGHT,69,
2026-04-08,00:57,LIGHT,68,
2026-04-08,00:58,LIGHT,67,
2026-04-08,00:59,LIGHT,68,
2026-04-08,01:00,LIGHT,68,
2026-04-08,01:01,DEEP,70,
2026-04-08,01:02,DEEP,74,
2026-04-08,01:03,DEEP,81,
2026-04-08,01:04,DEEP,80,
2026-04-08,01:05,DEEP,75,
2026-04-08,01:06,DEEP,68,
2026-04-08,01:07,DEEP,66,
2026-04-08,01:08,DEEP,66,
2026-04-08,01:09,DEEP,66,
2026-04-08,01:10,DEEP,63,
2026-04-08,01:11,DEEP,60,
2026-04-08,01:12,DEEP,59,
2026-04-08,01:13,DEEP,59,
2026-04-08,01:14,DEEP,59,
2026-04-08,01:15,DEEP,59,
2026-04-08,01:16,LIGHT,60,
2026-04-08,01:17,LIGHT,58,
2026-04-08,01:18,LIGHT,58,
2026-04-08,01:19,WAKE,57,
2026-04-08,01:20,WAKE,57,
2026-04-08,01:21,LIGHT,57,
2026-04-08,01:22,LIGHT,57,
2026-04-08,01:23,LIGHT,57,
2026-04-08,01:24,LIGHT,57,
2026-04-08,01:25,LIGHT,57,
2026-04-08,01:26,LIGHT,58,
2026-04-08,01:27,REM,58,
2026-04-08,01:28,REM,57,
2026-04-08,01:29,REM,57,
2026-04-08,01:30,REM,57,
2026-04-08,01:31,REM,57,
2026-04-08,01:32,REM,57,
2026-04-08,01:33,REM,57,
2026-04-08,01:34,REM,57,
2026-04-08,01:35,REM,57,
2026-04-08,01:36,REM,57,
2026-04-08,01:37,LIGHT,57,
2026-04-08,01:38,LIGHT,57,
2026-04-08,01:39,LIGHT,57,
2026-04-08,01:40,LIGHT,57,
2026-04-08,01:41,LIGHT,57,
2026-04-08,01:42,LIGHT,57,
2026-04-08,01:43,LIGHT,57,
2026-04-08,01:44,LIGHT,58,
2026-04-08,01:45,LIGHT,59,
2026-04-08,01:46,LIGHT,59,
2026-04-08,01:47,LIGHT,59,
2026-04-08,01:48,LIGHT,59,
2026-04-08,01:49,LIGHT,59,
2026-04-08,01:50,LIGHT,59,
2026-04-08,01:51,LIGHT,59,
2026-04-08,01:52,LIGHT,59,
2026-04-08,01:53,LIGHT,59,
2026-04-08,01:54,LIGHT,59,
2026-04-08,01:55,LIGHT,59,
2026-04-08,01:56,LIGHT,62,
2026-04-08,01:57,LIGHT,68,
2026-04-08,01:58,LIGHT,60,
2026-04-08,01:59,LIGHT,57,
2026-04-08,02:00,LIGHT,57,
2026-04-08,02:01,LIGHT,59,
2026-04-08,02:02,LIGHT,61,
2026-04-08,02:03,LIGHT,62,
2026-04-08,02:04,LIGHT,59,
2026-04-08,02:05,LIGHT,57,
2026-04-08,02:06,LIGHT,58,
2026-04-08,02:07,LIGHT,59,
2026-04-08,02:08,LIGHT,60,
2026-04-08,02:09,LIGHT,65,
2026-04-08,02:10,DEEP,65,
2026-04-08,02:11,DEEP,66,
2026-04-08,02:12,DEEP,64,
2026-04-08,02:13,DEEP,64,
2026-04-08,02:14,DEEP,60,
2026-04-08,02:15,DEEP,62,
2026-04-08,02:16,DEEP,64,
2026-04-08,02:17,DEEP,66,
2026-04-08,02:18,DEEP,68,
2026-04-08,02:19,DEEP,62,
2026-04-08,02:20,DEEP,61,
2026-04-08,02:21,DEEP,60,
2026-04-08,02:22,DEEP,60,
2026-04-08,02:23,DEEP,60,
2026-04-08,02:24,DEEP,63,
2026-04-08,02:25,LIGHT,60,
2026-04-08,02:26,LIGHT,60,
2026-04-08,02:27,LIGHT,60,
2026-04-08,02:28,LIGHT,60,
2026-04-08,02:29,LIGHT,60,
2026-04-08,02:30,LIGHT,60,
2026-04-08,02:31,LIGHT,60,
2026-04-08,02:32,LIGHT,60,
2026-04-08,02:33,LIGHT,60,
2026-04-08,02:34,REM,60,
2026-04-08,02:35,REM,60,
2026-04-08,02:36,REM,60,
2026-04-08,02:37,REM,60,
2026-04-08,02:38,REM,60,
2026-04-08,02:39,REM,60,
2026-04-08,02:40,REM,59,
2026-04-08,02:41,REM,59,
2026-04-08,02:42,REM,59,
2026-04-08,02:43,REM,59,
2026-04-08,02:44,REM,59,
2026-04-08,02:45,REM,59,
2026-04-08,02:46,REM,59,
2026-04-08,02:47,REM,59,
2026-04-08,02:48,REM,60,
2026-04-08,02:49,REM,60,
2026-04-08,02:50,REM,59,
2026-04-08,02:51,REM,59,
2026-04-08,02:52,REM,59,
2026-04-08,02:53,REM,59,
2026-04-08,02:54,REM,58,
2026-04-08,02:55,REM,58,
2026-04-08,02:56,REM,58,
2026-04-08,02:57,REM,58,
2026-04-08,02:58,REM,58,
2026-04-08,02:59,REM,58,
2026-04-08,03:00,LIGHT,58,
2026-04-08,03:01,LIGHT,58,
2026-04-08,03:02,LIGHT,58,
2026-04-08,03:03,LIGHT,58,
2026-04-08,03:04,LIGHT,58,
2026-04-08,03:05,LIGHT,58,
2026-04-08,03:06,LIGHT,58,
2026-04-08,03:07,LIGHT,65,
2026-04-08,03:08,LIGHT,67,
2026-04-08,03:09,LIGHT,59,
2026-04-08,03:10,LIGHT,58,
2026-04-08,03:11,LIGHT,64,
2026-04-08,03:12,LIGHT,61,
2026-04-08,03:13,LIGHT,58,
2026-04-08,03:14,LIGHT,58,
2026-04-08,03:15,LIGHT,60,
2026-04-08,03:16,LIGHT,63,
2026-04-08,03:17,LIGHT,63,
2026-04-08,03:18,LIGHT,63,
2026-04-08,03:19,LIGHT,67,
2026-04-08,03:20,LIGHT,69,
2026-04-08,03:21,LIGHT,73,
2026-04-08,03:22,LIGHT,62,
2026-04-08,03:23,LIGHT,62,
2026-04-08,03:24,LIGHT,62,
2026-04-08,03:25,LIGHT,64,
2026-04-08,03:26,LIGHT,63,
2026-04-08,03:27,LIGHT,65,
2026-04-08,03:28,LIGHT,62,
2026-04-08,03:29,LIGHT,62,
2026-04-08,03:30,LIGHT,61,
2026-04-08,03:31,LIGHT,65,
2026-04-08,03:32,LIGHT,72,
2026-04-08,03:33,LIGHT,64,
2026-04-08,03:34,LIGHT,63,
2026-04-08,03:35,LIGHT,62,
2026-04-08,03:36,LIGHT,62,
2026-04-08,03:37,LIGHT,67,
2026-04-08,03:38,LIGHT,72,
2026-04-08,03:39,LIGHT,63,
2026-04-08,03:40,LIGHT,61,
2026-04-08,03:41,LIGHT,62,
2026-04-08,03:42,LIGHT,63,
2026-04-08,03:43,LIGHT,62,
2026-04-08,03:44,DEEP,61,
2026-04-08,03:45,DEEP,66,
2026-04-08,03:46,DEEP,61,
2026-04-08,03:47,DEEP,59,
2026-04-08,03:48,DEEP,59,
2026-04-08,03:49,DEEP,59,
2026-04-08,03:50,DEEP,59,
2026-04-08,03:51,DEEP,59,
2026-04-08,03:52,DEEP,59,
2026-04-08,03:53,DEEP,58,
2026-04-08,03:54,DEEP,58,
2026-04-08,03:55,DEEP,58,
2026-04-08,03:56,DEEP,58,
2026-04-08,03:57,DEEP,58,
2026-04-08,03:58,DEEP,58,
2026-04-08,03:59,DEEP,58,
2026-04-08,04:00,DEEP,58,
2026-04-08,04:01,DEEP,58,
2026-04-08,04:02,DEEP,58,
2026-04-08,04:03,DEEP,58,
2026-04-08,04:04,DEEP,59,
2026-04-08,04:05,DEEP,60,
2026-04-08,04:06,DEEP,69,
2026-04-08,04:07,DEEP,60,
2026-04-08,04:08,DEEP,57,
2026-04-08,04:09,DEEP,57,
2026-04-08,04:10,DEEP,57,
2026-04-08,04:11,DEEP,57,
2026-04-08,04:12,DEEP,57,
2026-04-08,04:13,LIGHT,57,
2026-04-08,04:14,LIGHT,56,
2026-04-08,04:15,LIGHT,56,
2026-04-08,04:16,LIGHT,56,
2026-04-08,04:17,LIGHT,56,
2026-04-08,04:18,WAKE,56,
2026-04-08,04:19,WAKE,56,
2026-04-08,04:20,LIGHT,57,
2026-04-08,04:21,LIGHT,57,
2026-04-08,04:22,LIGHT,57,
2026-04-08,04:23,REM,57,
2026-04-08,04:24,REM,65,
2026-04-08,04:25,REM,55,
2026-04-08,04:26,REM,52,
2026-04-08,04:27,REM,52,
2026-04-08,04:28,REM,52,
2026-04-08,04:29,REM,52,
2026-04-08,04:30,REM,52,
2026-04-08,04:31,REM,52,
2026-04-08,04:32,REM,52,
2026-04-08,04:33,REM,52,
2026-04-08,04:34,REM,52,
2026-04-08,04:35,REM,52,
2026-04-08,04:36,REM,53,
2026-04-08,04:37,REM,53,
2026-04-08,04:38,REM,53,
2026-04-08,04:39,REM,53,
2026-04-08,04:40,REM,53,
2026-04-08,04:41,REM,53,
2026-04-08,04:42,REM,55,
2026-04-08,04:43,LIGHT,65,
2026-04-08,04:44,LIGHT,65,
2026-04-08,04:45,LIGHT,57,
2026-04-08,04:46,LIGHT,54,
2026-04-08,04:47,LIGHT,55,
2026-04-08,04:48,LIGHT,59,
2026-04-08,04:49,LIGHT,61,
2026-04-08,04:50,LIGHT,57,
2026-04-08,04:51,LIGHT,60,
2026-04-08,04:52,LIGHT,65,
2026-04-08,04:53,LIGHT,68,
2026-04-08,04:54,LIGHT,62,
2026-04-08,04:55,LIGHT,60,
2026-04-08,04:56,LIGHT,62,
2026-04-08,04:57,LIGHT,64,
2026-04-08,04:58,LIGHT,64,
2026-04-08,04:59,LIGHT,64,
2026-04-08,05:00,LIGHT,63,
2026-04-08,05:01,LIGHT,68,
2026-04-08,05:02,LIGHT,62,
2026-04-08,05:03,LIGHT,64,
2026-04-08,05:04,LIGHT,65,
2026-04-08,05:05,DEEP,72,
2026-04-08,05:06,DEEP,64,
2026-04-08,05:07,DEEP,60,
2026-04-08,05:08,DEEP,59,
2026-04-08,05:09,DEEP,58,
2026-04-08,05:10,DEEP,57,
2026-04-08,05:11,DEEP,59,
2026-04-08,05:12,DEEP,58,
2026-04-08,05:13,DEEP,58,
2026-04-08,05:14,LIGHT,65,
2026-04-08,05:15,LIGHT,60,
2026-04-08,05:16,LIGHT,54,
2026-04-08,05:17,LIGHT,61,
2026-04-08,05:18,LIGHT,58,
2026-04-08,05:19,LIGHT,55,
2026-04-08,05:20,LIGHT,60,
2026-04-08,05:21,LIGHT,58,
2026-04-08,05:22,LIGHT,58,
2026-04-08,05:23,LIGHT,56,
2026-04-08,05:24,LIGHT,58,
2026-04-08,05:25,LIGHT,54,
2026-04-08,05:26,LIGHT,59,
2026-04-08,05:27,LIGHT,58,
2026-04-08,05:28,LIGHT,60,
2026-04-08,05:29,LIGHT,60,
2026-04-08,05:30,LIGHT,60,
2026-04-08,05:31,LIGHT,65,
2026-04-08,05:32,LIGHT,57,
2026-04-08,05:33,LIGHT,56,
2026-04-08,05:34,LIGHT,63,
2026-04-08,05:35,LIGHT,57,
2026-04-08,05:36,LIGHT,54,
2026-04-08,05:37,LIGHT,54,
2026-04-08,05:38,LIGHT,53,
2026-04-08,05:39,LIGHT,55,
2026-04-08,05:40,LIGHT,57,
2026-04-08,05:41,LIGHT,62,
2026-04-08,05:42,LIGHT,56,
2026-04-08,05:43,LIGHT,53,
2026-04-08,05:44,LIGHT,54,
2026-04-08,05:45,LIGHT,54,
2026-04-08,05:46,LIGHT,55,
2026-04-08,05:47,LIGHT,55,
2026-04-08,05:48,LIGHT,55,
2026-04-08,05:49,LIGHT,55,
2026-04-08,05:50,LIGHT,55,
2026-04-08,05:51,LIGHT,55,
2026-04-08,05:52,LIGHT,55,
2026-04-08,05:53,LIGHT,55,
2026-04-08,05:54,LIGHT,62,
2026-04-08,05:55,LIGHT,57,
2026-04-08,05:56,LIGHT,54,
2026-04-08,05:57,LIGHT,54,
2026-04-08,05:58,LIGHT,54,
2026-04-08,05:59,LIGHT,54,
2026-04-08,06:00,REM,54,
2026-04-08,06:01,REM,55,
2026-04-08,06:02,REM,56,
2026-04-08,06:03,REM,56,
2026-04-08,06:04,REM,56,
2026-04-08,06:05,REM,56,
2026-04-08,06:06,REM,56,
2026-04-08,06:07,REM,55,
2026-04-08,06:08,REM,55,
2026-04-08,06:09,REM,55,
2026-04-08,06:10,REM,55,
2026-04-08,06:11,REM,55,
2026-04-08,06:12,REM,55,
2026-04-08,06:13,REM,55,
2026-04-08,06:14,REM,55,
2026-04-08,06:15,REM,55,
2026-04-08,06:16,REM,55,
2026-04-08,06:17,REM,55,
2026-04-08,06:18,REM,56,
2026-04-08,06:19,REM,56,
2026-04-08,06:20,REM,56,
2026-04-08,06:21,REM,56,
2026-04-08,06:22,REM,56,
2026-04-08,06:23,LIGHT,56,
2026-04-08,06:24,LIGHT,56,
2026-04-08,06:25,LIGHT,66,
2026-04-08,06:26,WAKE,65,
2026-04-08,06:27,LIGHT,56,
2026-04-08,06:28,LIGHT,54,
2026-04-08,06:29,LIGHT,59,
2026-04-08,06:30,REM,59,
2026-04-08,06:31,REM,56,
2026-04-08,06:32,REM,56,
2026-04-08,06:33,REM,58,
2026-04-08,06:34,REM,54,
2026-04-08,06:35,REM,54,
2026-04-08,06:36,REM,52,
2026-04-08,06:37,REM,52,
2026-04-08,06:38,REM,52,
2026-04-08,06:39,REM,53,
2026-04-08,06:40,REM,53,
2026-04-08,06:41,REM,53,
2026-04-08,06:42,REM,53,
2026-04-08,06:43,LIGHT,53,
2026-04-08,06:44,LIGHT,53,
2026-04-08,06:45,LIGHT,53,
2026-04-08,06:46,LIGHT,53,
2026-04-08,06:47,LIGHT,53,
2026-04-08,06:48,LIGHT,53,
2026-04-08,06:49,LIGHT,53,
2026-04-08,06:50,LIGHT,53,
2026-04-08,06:51,LIGHT,53,
2026-04-08,06:52,LIGHT,53,
2026-04-08,06:53,LIGHT,53,
2026-04-08,06:54,LIGHT,53,
2026-04-08,06:55,LIGHT,54,
2026-04-08,06:56,LIGHT,54,
2026-04-08,06:57,LIGHT,54,
2026-04-08,06:58,LIGHT,54,
2026-04-08,06:59,LIGHT,54,
2026-04-08,07:00,LIGHT,54,
2026-04-08,07:01,LIGHT,61,
2026-04-08,07:02,LIGHT,62,
2026-04-08,07:03,LIGHT,57,
2026-04-08,07:04,LIGHT,57,
2026-04-08,07:05,DEEP,56,
2026-04-08,07:06,DEEP,62,
2026-04-08,07:07,DEEP,59,
2026-04-08,07:08,DEEP,58,
2026-04-08,07:09,DEEP,56,
2026-04-08,07:10,DEEP,60,
2026-04-08,07:11,DEEP,57,
2026-04-08,07:12,DEEP,63,
2026-04-08,07:13,DEEP,59,
2026-04-08,07:14,DEEP,54,
2026-04-08,07:15,DEEP,57,
2026-04-08,07:16,DEEP,57,
2026-04-08,07:17,DEEP,57,
2026-04-08,07:18,DEEP,55,
2026-04-08,07:19,DEEP,59,
2026-04-08,07:20,DEEP,59,
2026-04-08,07:21,DEEP,52,
2026-04-08,07:22,DEEP,59,
2026-04-08,07:23,DEEP,61,
2026-04-08,07:24,DEEP,59,
2026-04-08,07:25,DEEP,65,
2026-04-08,07:26,DEEP,68,
2026-04-08,07:27,DEEP,70,
2026-04-08,07:28,DEEP,60,
2026-04-08,07:29,DEEP,57,
2026-04-08,07:30,DEEP,59,
2026-04-08,07:31,DEEP,66,
2026-04-08,07:32,DEEP,58,
2026-04-08,07:33,DEEP,58,
2026-04-08,07:34,DEEP,59,
2026-04-08,07:35,DEEP,56,
2026-04-08,07:36,DEEP,54,
2026-04-08,07:37,LIGHT,56,
2026-04-08,07:38,LIGHT,58,
2026-04-08,07:39,LIGHT,56,
2026-04-08,07:40,LIGHT,59,
2026-04-08,07:41,LIGHT,63,
2026-04-08,07:42,LIGHT,62,
2026-04-08,07:43,LIGHT,59,
2026-04-08,07:44,LIGHT,56,
2026-04-08,07:45,LIGHT,69,
2026-04-08,07:46,LIGHT,61,
2026-04-08,07:47,LIGHT,65,
2026-04-08,07:48,REM,62,
2026-04-08,07:49,REM,59,
2026-04-08,07:50,REM,59,
2026-04-08,07:51,REM,60,
2026-04-08,07:52,REM,62,
2026-04-08,07:53,REM,54,
2026-04-08,07:54,REM,56,
2026-04-08,07:55,REM,58,
2026-04-08,07:56,REM,57,
2026-04-08,07:57,REM,57,
2026-04-08,07:58,REM,54,
2026-04-08,07:59,REM,60,
2026-04-08,08:00,REM,55,
2026-04-08,08:01,REM,54,
2026-04-08,08:02,REM,54,
2026-04-08,08:03,REM,54,
2026-04-08,08:04,REM,54,
2026-04-08,08:05,REM,54,
2026-04-08,08:06,REM,55,
2026-04-08,08:07,REM,55,
2026-04-08,08:08,REM,55,
2026-04-08,08:09,REM,55,
2026-04-08,08:10,REM,55,
2026-04-08,08:11,REM,55,
2026-04-08,08:12,REM,55,
2026-04-08,08:13,REM,56,
2026-04-08,08:14,LIGHT,56,
2026-04-08,08:15,LIGHT,56,
2026-04-08,08:16,LIGHT,56,
2026-04-08,08:17,WAKE,57,
2026-04-08,08:18,LIGHT,60,
2026-04-08,08:19,LIGHT,56,
2026-04-08,08:20,LIGHT,56,
2026-04-08,08:21,LIGHT,54,
2026-04-08,08:22,LIGHT,54,
2026-04-08,08:23,LIGHT,54,
2026-04-08,08:24,LIGHT,54,
2026-04-08,08:25,LIGHT,54,
2026-04-08,08:26,LIGHT,54,
2026-04-08,08:27,LIGHT,54,
2026-04-08,08:28,LIGHT,55,
2026-04-08,08:29,LIGHT,55,
2026-04-08,08:30,LIGHT,55,
2026-04-08,08:31,LIGHT,55,
2026-04-08,08:32,LIGHT,55,
2026-04-08,08:33,LIGHT,55,
2026-04-08,08:34,LIGHT,55,
2026-04-08,08:35,LIGHT,62,
2026-04-08,08:36,LIGHT,57,
2026-04-08,08:37,LIGHT,57,
2026-04-08,08:38,LIGHT,56,
2026-04-08,08:39,LIGHT,56,
2026-04-08,08:40,LIGHT,56,
2026-04-08,08:41,LIGHT,63,
2026-04-08,08:42,LIGHT,58,
2026-04-08,08:43,LIGHT,58,
2026-04-08,08:44,LIGHT,58,
2026-04-08,08:45,LIGHT,55,
2026-04-08,08:46,LIGHT,57,
2026-04-08,08:47,LIGHT,55,
2026-04-08,08:48,LIGHT,55,
2026-04-08,08:49,LIGHT,60,
2026-04-08,08:50,LIGHT,57,
2026-04-08,08:51,LIGHT,55,
2026-04-08,08:52,LIGHT,53,
2026-04-08,08:53,LIGHT,54,
2026-04-08,08:54,LIGHT,52,
2026-04-09,01:19,LIGHT,60,
2026-04-09,01:20,LIGHT,59,
2026-04-09,01:21,LIGHT,59,
2026-04-09,01:22,LIGHT,59,
2026-04-09,01:23,LIGHT,58,
2026-04-09,01:24,LIGHT,58,
2026-04-09,01:25,LIGHT,60,
2026-04-09,01:26,LIGHT,57,
2026-04-09,01:27,LIGHT,57,
2026-04-09,01:28,LIGHT,57,
2026-04-09,01:29,LIGHT,57,
2026-04-09,01:30,DEEP,57,
2026-04-09,01:31,DEEP,57,
2026-04-09,01:32,DEEP,57,
2026-04-09,01:33,DEEP,57,
2026-04-09,01:34,DEEP,57,
2026-04-09,01:35,DEEP,57,
2026-04-09,01:36,DEEP,57,
2026-04-09,01:37,DEEP,57,
2026-04-09,01:38,DEEP,57,
2026-04-09,01:39,DEEP,57,
2026-04-09,01:40,DEEP,57,
2026-04-09,01:41,DEEP,57,
2026-04-09,01:42,DEEP,57,
2026-04-09,01:43,DEEP,57,
2026-04-09,01:44,DEEP,57,
2026-04-09,01:45,DEEP,57,
2026-04-09,01:46,DEEP,57,
2026-04-09,01:47,DEEP,57,
2026-04-09,01:48,DEEP,57,
2026-04-09,01:49,DEEP,57,
2026-04-09,01:50,DEEP,58,
2026-04-09,01:51,DEEP,58,
2026-04-09,01:52,DEEP,61,
2026-04-09,01:53,DEEP,63,
2026-04-09,01:54,DEEP,57,
2026-04-09,01:55,DEEP,57,
2026-04-09,01:56,DEEP,56,
2026-04-09,01:57,DEEP,63,
2026-04-09,01:58,LIGHT,62,
2026-04-09,01:59,LIGHT,64,
2026-04-09,02:00,LIGHT,58,
2026-04-09,02:01,LIGHT,58,
2026-04-09,02:02,LIGHT,56,
2026-04-09,02:03,LIGHT,60,
2026-04-09,02:04,LIGHT,58,
2026-04-09,02:05,LIGHT,61,
2026-04-09,02:06,LIGHT,59,
2026-04-09,02:07,LIGHT,60,
2026-04-09,02:08,REM,63,
2026-04-09,02:09,REM,62,
2026-04-09,02:10,REM,66,
2026-04-09,02:11,REM,66,
2026-04-09,02:12,REM,60,
2026-04-09,02:13,REM,60,
2026-04-09,02:14,REM,61,
2026-04-09,02:15,REM,60,
2026-04-09,02:16,REM,58,
2026-04-09,02:17,REM,58,
2026-04-09,02:18,LIGHT,58,
2026-04-09,02:19,LIGHT,58,
2026-04-09,02:20,LIGHT,58,
2026-04-09,02:21,LIGHT,58,
2026-04-09,02:22,LIGHT,58,
2026-04-09,02:23,LIGHT,58,
2026-04-09,02:24,LIGHT,58,
2026-04-09,02:25,LIGHT,66,
2026-04-09,02:26,LIGHT,66,
2026-04-09,02:27,LIGHT,60,
2026-04-09,02:28,LIGHT,58,
2026-04-09,02:29,LIGHT,58,
2026-04-09,02:30,LIGHT,58,
2026-04-09,02:31,LIGHT,58,
2026-04-09,02:32,LIGHT,58,
2026-04-09,02:33,LIGHT,58,
2026-04-09,02:34,LIGHT,58,
2026-04-09,02:35,LIGHT,58,
2026-04-09,02:36,LIGHT,58,
2026-04-09,02:37,LIGHT,60,
2026-04-09,02:38,LIGHT,57,
2026-04-09,02:39,LIGHT,56,
2026-04-09,02:40,LIGHT,56,
2026-04-09,02:41,LIGHT,56,
2026-04-09,02:42,LIGHT,56,
2026-04-09,02:43,DEEP,56,
2026-04-09,02:44,DEEP,56,
2026-04-09,02:45,DEEP,56,
2026-04-09,02:46,DEEP,56,
2026-04-09,02:47,DEEP,56,
2026-04-09,02:48,DEEP,56,
2026-04-09,02:49,DEEP,56,
2026-04-09,02:50,DEEP,56,
2026-04-09,02:51,DEEP,61,
2026-04-09,02:52,DEEP,64,
2026-04-09,02:53,DEEP,61,
2026-04-09,02:54,DEEP,60,
2026-04-09,02:55,DEEP,61,
2026-04-09,02:56,DEEP,64,
2026-04-09,02:57,DEEP,64,
2026-04-09,02:58,DEEP,62,
2026-04-09,02:59,DEEP,56,
2026-04-09,03:00,DEEP,55,
2026-04-09,03:01,DEEP,55,
2026-04-09,03:02,DEEP,55,
2026-04-09,03:03,DEEP,55,
2026-04-09,03:04,DEEP,55,
2026-04-09,03:05,DEEP,55,
2026-04-09,03:06,DEEP,56,
2026-04-09,03:07,DEEP,56,
2026-04-09,03:08,DEEP,55,
2026-04-09,03:09,LIGHT,56,
2026-04-09,03:10,LIGHT,56,
2026-04-09,03:11,LIGHT,57,
2026-04-09,03:12,LIGHT,57,
2026-04-09,03:13,LIGHT,57,
2026-04-09,03:14,LIGHT,57,
2026-04-09,03:15,LIGHT,56,
2026-04-09,03:16,REM,56,
2026-04-09,03:17,REM,56,
2026-04-09,03:18,REM,56,
2026-04-09,03:19,LIGHT,56,
2026-04-09,03:20,LIGHT,56,
2026-04-09,03:21,LIGHT,56,
2026-04-09,03:22,WAKE,67,
2026-04-09,03:23,LIGHT,57,
2026-04-09,03:24,LIGHT,61,
2026-04-09,03:25,LIGHT,56,
2026-04-09,03:26,REM,58,
2026-04-09,03:27,REM,60,
2026-04-09,03:28,REM,65,
2026-04-09,03:29,REM,62,
2026-04-09,03:30,REM,59,
2026-04-09,03:31,REM,65,
2026-04-09,03:32,REM,64,
2026-04-09,03:33,REM,67,
2026-04-09,03:34,REM,64,
2026-04-09,03:35,REM,68,
2026-04-09,03:36,REM,70,
2026-04-09,03:37,REM,75,
2026-04-09,03:38,REM,62,
2026-04-09,03:39,REM,58,
2026-04-09,03:40,REM,59,
2026-04-09,03:41,REM,63,
2026-04-09,03:42,REM,63,
2026-04-09,03:43,REM,63,
2026-04-09,03:44,REM,58,
2026-04-09,03:45,LIGHT,59,
2026-04-09,03:46,LIGHT,58,
2026-04-09,03:47,LIGHT,59,
2026-04-09,03:48,LIGHT,59,
2026-04-09,03:49,LIGHT,61,
2026-04-09,03:50,LIGHT,61,
2026-04-09,03:51,LIGHT,59,
2026-04-09,03:52,LIGHT,65,
2026-04-09,03:53,LIGHT,60,
2026-04-09,03:54,LIGHT,68,
2026-04-09,03:55,LIGHT,59,
2026-04-09,03:56,LIGHT,56,
2026-04-09,03:57,LIGHT,55,
2026-04-09,03:58,LIGHT,55,
2026-04-09,03:59,LIGHT,54,
2026-04-09,04:00,LIGHT,56,
2026-04-09,04:01,LIGHT,58,
2026-04-09,04:02,LIGHT,55,
2026-04-09,04:03,LIGHT,55,
2026-04-09,04:04,LIGHT,57,
2026-04-09,04:05,LIGHT,57,
2026-04-09,04:06,LIGHT,57,
2026-04-09,04:07,LIGHT,57,
2026-04-09,04:08,LIGHT,57,
2026-04-09,04:09,LIGHT,57,
2026-04-09,04:10,LIGHT,57,
2026-04-09,04:11,LIGHT,57,
2026-04-09,04:12,LIGHT,58,
2026-04-09,04:13,LIGHT,58,
2026-04-09,04:14,LIGHT,62,
2026-04-09,04:15,LIGHT,57,
2026-04-09,04:16,LIGHT,57,
2026-04-09,04:17,LIGHT,61,
2026-04-09,04:18,DEEP,57,
2026-04-09,04:19,DEEP,57,
2026-04-09,04:20,DEEP,57,
2026-04-09,04:21,DEEP,57,
2026-04-09,04:22,DEEP,58,
2026-04-09,04:23,DEEP,56,
2026-04-09,04:24,DEEP,56,
2026-04-09,04:25,LIGHT,56,
2026-04-09,04:26,LIGHT,56,
2026-04-09,04:27,LIGHT,56,
2026-04-09,04:28,LIGHT,56,
2026-04-09,04:29,LIGHT,56,
2026-04-09,04:30,LIGHT,56,
2026-04-09,04:31,LIGHT,56,
2026-04-09,04:32,LIGHT,55,
2026-04-09,04:33,DEEP,55,
2026-04-09,04:34,DEEP,55,
2026-04-09,04:35,DEEP,55,
2026-04-09,04:36,DEEP,55,
2026-04-09,04:37,DEEP,55,
2026-04-09,04:38,DEEP,55,
2026-04-09,04:39,DEEP,55,
2026-04-09,04:40,DEEP,55,
2026-04-09,04:41,DEEP,55,
2026-04-09,04:42,DEEP,55,
2026-04-09,04:43,DEEP,55,
2026-04-09,04:44,LIGHT,55,
2026-04-09,04:45,LIGHT,61,
2026-04-09,04:46,LIGHT,55,
2026-04-09,04:47,LIGHT,55,
2026-04-09,04:48,LIGHT,54,
2026-04-09,04:49,WAKE,54,
2026-04-09,04:50,LIGHT,55,
2026-04-09,04:51,LIGHT,55,
2026-04-09,04:52,LIGHT,55,
2026-04-09,04:53,REM,55,
2026-04-09,04:54,REM,61,
2026-04-09,04:55,REM,56,
2026-04-09,04:56,REM,56,
2026-04-09,04:57,REM,56,
2026-04-09,04:58,REM,56,
2026-04-09,04:59,REM,56,
2026-04-09,05:00,REM,55,
2026-04-09,05:01,REM,55,
2026-04-09,05:02,REM,55,
2026-04-09,05:03,REM,55,
2026-04-09,05:04,REM,55,
2026-04-09,05:05,REM,55,
2026-04-09,05:06,REM,56,
2026-04-09,05:07,REM,56,
2026-04-09,05:08,REM,56,
2026-04-09,05:09,REM,56,
2026-04-09,05:10,REM,55,
2026-04-09,05:11,REM,55,
2026-04-09,05:12,REM,55,
2026-04-09,05:13,REM,55,
2026-04-09,05:14,REM,55,
2026-04-09,05:15,REM,55,
2026-04-09,05:16,REM,55,
2026-04-09,05:17,REM,55,
2026-04-09,05:18,REM,54,
2026-04-09,05:19,REM,54,
2026-04-09,05:20,REM,54,
2026-04-09,05:21,REM,54,
2026-04-09,05:22,REM,55,
2026-04-09,05:23,REM,55,
2026-04-09,05:24,REM,66,
2026-04-09,05:25,REM,58,
2026-04-09,05:26,REM,56,
2026-04-09,05:27,REM,56,
2026-04-09,05:28,REM,55,
2026-04-09,05:29,REM,60,
2026-04-09,05:30,REM,57,
2026-04-09,05:31,REM,59,
2026-04-09,05:32,REM,58,
2026-04-09,05:33,REM,62,
2026-04-09,05:34,REM,55,
2026-04-09,05:35,LIGHT,52,
2026-04-09,05:36,LIGHT,53,
2026-04-09,05:37,LIGHT,55,
2026-04-09,05:38,LIGHT,56,
2026-04-09,05:39,LIGHT,54,
2026-04-09,05:40,LIGHT,54,
2026-04-09,05:41,LIGHT,54,
2026-04-09,05:42,LIGHT,56,
2026-04-09,05:43,LIGHT,63,
2026-04-09,05:44,LIGHT,59,
2026-04-09,05:45,LIGHT,56,
2026-04-09,05:46,LIGHT,60,
2026-04-09,05:47,LIGHT,60,
2026-04-09,05:48,LIGHT,62,
2026-04-09,05:49,LIGHT,57,
2026-04-09,05:50,LIGHT,57,
2026-04-09,05:51,LIGHT,57,
2026-04-09,05:52,LIGHT,56,
2026-04-09,05:53,LIGHT,56,
2026-04-09,05:54,LIGHT,61,
2026-04-09,05:55,LIGHT,59,
2026-04-09,05:56,LIGHT,59,
2026-04-09,05:57,LIGHT,56,
2026-04-09,05:58,LIGHT,53,
2026-04-09,05:59,LIGHT,54,
2026-04-09,06:00,LIGHT,54,
2026-04-09,06:01,LIGHT,60,
2026-04-09,06:02,LIGHT,56,
2026-04-09,06:03,LIGHT,55,
2026-04-09,06:04,LIGHT,56,
2026-04-09,06:05,LIGHT,61,
2026-04-09,06:06,LIGHT,63,
2026-04-09,06:07,LIGHT,60,
2026-04-09,06:08,LIGHT,57,
2026-04-09,06:09,LIGHT,54,
2026-04-09,06:10,LIGHT,53,
2026-04-09,06:11,LIGHT,53,
2026-04-09,06:12,DEEP,53,
2026-04-09,06:13,DEEP,53,
2026-04-09,06:14,DEEP,53,
2026-04-09,06:15,DEEP,53,
2026-04-09,06:16,DEEP,53,
2026-04-09,06:17,DEEP,53,
2026-04-09,06:18,DEEP,54,
2026-04-09,06:19,DEEP,52,
2026-04-09,06:20,DEEP,52,
2026-04-09,06:21,DEEP,53,
2026-04-09,06:22,DEEP,53,
2026-04-09,06:23,DEEP,53,
2026-04-09,06:24,DEEP,53,
2026-04-09,06:25,DEEP,53,
2026-04-09,06:26,LIGHT,53,
2026-04-09,06:27,LIGHT,53,
2026-04-09,06:28,LIGHT,53,
2026-04-09,06:29,LIGHT,53,
2026-04-09,06:30,LIGHT,54,
2026-04-09,06:31,LIGHT,54,
2026-04-09,06:32,LIGHT,54,
2026-04-09,06:33,LIGHT,54,
2026-04-09,06:34,LIGHT,54,
2026-04-09,06:35,LIGHT,55,
2026-04-09,06:36,LIGHT,55,
2026-04-09,06:37,LIGHT,55,
2026-04-09,06:38,LIGHT,54,
2026-04-09,06:39,LIGHT,54,
2026-04-09,06:40,LIGHT,54,
2026-04-09,06:41,LIGHT,54,
2026-04-09,06:42,LIGHT,54,
2026-04-09,06:43,DEEP,54,
2026-04-09,06:44,DEEP,54,
2026-04-09,06:45,DEEP,63,
2026-04-09,06:46,DEEP,55,
2026-04-09,06:47,DEEP,54,
2026-04-09,06:48,DEEP,54,
2026-04-09,06:49,DEEP,52,
2026-04-09,06:50,DEEP,54,
2026-04-09,06:51,DEEP,61,
2026-04-09,06:52,DEEP,55,
2026-04-09,06:53,DEEP,64,
2026-04-09,06:54,DEEP,53,
2026-04-09,06:55,DEEP,53,
2026-04-09,06:56,DEEP,53,
2026-04-09,06:57,DEEP,55,
2026-04-09,06:58,DEEP,53,
2026-04-09,06:59,LIGHT,53,
2026-04-09,07:00,LIGHT,65,
2026-04-09,07:01,LIGHT,57,
2026-04-09,07:02,WAKE,57,
2026-04-09,07:03,LIGHT,57,
2026-04-09,07:04,LIGHT,64,
2026-04-09,07:05,LIGHT,58,
2026-04-09,07:06,LIGHT,57,
2026-04-09,07:07,LIGHT,62,
2026-04-09,07:08,REM,61,
2026-04-09,07:09,REM,57,
2026-04-09,07:10,REM,56,
2026-04-09,07:11,REM,58,
2026-04-09,07:12,REM,63,
2026-04-09,07:13,REM,63,
2026-04-09,07:14,REM,63,
2026-04-09,07:15,REM,60,
2026-04-09,07:16,REM,59,
2026-04-09,07:17,REM,58,
2026-04-09,07:18,REM,56,
2026-04-09,07:19,REM,56,
2026-04-09,07:20,REM,55,
2026-04-09,07:21,REM,59,
2026-04-09,07:22,REM,68,
2026-04-09,07:23,REM,63,
2026-04-09,07:24,REM,58,
2026-04-09,07:25,REM,56,
2026-04-09,07:26,REM,65,
2026-04-09,07:27,REM,59,
2026-04-09,07:28,REM,59,
2026-04-09,07:29,REM,71,
2026-04-09,07:30,REM,63,
2026-04-09,07:31,REM,65,
2026-04-09,07:32,REM,58,
2026-04-09,07:33,REM,55,
2026-04-09,07:34,REM,58,
2026-04-09,07:35,REM,54,
2026-04-09,07:36,REM,52,
2026-04-09,07:37,REM,62,
2026-04-09,07:38,REM,58,
2026-04-09,07:39,REM,54,
2026-04-09,07:40,REM,54,
2026-04-09,07:41,REM,55,
2026-04-09,07:42,REM,57,
2026-04-09,07:43,REM,57,
2026-04-09,07:44,REM,57,
2026-04-09,07:45,REM,56,
2026-04-09,07:46,REM,56,
2026-04-09,07:47,REM,58,
2026-04-09,07:48,REM,60,
2026-04-09,07:49,REM,58,
2026-04-09,07:50,REM,55,
2026-04-09,07:51,REM,56,
2026-04-09,07:52,REM,56,
2026-04-09,07:53,REM,56,
2026-04-09,07:54,LIGHT,55,
2026-04-09,07:55,LIGHT,55,
2026-04-09,07:56,LIGHT,55,
2026-04-09,07:57,LIGHT,55,
2026-04-09,07:58,LIGHT,55,
2026-04-09,07:59,LIGHT,62,
2026-04-09,08:00,LIGHT,56,
2026-04-09,08:01,LIGHT,56,
2026-04-09,08:02,LIGHT,59,
2026-04-09,08:03,LIGHT,56,
2026-04-09,08:04,LIGHT,56,
2026-04-09,08:05,LIGHT,56,
2026-04-09,08:06,LIGHT,56,
2026-04-09,08:07,LIGHT,56,
2026-04-09,08:08,LIGHT,58,
2026-04-09,08:09,LIGHT,65,
2026-04-09,08:10,LIGHT,59,
2026-04-09,08:11,LIGHT,58,
2026-04-09,08:12,LIGHT,58,
2026-04-09,08:13,LIGHT,66,
2026-04-09,08:14,LIGHT,60,
2026-04-09,08:15,LIGHT,60,
2026-04-09,08:16,LIGHT,58,
2026-04-09,08:17,LIGHT,58,
2026-04-09,08:18,LIGHT,63,
2026-04-09,08:19,LIGHT,65,
2026-04-09,08:20,LIGHT,61,
2026-04-09,08:21,LIGHT,59,
2026-04-09,08:22,LIGHT,56,
2026-04-09,08:23,LIGHT,54,
2026-04-09,08:24,LIGHT,55,
2026-04-09,08:25,LIGHT,55,
2026-04-09,08:26,LIGHT,55,
2026-04-09,08:27,LIGHT,55,
2026-04-09,08:28,LIGHT,55,
2026-04-09,08:29,LIGHT,55,
2026-04-09,08:30,LIGHT,59,
2026-04-09,08:31,LIGHT,56,
2026-04-09,08:32,LIGHT,55,
2026-04-09,08:33,LIGHT,55,
2026-04-09,08:34,LIGHT,56,
2026-04-09,08:35,LIGHT,56,
2026-04-09,08:36,LIGHT,58,
2026-04-09,08:37,LIGHT,61,
2026-04-09,08:38,LIGHT,55,
2026-04-09,08:39,LIGHT,53,
2026-04-09,08:40,LIGHT,53,
2026-04-09,08:41,LIGHT,53,
2026-04-09,08:42,LIGHT,53,
2026-04-09,08:43,LIGHT,56,
2026-04-09,08:44,LIGHT,54,
2026-04-09,08:45,LIGHT,59,
2026-04-09,08:46,LIGHT,58,
2026-04-09,08:47,LIGHT,68,
2026-04-09,08:48,LIGHT,58,
2026-04-09,08:49,LIGHT,54,
2026-04-09,08:50,LIGHT,56,
2026-04-09,08:51,LIGHT,61,
2026-04-09,08:52,LIGHT,54,
2026-04-09,08:53,LIGHT,53,
2026-04-09,08:54,LIGHT,55,
2026-04-09,08:55,REM,59,
2026-04-09,08:56,REM,56,
2026-04-09,08:57,REM,57,
2026-04-09,08:58,REM,54,
2026-04-09,08:59,REM,58,
2026-04-09,09:00,REM,60,
2026-04-09,09:01,REM,56,
2026-04-09,09:02,REM,60,
2026-04-09,09:03,REM,63,
2026-04-09,09:04,REM,78,
2026-04-09,09:05,LIGHT,75,
2026-04-09,09:06,LIGHT,75,
2026-04-09,09:07,LIGHT,80,
2026-04-09,09:08,LIGHT,95,
2026-04-09,09:09,LIGHT,90,
2026-04-10,01:18,LIGHT,66,
2026-04-10,01:19,LIGHT,66,
2026-04-10,01:20,LIGHT,68,
2026-04-10,01:21,LIGHT,65,
2026-04-10,01:22,LIGHT,63,
2026-04-10,01:23,LIGHT,63,
2026-04-10,01:24,LIGHT,64,
2026-04-10,01:25,LIGHT,62,
2026-04-10,01:26,LIGHT,62,
2026-04-10,01:27,LIGHT,62,
2026-04-10,01:28,LIGHT,62,
2026-04-10,01:29,DEEP,62,
2026-04-10,01:30,DEEP,63,
2026-04-10,01:31,DEEP,64,
2026-04-10,01:32,DEEP,64,
2026-04-10,01:33,DEEP,64,
2026-04-10,01:34,DEEP,63,
2026-04-10,01:35,DEEP,61,
2026-04-10,01:36,DEEP,63,
2026-04-10,01:37,DEEP,64,
2026-04-10,01:38,DEEP,64,
2026-04-10,01:39,DEEP,64,
2026-04-10,01:40,DEEP,64,
2026-04-10,01:41,DEEP,65,
2026-04-10,01:42,DEEP,65,
2026-04-10,01:43,DEEP,65,
2026-04-10,01:44,DEEP,65,
2026-04-10,01:45,DEEP,72,
2026-04-10,01:46,DEEP,63,
2026-04-10,01:47,DEEP,65,
2026-04-10,01:48,DEEP,63,
2026-04-10,01:49,DEEP,62,
2026-04-10,01:50,DEEP,58,
2026-04-10,01:51,DEEP,64,
2026-04-10,01:52,DEEP,61,
2026-04-10,01:53,DEEP,56,
2026-04-10,01:54,DEEP,56,
2026-04-10,01:55,LIGHT,57,
2026-04-10,01:56,LIGHT,57,
2026-04-10,01:57,LIGHT,57,
2026-04-10,01:58,LIGHT,59,
2026-04-10,01:59,LIGHT,59,
2026-04-10,02:00,LIGHT,59,
2026-04-10,02:01,LIGHT,58,
2026-04-10,02:02,LIGHT,57,
2026-04-10,02:03,LIGHT,57,
2026-04-10,02:04,LIGHT,57,
2026-04-10,02:05,LIGHT,58,
2026-04-10,02:06,LIGHT,59,
2026-04-10,02:07,LIGHT,59,
2026-04-10,02:08,LIGHT,59,
2026-04-10,02:09,WAKE,60,
2026-04-10,02:10,LIGHT,61,
2026-04-10,02:11,LIGHT,61,
2026-04-10,02:12,WAKE,60,
2026-04-10,02:13,LIGHT,60,
2026-04-10,02:14,LIGHT,60,
2026-04-10,02:15,LIGHT,60,
2026-04-10,02:16,LIGHT,60,
2026-04-10,02:17,LIGHT,60,
2026-04-10,02:18,LIGHT,60,
2026-04-10,02:19,LIGHT,61,
2026-04-10,02:20,LIGHT,61,
2026-04-10,02:21,LIGHT,62,
2026-04-10,02:22,LIGHT,62,
2026-04-10,02:23,LIGHT,62,
2026-04-10,02:24,LIGHT,62,
2026-04-10,02:25,LIGHT,62,
2026-04-10,02:26,WAKE,62,
2026-04-10,02:27,LIGHT,62,
2026-04-10,02:28,LIGHT,63,
2026-04-10,02:29,LIGHT,63,
2026-04-10,02:30,LIGHT,62,
2026-04-10,02:31,LIGHT,72,
2026-04-10,02:32,LIGHT,64,
2026-04-10,02:33,LIGHT,58,
2026-04-10,02:34,LIGHT,58,
2026-04-10,02:35,LIGHT,65,
2026-04-10,02:36,LIGHT,60,
2026-04-10,02:37,LIGHT,59,
2026-04-10,02:38,LIGHT,59,
2026-04-10,02:39,LIGHT,61,
2026-04-10,02:40,LIGHT,64,
2026-04-10,02:41,LIGHT,65,
2026-04-10,02:42,LIGHT,67,
2026-04-10,02:43,LIGHT,69,
2026-04-10,02:44,LIGHT,72,
2026-04-10,02:45,DEEP,70,
2026-04-10,02:46,DEEP,69,
2026-04-10,02:47,DEEP,74,
2026-04-10,02:48,DEEP,66,
2026-04-10,02:49,DEEP,66,
2026-04-10,02:50,DEEP,65,
2026-04-10,02:51,DEEP,66,
2026-04-10,02:52,DEEP,66,
2026-04-10,02:53,LIGHT,66,
2026-04-10,02:54,LIGHT,66,
2026-04-10,02:55,LIGHT,66,
2026-04-10,02:56,LIGHT,65,
2026-04-10,02:57,LIGHT,67,
2026-04-10,02:58,WAKE,67,
2026-04-10,02:59,LIGHT,66,
2026-04-10,03:00,LIGHT,63,
2026-04-10,03:01,LIGHT,63,
2026-04-10,03:02,LIGHT,63,
2026-04-10,03:03,LIGHT,63,
2026-04-10,03:04,LIGHT,64,
2026-04-10,03:05,LIGHT,64,
2026-04-10,03:06,LIGHT,64,
2026-04-10,03:07,LIGHT,68,
2026-04-10,03:08,LIGHT,63,
2026-04-10,03:09,LIGHT,67,
2026-04-10,03:10,LIGHT,61,
2026-04-10,03:11,LIGHT,66,
2026-04-10,03:12,LIGHT,66,
2026-04-10,03:13,DEEP,60,
2026-04-10,03:14,DEEP,61,
2026-04-10,03:15,DEEP,62,
2026-04-10,03:16,DEEP,62,
2026-04-10,03:17,DEEP,62,
2026-04-10,03:18,DEEP,63,
2026-04-10,03:19,DEEP,63,
2026-04-10,03:20,DEEP,63,
2026-04-10,03:21,DEEP,63,
2026-04-10,03:22,DEEP,63,
2026-04-10,03:23,LIGHT,63,
2026-04-10,03:24,LIGHT,63,
2026-04-10,03:25,LIGHT,62,
2026-04-10,03:26,LIGHT,62,
2026-04-10,03:27,LIGHT,62,
2026-04-10,03:28,REM,62,
2026-04-10,03:29,REM,63,
2026-04-10,03:30,REM,64,
2026-04-10,03:31,REM,71,
2026-04-10,03:32,REM,62,
2026-04-10,03:33,REM,61,
2026-04-10,03:34,REM,61,
2026-04-10,03:35,REM,62,
2026-04-10,03:36,REM,62,
2026-04-10,03:37,REM,62,
2026-04-10,03:38,REM,62,
2026-04-10,03:39,REM,62,
2026-04-10,03:40,REM,62,
2026-04-10,03:41,REM,62,
2026-04-10,03:42,REM,63,
2026-04-10,03:43,REM,67,
2026-04-10,03:44,REM,61,
2026-04-10,03:45,REM,61,
2026-04-10,03:46,REM,62,
2026-04-10,03:47,REM,63,
2026-04-10,03:48,REM,63,
2026-04-10,03:49,REM,63,
2026-04-10,03:50,REM,63,
2026-04-10,03:51,REM,63,
2026-04-10,03:52,REM,63,
2026-04-10,03:53,REM,63,
2026-04-10,03:54,REM,63,
2026-04-10,03:55,REM,64,
2026-04-10,03:56,REM,64,
2026-04-10,03:57,REM,64,
2026-04-10,03:58,REM,64,
2026-04-10,03:59,REM,64,
2026-04-10,04:00,REM,71,
2026-04-10,04:01,REM,68,
2026-04-10,04:02,LIGHT,61,
2026-04-10,04:03,LIGHT,71,
2026-04-10,04:04,LIGHT,64,
2026-04-10,04:05,LIGHT,66,
2026-04-10,04:06,LIGHT,60,
2026-04-10,04:07,LIGHT,58,
2026-04-10,04:08,LIGHT,59,
2026-04-10,04:09,LIGHT,61,
2026-04-10,04:10,LIGHT,61,
2026-04-10,04:11,LIGHT,62,
2026-04-10,04:12,LIGHT,62,
2026-04-10,04:13,LIGHT,62,
2026-04-10,04:14,LIGHT,62,
2026-04-10,04:15,LIGHT,63,
2026-04-10,04:16,LIGHT,77,
2026-04-10,04:17,LIGHT,63,
2026-04-10,04:18,LIGHT,60,
2026-04-10,04:19,LIGHT,60,
2026-04-10,04:20,LIGHT,66,
2026-04-10,04:21,LIGHT,65,
2026-04-10,04:22,LIGHT,59,
2026-04-10,04:23,LIGHT,62,
2026-04-10,04:24,LIGHT,69,
2026-04-10,04:25,LIGHT,63,
2026-04-10,04:26,LIGHT,64,
2026-04-10,04:27,LIGHT,69,
2026-04-10,04:28,LIGHT,71,
2026-04-10,04:29,LIGHT,73,
2026-04-10,04:30,LIGHT,73,
2026-04-10,04:31,LIGHT,73,
2026-04-10,04:32,LIGHT,70,
2026-04-10,04:33,DEEP,71,
2026-04-10,04:34,DEEP,69,
2026-04-10,04:35,DEEP,66,
2026-04-10,04:36,DEEP,68,
2026-04-10,04:37,DEEP,72,
2026-04-10,04:38,DEEP,69,
2026-04-10,04:39,DEEP,66,
2026-04-10,04:40,DEEP,68,
2026-04-10,04:41,DEEP,68,
2026-04-10,04:42,DEEP,61,
2026-04-10,04:43,DEEP,61,
2026-04-10,04:44,DEEP,63,
2026-04-10,04:45,DEEP,65,
2026-04-10,04:46,LIGHT,64,
2026-04-10,04:47,LIGHT,65,
2026-04-10,04:48,LIGHT,67,
2026-04-10,04:49,LIGHT,72,
2026-04-10,04:50,LIGHT,76,
2026-04-10,04:51,LIGHT,73,
2026-04-10,04:52,LIGHT,68,
2026-04-10,04:53,LIGHT,72,
2026-04-10,04:54,LIGHT,72,
2026-04-10,04:55,LIGHT,70,
2026-04-10,04:56,LIGHT,67,
2026-04-10,04:57,LIGHT,72,
2026-04-10,04:58,LIGHT,68,
2026-04-10,04:59,LIGHT,63,
2026-04-10,05:00,LIGHT,60,
2026-04-10,05:01,LIGHT,62,
2026-04-10,05:02,LIGHT,71,
2026-04-10,05:03,LIGHT,64,
2026-04-10,05:04,LIGHT,60,
2026-04-10,05:05,LIGHT,64,
2026-04-10,05:06,DEEP,71,
2026-04-10,05:07,DEEP,69,
2026-04-10,05:08,DEEP,68,
2026-04-10,05:09,DEEP,67,
2026-04-10,05:10,DEEP,65,
2026-04-10,05:11,DEEP,73,
2026-04-10,05:12,DEEP,65,
2026-04-10,05:13,DEEP,62,
2026-04-10,05:14,DEEP,67,
2026-04-10,05:15,DEEP,64,
2026-04-10,05:16,DEEP,71,
2026-04-10,05:17,DEEP,69,
2026-04-10,05:18,DEEP,63,
2026-04-10,05:19,DEEP,64,
2026-04-10,05:20,DEEP,65,
2026-04-10,05:21,DEEP,65,
2026-04-10,05:22,DEEP,65,
2026-04-10,05:23,DEEP,65,
2026-04-10,05:24,DEEP,66,
2026-04-10,05:25,LIGHT,66,
2026-04-10,05:26,REM,66,
2026-04-10,05:27,REM,66,
2026-04-10,05:28,REM,66,
2026-04-10,05:29,REM,66,
2026-04-10,05:30,REM,66,
2026-04-10,05:31,REM,66,
2026-04-10,05:32,REM,66,
2026-04-10,05:33,REM,73,
2026-04-10,05:34,REM,65,
2026-04-10,05:35,REM,62,
2026-04-10,05:36,REM,62,
2026-04-10,05:37,REM,63,
2026-04-10,05:38,REM,63,
2026-04-10,05:39,REM,63,
2026-04-10,05:40,REM,63,
2026-04-10,05:41,REM,65,
2026-04-10,05:42,REM,73,
2026-04-10,05:43,REM,63,
2026-04-10,05:44,REM,67,
2026-04-10,05:45,REM,60,
2026-04-10,05:46,REM,57,
2026-04-10,05:47,REM,57,
2026-04-10,05:48,REM,59,
2026-04-10,05:49,REM,58,
2026-04-10,05:50,REM,58,
2026-04-10,05:51,REM,59,
2026-04-10,05:52,REM,59,
2026-04-10,05:53,REM,61,
2026-04-10,05:54,REM,61,
2026-04-10,05:55,REM,61,
2026-04-10,05:56,REM,61,
2026-04-10,05:57,LIGHT,61,
2026-04-10,05:58,LIGHT,62,
2026-04-10,05:59,LIGHT,62,
2026-04-10,06:00,LIGHT,62,
2026-04-10,06:01,LIGHT,62,
2026-04-10,06:02,LIGHT,62,
2026-04-10,06:03,LIGHT,62,
2026-04-10,06:04,LIGHT,62,
2026-04-10,06:05,LIGHT,62,
2026-04-10,06:06,LIGHT,62,
2026-04-10,06:07,WAKE,62,
2026-04-10,06:08,LIGHT,62,
2026-04-10,06:09,LIGHT,62,
2026-04-10,06:10,LIGHT,62,
2026-04-10,06:11,LIGHT,63,
2026-04-10,06:12,LIGHT,62,
2026-04-10,06:13,LIGHT,62,
2026-04-10,06:14,LIGHT,62,
2026-04-10,06:15,LIGHT,61,
2026-04-10,06:16,LIGHT,60,
2026-04-10,06:17,LIGHT,64,
2026-04-10,06:18,LIGHT,65,
2026-04-10,06:19,LIGHT,70,
2026-04-10,06:20,LIGHT,59,
2026-04-10,06:21,LIGHT,59,
2026-04-10,06:22,LIGHT,60,
2026-04-10,06:23,LIGHT,62,
2026-04-10,06:24,LIGHT,61,
2026-04-10,06:25,LIGHT,65,
2026-04-10,06:26,LIGHT,64,
2026-04-10,06:27,LIGHT,59,
2026-04-10,06:28,LIGHT,59,
2026-04-10,06:29,LIGHT,62,
2026-04-10,06:30,LIGHT,62,
2026-04-10,06:31,LIGHT,59,
2026-04-10,06:32,LIGHT,59,
2026-04-10,06:33,LIGHT,60,
2026-04-10,06:34,LIGHT,61,
2026-04-10,06:35,LIGHT,64,
2026-04-10,06:36,LIGHT,59,
2026-04-10,06:37,DEEP,57,
2026-04-10,06:38,DEEP,56,
2026-04-10,06:39,DEEP,55,
2026-04-10,06:40,DEEP,57,
2026-04-10,06:41,DEEP,59,
2026-04-10,06:42,DEEP,59,
2026-04-10,06:43,DEEP,60,
2026-04-10,06:44,DEEP,68,
2026-04-10,06:45,DEEP,61,
2026-04-10,06:46,LIGHT,65,
2026-04-10,06:47,LIGHT,64,
2026-04-10,06:48,LIGHT,59,
2026-04-10,06:49,LIGHT,59,
2026-04-10,06:50,LIGHT,59,
2026-04-10,06:51,LIGHT,60,
2026-04-10,06:52,LIGHT,65,
2026-04-10,06:53,LIGHT,71,
2026-04-10,06:54,LIGHT,62,
2026-04-10,06:55,LIGHT,67,
2026-04-10,06:56,LIGHT,60,
2026-04-10,06:57,LIGHT,59,
2026-04-10,06:58,LIGHT,60,
2026-04-10,06:59,REM,61,
2026-04-10,07:00,REM,61,
2026-04-10,07:01,REM,62,
2026-04-10,07:02,REM,62,
2026-04-10,07:03,REM,62,
2026-04-10,07:04,REM,62,
2026-04-10,07:05,REM,65,
2026-04-10,07:06,REM,57,
2026-04-10,07:07,REM,57,
2026-04-10,07:08,REM,61,
2026-04-10,07:09,REM,60,
2026-04-10,07:10,REM,60,
2026-04-10,07:11,REM,61,
2026-04-10,07:12,REM,61,
2026-04-10,07:13,REM,63,
2026-04-10,07:14,REM,63,
2026-04-10,07:15,REM,63,
2026-04-10,07:16,REM,63,
2026-04-10,07:17,REM,63,
2026-04-10,07:18,REM,63,
2026-04-10,07:19,REM,64,
2026-04-10,07:20,REM,64,
2026-04-10,07:21,REM,63,
2026-04-10,07:22,REM,62,
2026-04-10,07:23,REM,64,
2026-04-10,07:24,REM,63,
2026-04-10,07:25,REM,64,
2026-04-10,07:26,REM,65,
2026-04-10,07:27,REM,67,
2026-04-10,07:28,REM,75,
2026-04-10,07:29,REM,66,
2026-04-10,07:30,REM,68,
2026-04-10,07:31,REM,62,
2026-04-10,07:32,REM,67,
2026-04-10,07:33,REM,69,
2026-04-10,07:34,REM,61,
2026-04-10,07:35,REM,67,
2026-04-10,07:36,REM,59,
2026-04-10,07:37,REM,60,
2026-04-10,07:38,REM,57,
2026-04-10,07:39,LIGHT,65,
2026-04-10,07:40,LIGHT,62,
2026-04-10,07:41,LIGHT,58,
2026-04-10,07:42,LIGHT,63,
2026-04-10,07:43,LIGHT,65,
2026-04-10,07:44,LIGHT,67,
2026-04-10,07:45,LIGHT,58,
2026-04-10,07:46,LIGHT,55,
2026-04-10,07:47,LIGHT,60,
2026-04-10,07:48,LIGHT,67,
2026-04-10,07:49,LIGHT,60,
2026-04-10,07:50,LIGHT,60,
2026-04-10,07:51,LIGHT,59,
2026-04-10,07:52,LIGHT,57,
2026-04-10,07:53,LIGHT,56,
2026-04-10,07:54,LIGHT,63,
2026-04-10,07:55,LIGHT,65,
2026-04-10,07:56,LIGHT,66,
2026-04-10,07:57,LIGHT,59,
2026-04-10,07:58,LIGHT,61,
2026-04-10,07:59,LIGHT,61,
2026-04-10,08:00,LIGHT,67,
2026-04-10,08:01,LIGHT,62,
2026-04-10,08:02,LIGHT,64,
2026-04-10,08:03,LIGHT,58,
2026-04-10,08:04,LIGHT,58,
2026-04-10,08:05,LIGHT,57,
2026-04-10,08:06,LIGHT,64,
2026-04-10,08:07,LIGHT,63,
2026-04-10,08:08,LIGHT,60,
2026-04-10,08:09,LIGHT,61,
2026-04-10,08:10,LIGHT,59,
2026-04-10,08:11,LIGHT,59,
2026-04-10,08:12,LIGHT,58,
2026-04-10,08:13,LIGHT,58,
2026-04-10,08:14,LIGHT,56,
2026-04-10,08:15,LIGHT,57,
2026-04-10,08:16,LIGHT,59,
2026-04-10,08:17,LIGHT,61,
2026-04-10,08:18,LIGHT,63,
2026-04-10,08:19,LIGHT,61,
2026-04-10,08:20,LIGHT,58,
2026-04-10,08:21,LIGHT,63,
2026-04-10,08:22,LIGHT,63,
2026-04-10,08:23,LIGHT,63,
2026-04-10,08:24,LIGHT,61,
2026-04-10,08:25,LIGHT,63,
2026-04-10,08:26,LIGHT,64,
2026-04-10,08:27,LIGHT,60,
2026-04-10,08:28,LIGHT,59,
2026-04-10,08:29,LIGHT,59,
2026-04-10,08:30,LIGHT,64,
2026-04-10,08:31,LIGHT,64,
2026-04-10,08:32,LIGHT,62,
2026-04-10,08:33,LIGHT,62,
2026-04-10,08:34,LIGHT,64,
2026-04-10,08:35,LIGHT,62,
2026-04-10,08:36,LIGHT,62,
2026-04-10,08:37,LIGHT,61,
2026-04-10,08:38,LIGHT,63,
2026-04-10,08:39,LIGHT,63,
2026-04-10,08:40,LIGHT,68,
2026-04-10,08:41,LIGHT,65,
2026-04-10,08:42,LIGHT,59,
2026-04-10,08:43,LIGHT,60,
2026-04-10,08:44,LIGHT,61,
2026-04-10,08:45,LIGHT,66,
2026-04-10,08:46,LIGHT,74,
2026-04-10,08:47,REM,66,
2026-04-10,08:48,REM,64,
2026-04-10,08:49,REM,62,
2026-04-10,08:50,REM,62,
2026-04-10,08:51,REM,64,
2026-04-10,08:52,REM,64,
2026-04-10,08:53,REM,64,
2026-04-10,08:54,REM,63,
2026-04-10,08:55,REM,64,
2026-04-10,08:56,LIGHT,65,
2026-04-10,08:57,LIGHT,62,
2026-04-10,08:58,LIGHT,62,
2026-04-10,08:59,LIGHT,62,
2026-04-10,09:00,LIGHT,66,
2026-04-11,01:25,LIGHT,59,
2026-04-11,01:26,LIGHT,60,
2026-04-11,01:27,LIGHT,60,
2026-04-11,01:28,LIGHT,60,
2026-04-11,01:29,LIGHT,60,
2026-04-11,01:30,LIGHT,61,
2026-04-11,01:31,LIGHT,61,
2026-04-11,01:32,LIGHT,61,
2026-04-11,01:33,LIGHT,62,
2026-04-11,01:34,LIGHT,62,
2026-04-11,01:35,DEEP,63,
2026-04-11,01:36,DEEP,63,
2026-04-11,01:37,DEEP,70,
2026-04-11,01:38,DEEP,65,
2026-04-11,01:39,DEEP,62,
2026-04-11,01:40,DEEP,72,
2026-04-11,01:41,DEEP,72,
2026-04-11,01:42,DEEP,65,
2026-04-11,01:43,DEEP,64,
2026-04-11,01:44,DEEP,64,
2026-04-11,01:45,DEEP,64,
2026-04-11,01:46,DEEP,64,
2026-04-11,01:47,LIGHT,64,
2026-04-11,01:48,LIGHT,64,
2026-04-11,01:49,LIGHT,64,
2026-04-11,01:50,LIGHT,64,
2026-04-11,01:51,LIGHT,64,
2026-04-11,01:52,LIGHT,64,
2026-04-11,01:53,LIGHT,64,
2026-04-11,01:54,LIGHT,65,
2026-04-11,01:55,LIGHT,65,
2026-04-11,01:56,LIGHT,65,
2026-04-11,01:57,DEEP,65,
2026-04-11,01:58,DEEP,66,
2026-04-11,01:59,DEEP,66,
2026-04-11,02:00,DEEP,66,
2026-04-11,02:01,DEEP,67,
2026-04-11,02:02,DEEP,73,
2026-04-11,02:03,DEEP,63,
2026-04-11,02:04,DEEP,65,
2026-04-11,02:05,DEEP,68,
2026-04-11,02:06,DEEP,62,
2026-04-11,02:07,DEEP,65,
2026-04-11,02:08,DEEP,62,
2026-04-11,02:09,DEEP,62,
2026-04-11,02:10,DEEP,66,
2026-04-11,02:11,DEEP,66,
2026-04-11,02:12,DEEP,63,
2026-04-11,02:13,DEEP,63,
2026-04-11,02:14,DEEP,63,
2026-04-11,02:15,DEEP,64,
2026-04-11,02:16,DEEP,64,
2026-04-11,02:17,DEEP,64,
2026-04-11,02:18,DEEP,64,
2026-04-11,02:19,DEEP,64,
2026-04-11,02:20,DEEP,65,
2026-04-11,02:21,DEEP,65,
2026-04-11,02:22,DEEP,65,
2026-04-11,02:23,DEEP,65,
2026-04-11,02:24,DEEP,64,
2026-04-11,02:25,DEEP,64,
2026-04-11,02:26,DEEP,64,
2026-04-11,02:27,DEEP,64,
2026-04-11,02:28,DEEP,65,
2026-04-11,02:29,DEEP,65,
2026-04-11,02:30,DEEP,65,
2026-04-11,02:31,DEEP,66,
2026-04-11,02:32,DEEP,65,
2026-04-11,02:33,LIGHT,75,
2026-04-11,02:34,LIGHT,69,
2026-04-11,02:35,LIGHT,67,
2026-04-11,02:36,LIGHT,64,
2026-04-11,02:37,LIGHT,70,
2026-04-11,02:38,LIGHT,65,
2026-04-11,02:39,LIGHT,67,
2026-04-11,02:40,REM,69,
2026-04-11,02:41,REM,69,
2026-04-11,02:42,REM,72,
2026-04-11,02:43,REM,72,
2026-04-11,02:44,REM,71,
2026-04-11,02:45,REM,72,
2026-04-11,02:46,REM,72,
2026-04-11,02:47,REM,67,
2026-04-11,02:48,REM,72,
2026-04-11,02:49,REM,72,
2026-04-11,02:50,REM,69,
2026-04-11,02:51,REM,73,
2026-04-11,02:52,REM,70,
2026-04-11,02:53,REM,68,
2026-04-11,02:54,REM,69,
2026-04-11,02:55,REM,72,
2026-04-11,02:56,REM,73,
2026-04-11,02:57,REM,64,
2026-04-11,02:58,REM,61,
2026-04-11,02:59,REM,57,
2026-04-11,03:00,REM,60,
2026-04-11,03:01,REM,57,
2026-04-11,03:02,REM,57,
2026-04-11,03:03,LIGHT,57,
2026-04-11,03:04,LIGHT,58,
2026-04-11,03:05,LIGHT,59,
2026-04-11,03:06,LIGHT,59,
2026-04-11,03:07,LIGHT,63,
2026-04-11,03:08,LIGHT,63,
2026-04-11,03:09,LIGHT,56,
2026-04-11,03:10,LIGHT,55,
2026-04-11,03:11,LIGHT,62,
2026-04-11,03:12,LIGHT,57,
2026-04-11,03:13,LIGHT,54,
2026-04-11,03:14,LIGHT,56,
2026-04-11,03:15,LIGHT,55,
2026-04-11,03:16,LIGHT,57,
2026-04-11,03:17,LIGHT,57,
2026-04-11,03:18,LIGHT,57,
2026-04-11,03:19,LIGHT,57,
2026-04-11,03:20,LIGHT,58,
2026-04-11,03:21,LIGHT,58,
2026-04-11,03:22,LIGHT,59,
2026-04-11,03:23,LIGHT,59,
2026-04-11,03:24,LIGHT,59,
2026-04-11,03:25,LIGHT,58,
2026-04-11,03:26,DEEP,58,
2026-04-11,03:27,DEEP,60,
2026-04-11,03:28,DEEP,60,
2026-04-11,03:29,DEEP,61,
2026-04-11,03:30,DEEP,62,
2026-04-11,03:31,DEEP,56,
2026-04-11,03:32,LIGHT,56,
2026-04-11,03:33,LIGHT,58,
2026-04-11,03:34,LIGHT,59,
2026-04-11,03:35,LIGHT,59,
2026-04-11,03:36,LIGHT,59,
2026-04-11,03:37,LIGHT,58,
2026-04-11,03:38,LIGHT,59,
2026-04-11,03:39,LIGHT,59,
2026-04-11,03:40,LIGHT,60,
2026-04-11,03:41,LIGHT,60,
2026-04-11,03:42,LIGHT,59,
2026-04-11,03:43,LIGHT,60,
2026-04-11,03:44,LIGHT,60,
2026-04-11,03:45,LIGHT,60,
2026-04-11,03:46,LIGHT,60,
2026-04-11,03:47,LIGHT,60,
2026-04-11,03:48,LIGHT,60,
2026-04-11,03:49,LIGHT,60,
2026-04-11,03:50,LIGHT,60,
2026-04-11,03:51,LIGHT,60,
2026-04-11,03:52,LIGHT,61,
2026-04-11,03:53,DEEP,60,
2026-04-11,03:54,DEEP,60,
2026-04-11,03:55,DEEP,65,
2026-04-11,03:56,DEEP,67,
2026-04-11,03:57,DEEP,61,
2026-04-11,03:58,DEEP,55,
2026-04-11,03:59,DEEP,59,
2026-04-11,04:00,DEEP,58,
2026-04-11,04:01,LIGHT,58,
2026-04-11,04:02,LIGHT,58,
2026-04-11,04:03,LIGHT,56,
2026-04-11,04:04,LIGHT,59,
2026-04-11,04:05,LIGHT,59,
2026-04-11,04:06,LIGHT,63,
2026-04-11,04:07,LIGHT,61,
2026-04-11,04:08,LIGHT,68,
2026-04-11,04:09,LIGHT,65,
2026-04-11,04:10,LIGHT,62,
2026-04-11,04:11,LIGHT,64,
2026-04-11,04:12,LIGHT,62,
2026-04-11,04:13,LIGHT,69,
2026-04-11,04:14,LIGHT,59,
2026-04-11,04:15,LIGHT,56,
2026-04-11,04:16,LIGHT,64,
2026-04-11,04:17,LIGHT,66,
2026-04-11,04:18,LIGHT,67,
2026-04-11,04:19,LIGHT,73,
2026-04-11,04:20,LIGHT,72,
2026-04-11,04:21,LIGHT,70,
2026-04-11,04:22,LIGHT,71,
2026-04-11,04:23,LIGHT,63,
2026-04-11,04:24,REM,63,
2026-04-11,04:25,REM,63,
2026-04-11,04:26,REM,63,
2026-04-11,04:27,REM,65,
2026-04-11,04:28,REM,62,
2026-04-11,04:29,REM,62,
2026-04-11,04:30,REM,62,
2026-04-11,04:31,REM,69,
2026-04-11,04:32,REM,66,
2026-04-11,04:33,REM,72,
2026-04-11,04:34,REM,70,
2026-04-11,04:35,REM,67,
2026-04-11,04:36,REM,61,
2026-04-11,04:37,REM,61,
2026-04-11,04:38,REM,62,
2026-04-11,04:39,REM,69,
2026-04-11,04:40,REM,67,
2026-04-11,04:41,REM,59,
2026-04-11,04:42,REM,59,
2026-04-11,04:43,REM,59,
2026-04-11,04:44,REM,59,
2026-04-11,04:45,REM,58,
2026-04-11,04:46,REM,58,
2026-04-11,04:47,REM,59,
2026-04-11,04:48,REM,59,
2026-04-11,04:49,REM,61,
2026-04-11,04:50,REM,55,
2026-04-11,04:51,REM,55,
2026-04-11,04:52,REM,56,
2026-04-11,04:53,REM,56,
2026-04-11,04:54,REM,57,
2026-04-11,04:55,REM,57,
2026-04-11,04:56,REM,58,
2026-04-11,04:57,REM,59,
2026-04-11,04:58,REM,59,
2026-04-11,04:59,REM,59,
2026-04-11,05:00,LIGHT,59,
2026-04-11,05:01,LIGHT,59,
2026-04-11,05:02,LIGHT,58,
2026-04-11,05:03,WAKE,58,
2026-04-11,05:04,LIGHT,59,
2026-04-11,05:05,LIGHT,59,
2026-04-11,05:06,LIGHT,60,
2026-04-11,05:07,LIGHT,61,
2026-04-11,05:08,LIGHT,60,
2026-04-11,05:09,LIGHT,60,
2026-04-11,05:10,LIGHT,60,
2026-04-11,05:11,LIGHT,60,
2026-04-11,05:12,LIGHT,66,
2026-04-11,05:13,LIGHT,55,
2026-04-11,05:14,LIGHT,53,
2026-04-11,05:15,LIGHT,53,
2026-04-11,05:16,LIGHT,55,
2026-04-11,05:17,LIGHT,55,
2026-04-11,05:18,LIGHT,55,
2026-04-11,05:19,LIGHT,54,
2026-04-11,05:20,LIGHT,62,
2026-04-11,05:21,LIGHT,54,
2026-04-11,05:22,LIGHT,57,
2026-04-11,05:23,LIGHT,68,
2026-04-11,05:24,LIGHT,57,
2026-04-11,05:25,LIGHT,53,
2026-04-11,05:26,LIGHT,51,
2026-04-11,05:27,LIGHT,51,
2026-04-11,05:28,LIGHT,51,
2026-04-11,05:29,LIGHT,52,
2026-04-11,05:30,LIGHT,52,
2026-04-11,05:31,DEEP,54,
2026-04-11,05:32,DEEP,54,
2026-04-11,05:33,DEEP,61,
2026-04-11,05:34,LIGHT,55,
2026-04-11,05:35,LIGHT,53,
2026-04-11,05:36,LIGHT,55,
2026-04-11,05:37,LIGHT,55,
2026-04-11,05:38,LIGHT,58,
2026-04-11,05:39,LIGHT,63,
2026-04-11,05:40,LIGHT,55,
2026-04-11,05:41,LIGHT,59,
2026-04-11,05:42,LIGHT,69,
2026-04-11,05:43,LIGHT,62,
2026-04-11,05:44,LIGHT,64,
2026-04-11,05:45,LIGHT,58,
2026-04-11,05:46,LIGHT,65,
2026-04-11,05:47,LIGHT,65,
2026-04-11,05:48,LIGHT,68,
2026-04-11,05:49,LIGHT,59,
2026-04-11,05:50,LIGHT,58,
2026-04-11,05:51,LIGHT,59,
2026-04-11,05:52,LIGHT,69,
2026-04-11,05:53,LIGHT,61,
2026-04-11,05:54,LIGHT,58,
2026-04-11,05:55,LIGHT,59,
2026-04-11,05:56,LIGHT,56,
2026-04-11,05:57,DEEP,54,
2026-04-11,05:58,DEEP,56,
2026-04-11,05:59,DEEP,61,
2026-04-11,06:00,DEEP,66,
2026-04-11,06:01,DEEP,61,
2026-04-11,06:02,DEEP,61,
2026-04-11,06:03,DEEP,63,
2026-04-11,06:04,DEEP,60,
2026-04-11,06:05,DEEP,60,
2026-04-11,06:06,DEEP,61,
2026-04-11,06:07,DEEP,72,
2026-04-11,06:08,DEEP,61,
2026-04-11,06:09,DEEP,58,
2026-04-11,06:10,DEEP,57,
2026-04-11,06:11,DEEP,61,
2026-04-11,06:12,DEEP,58,
2026-04-11,06:13,DEEP,57,
2026-04-11,06:14,DEEP,57,
2026-04-11,06:15,DEEP,58,
2026-04-11,06:16,DEEP,58,
2026-04-11,06:17,DEEP,60,
2026-04-11,06:18,REM,60,
2026-04-11,06:19,REM,61,
2026-04-11,06:20,REM,61,
2026-04-11,06:21,REM,61,
2026-04-11,06:22,REM,61,
2026-04-11,06:23,REM,61,
2026-04-11,06:24,REM,62,
2026-04-11,06:25,REM,69,
2026-04-11,06:26,REM,68,
2026-04-11,06:27,REM,60,
2026-04-11,06:28,REM,57,
2026-04-11,06:29,REM,58,
2026-04-11,06:30,REM,58,
2026-04-11,06:31,REM,58,
2026-04-11,06:32,REM,59,
2026-04-11,06:33,REM,59,
2026-04-11,06:34,REM,58,
2026-04-11,06:35,REM,58,
2026-04-11,06:36,REM,58,
2026-04-11,06:37,REM,58,
2026-04-11,06:38,REM,58,
2026-04-11,06:39,REM,58,
2026-04-11,06:40,REM,58,
2026-04-11,06:41,REM,58,
2026-04-11,06:42,REM,58,
2026-04-11,06:43,REM,58,
2026-04-11,06:44,LIGHT,58,
2026-04-11,06:45,LIGHT,58,
2026-04-11,06:46,LIGHT,58,
2026-04-11,06:47,LIGHT,57,
2026-04-11,06:48,LIGHT,57,
2026-04-11,06:49,LIGHT,57,
2026-04-11,06:50,LIGHT,57,
2026-04-11,06:51,LIGHT,58,
2026-04-11,06:52,LIGHT,58,
2026-04-11,06:53,LIGHT,58,
2026-04-11,06:54,LIGHT,58,
2026-04-11,06:55,LIGHT,58,
2026-04-11,06:56,LIGHT,58,
2026-04-11,06:57,LIGHT,58,
2026-04-11,06:58,LIGHT,58,
2026-04-11,06:59,LIGHT,59,
2026-04-11,07:00,LIGHT,59,
2026-04-11,07:01,LIGHT,58,
2026-04-11,07:02,LIGHT,58,
2026-04-11,07:03,LIGHT,58,
2026-04-11,07:04,LIGHT,58,
2026-04-11,07:05,LIGHT,58,
2026-04-11,07:06,LIGHT,57,
2026-04-11,07:07,LIGHT,57,
2026-04-11,07:08,LIGHT,57,
2026-04-11,07:09,LIGHT,57,
2026-04-11,07:10,LIGHT,58,
2026-04-11,07:11,LIGHT,57,
2026-04-11,07:12,LIGHT,57,
2026-04-11,07:13,LIGHT,57,
2026-04-11,07:14,LIGHT,57,
2026-04-11,07:15,LIGHT,66,
2026-04-11,07:16,LIGHT,63,
2026-04-11,07:17,LIGHT,56,
2026-04-11,07:18,LIGHT,56,
2026-04-11,07:19,LIGHT,56,
2026-04-11,07:20,LIGHT,58,
2026-04-11,07:21,LIGHT,59,
2026-04-11,07:22,LIGHT,61,
2026-04-11,07:23,LIGHT,61,
2026-04-11,07:24,LIGHT,58,
2026-04-11,07:25,LIGHT,63,
2026-04-11,07:26,LIGHT,60,
2026-04-11,07:27,LIGHT,59,
2026-04-11,07:28,LIGHT,61,
2026-04-11,07:29,REM,58,
2026-04-11,07:30,REM,64,
2026-04-11,07:31,REM,69,
2026-04-11,07:32,REM,61,
2026-04-11,07:33,REM,61,
2026-04-11,07:34,REM,63,
2026-04-11,07:35,REM,60,
2026-04-11,07:36,REM,60,
2026-04-11,07:37,REM,65,
2026-04-11,07:38,REM,69,
2026-04-11,07:39,REM,63,
2026-04-11,07:40,REM,60,
2026-04-11,07:41,REM,58,
2026-04-11,07:42,REM,58,
2026-04-11,07:43,REM,58,
2026-04-11,07:44,REM,64,
2026-04-11,07:45,REM,56,
2026-04-11,07:46,REM,60,
2026-04-11,07:47,REM,65,
2026-04-11,07:48,REM,66,
2026-04-11,07:49,REM,67,
2026-04-11,07:50,REM,67,
2026-04-11,07:51,REM,66,
2026-04-11,07:52,REM,71,
2026-04-11,07:53,REM,65,
2026-04-11,07:54,REM,61,
2026-04-11,07:55,REM,58,
2026-04-11,07:56,REM,61,
2026-04-11,07:57,REM,59,
2026-04-11,07:58,REM,63,
2026-04-11,07:59,REM,71,
2026-04-11,08:00,REM,65,
2026-04-11,08:01,REM,65,
2026-04-11,08:02,REM,69,
2026-04-11,08:03,LIGHT,65,
2026-04-11,08:04,LIGHT,62,
2026-04-11,08:05,LIGHT,60,
2026-04-11,08:06,LIGHT,60,
2026-04-11,08:07,LIGHT,60,
2026-04-11,08:08,LIGHT,66,
2026-04-11,08:09,LIGHT,59,
2026-04-11,08:10,LIGHT,61,
2026-04-11,08:11,LIGHT,61,
2026-04-11,08:12,LIGHT,59,
2026-04-11,08:13,LIGHT,58,
2026-04-11,08:14,LIGHT,58,
2026-04-11,08:15,LIGHT,57,
2026-04-11,08:16,LIGHT,57,
2026-04-11,08:17,LIGHT,57,
2026-04-11,08:18,LIGHT,57,
2026-04-11,08:19,LIGHT,57,
2026-04-11,08:20,LIGHT,57,
2026-04-11,08:21,LIGHT,62,
2026-04-11,08:22,LIGHT,72,
2026-04-11,08:23,LIGHT,63,
2026-04-11,08:24,LIGHT,66,
2026-04-11,08:25,LIGHT,70,
2026-04-11,08:26,LIGHT,75,
2026-04-11,08:27,LIGHT,64,
2026-04-11,08:28,LIGHT,61,
2026-04-11,08:29,LIGHT,58,
2026-04-11,08:30,LIGHT,56,
2026-04-11,08:31,LIGHT,56,
2026-04-11,08:32,LIGHT,58,
2026-04-11,08:33,LIGHT,58,
2026-04-11,08:34,LIGHT,58,
2026-04-11,08:35,LIGHT,63,
2026-04-11,08:36,LIGHT,61,
2026-04-11,08:37,LIGHT,62,
2026-04-11,08:38,LIGHT,65,
2026-04-11,08:39,LIGHT,83,
2026-04-11,08:40,LIGHT,86,
2026-04-11,08:41,LIGHT,75,
2026-04-11,08:42,LIGHT,72,
2026-04-11,08:43,LIGHT,71,
2026-04-11,08:44,LIGHT,73,
2026-04-11,08:45,LIGHT,75,
2026-04-11,08:46,LIGHT,86,
2026-04-11,08:47,LIGHT,83,
2026-04-11,08:48,LIGHT,86,
2026-04-11,08:49,LIGHT,80,
2026-04-11,08:50,LIGHT,74,
2026-04-11,08:51,LIGHT,73,
2026-04-11,08:52,LIGHT,75,
2026-04-11,08:53,LIGHT,77,
2026-04-11,08:54,LIGHT,71,
2026-04-11,08:55,LIGHT,71,
2026-04-11,08:56,LIGHT,75,
2026-04-11,08:57,LIGHT,80,
2026-04-11,08:58,LIGHT,83,
2026-04-11,08:59,LIGHT,83,
2026-04-11,09:00,LIGHT,81,
2026-04-11,09:01,LIGHT,79,
2026-04-11,09:02,LIGHT,81,
2026-04-11,09:03,LIGHT,82,
2026-04-11,09:04,LIGHT,84,
2026-04-11,09:05,LIGHT,84,
2026-04-11,09:06,LIGHT,80,
2026-04-11,09:07,LIGHT,77,
2026-04-11,09:08,LIGHT,74,
2026-04-11,09:09,LIGHT,74,
2026-04-11,09:10,LIGHT,74,
2026-04-11,09:11,LIGHT,74,
2026-04-11,09:12,DEEP,74,
2026-04-11,09:13,DEEP,75,
2026-04-11,09:14,DEEP,75,
2026-04-11,09:15,DEEP,77,
2026-04-11,09:16,DEEP,76,
2026-04-11,09:17,DEEP,75,
2026-04-11,09:18,DEEP,75,
2026-04-11,09:19,DEEP,76,
2026-04-11,09:20,DEEP,79,
2026-04-11,09:21,LIGHT,86,
2026-04-11,09:22,LIGHT,87,
2026-04-11,09:23,LIGHT,76,
2026-04-11,09:24,LIGHT,75,
2026-04-11,09:25,LIGHT,76,
2026-04-11,09:26,LIGHT,77,
2026-04-11,09:27,LIGHT,74,
2026-04-11,09:28,LIGHT,75,
2026-04-11,09:29,LIGHT,75,
2026-04-11,09:30,LIGHT,76,
2026-04-11,09:31,LIGHT,78,
2026-04-11,09:32,LIGHT,75,
2026-04-11,09:33,LIGHT,75,
2026-04-11,09:34,LIGHT,75,
2026-04-11,09:35,LIGHT,73,
2026-04-11,09:36,LIGHT,74,
2026-04-11,09:37,WAKE,77,
2026-04-11,09:38,WAKE,77,
2026-04-11,09:39,LIGHT,72,
2026-04-11,09:40,LIGHT,74,
2026-04-11,09:41,LIGHT,71,
2026-04-11,09:42,LIGHT,71,
2026-04-12,01:20,LIGHT,,
2026-04-12,01:21,LIGHT,,
2026-04-12,01:22,LIGHT,,
2026-04-12,01:23,LIGHT,,
2026-04-12,01:24,LIGHT,,
2026-04-12,01:25,LIGHT,,
2026-04-12,01:26,LIGHT,,
2026-04-12,01:27,LIGHT,,
2026-04-12,01:28,DEEP,,
2026-04-12,01:29,DEEP,,
2026-04-12,01:30,DEEP,,
2026-04-12,01:31,DEEP,,
2026-04-12,01:32,DEEP,,
2026-04-12,01:33,DEEP,,
2026-04-12,01:34,DEEP,,
2026-04-12,01:35,DEEP,,
2026-04-12,01:36,DEEP,,
2026-04-12,01:37,DEEP,,
2026-04-12,01:38,LIGHT,,
2026-04-12,01:39,LIGHT,,
2026-04-12,01:40,LIGHT,,
2026-04-12,01:41,LIGHT,,
2026-04-12,01:42,LIGHT,,
2026-04-12,01:43,LIGHT,,
2026-04-12,01:44,LIGHT,,
2026-04-12,01:45,LIGHT,,
2026-04-12,01:46,DEEP,,
2026-04-12,01:47,DEEP,,
2026-04-12,01:48,DEEP,,
2026-04-12,01:49,DEEP,,
2026-04-12,01:50,DEEP,,
2026-04-12,01:51,DEEP,,
2026-04-12,01:52,DEEP,,
2026-04-12,01:53,DEEP,,
2026-04-12,01:54,DEEP,,
2026-04-12,01:55,DEEP,,
2026-04-12,01:56,DEEP,,
2026-04-12,01:57,DEEP,,
2026-04-12,01:58,DEEP,,
2026-04-12,01:59,DEEP,,
2026-04-12,02:00,DEEP,,
2026-04-12,02:01,DEEP,,
2026-04-12,02:02,DEEP,,
2026-04-12,02:03,DEEP,,
2026-04-12,02:04,LIGHT,,
2026-04-12,02:05,LIGHT,,
2026-04-12,02:06,LIGHT,,
2026-04-12,02:07,LIGHT,,
2026-04-12,02:08,LIGHT,,
2026-04-12,02:09,LIGHT,,
2026-04-12,02:10,LIGHT,,
2026-04-12,02:11,LIGHT,,
2026-04-12,02:12,LIGHT,,
2026-04-12,02:13,LIGHT,,
2026-04-12,02:14,LIGHT,,
2026-04-12,02:15,LIGHT,,
2026-04-12,02:16,LIGHT,,
2026-04-12,02:17,LIGHT,,
2026-04-12,02:18,LIGHT,,
2026-04-12,02:19,LIGHT,,
2026-04-12,02:20,LIGHT,,
2026-04-12,02:21,LIGHT,,
2026-04-12,02:22,DEEP,,
2026-04-12,02:23,DEEP,,
2026-04-12,02:24,DEEP,,
2026-04-12,02:25,DEEP,,
2026-04-12,02:26,DEEP,,
2026-04-12,02:27,DEEP,,
2026-04-12,02:28,DEEP,,
2026-04-12,02:29,DEEP,,
2026-04-12,02:30,DEEP,,
2026-04-12,02:31,DEEP,,
2026-04-12,02:32,DEEP,,
2026-04-12,02:33,DEEP,,
2026-04-12,02:34,LIGHT,,
2026-04-12,02:35,LIGHT,,
2026-04-12,02:36,LIGHT,,
2026-04-12,02:37,LIGHT,,
2026-04-12,02:38,LIGHT,,
2026-04-12,02:39,LIGHT,,
2026-04-12,02:40,LIGHT,,
2026-04-12,02:41,REM,,
2026-04-12,02:42,REM,,
2026-04-12,02:43,REM,,
2026-04-12,02:44,REM,,
2026-04-12,02:45,REM,,
2026-04-12,02:46,REM,,
2026-04-12,02:47,REM,,
2026-04-12,02:48,REM,,
2026-04-12,02:49,REM,,
2026-04-12,02:50,REM,,
2026-04-12,02:51,REM,,
2026-04-12,02:52,REM,,
2026-04-12,02:53,REM,,
2026-04-12,02:54,REM,,
2026-04-12,02:55,REM,,
2026-04-12,02:56,REM,,
2026-04-12,02:57,REM,,
2026-04-12,02:58,REM,,
2026-04-12,02:59,REM,,
2026-04-12,03:00,REM,,
2026-04-12,03:01,REM,,
2026-04-12,03:02,REM,,
2026-04-12,03:03,REM,,
2026-04-12,03:04,REM,,
2026-04-12,03:05,REM,,
2026-04-12,03:06,REM,,
2026-04-12,03:07,REM,,
2026-04-12,03:08,REM,,
2026-04-12,03:09,LIGHT,,
2026-04-12,03:10,LIGHT,,
2026-04-12,03:11,LIGHT,,
2026-04-12,03:12,LIGHT,,
2026-04-12,03:13,LIGHT,,
2026-04-12,03:14,LIGHT,,
2026-04-12,03:15,LIGHT,,
2026-04-12,03:16,LIGHT,,
2026-04-12,03:17,LIGHT,,
2026-04-12,03:18,LIGHT,,
2026-04-12,03:19,LIGHT,,
2026-04-12,03:20,LIGHT,,
2026-04-12,03:21,LIGHT,,
2026-04-12,03:22,LIGHT,,
2026-04-12,03:23,LIGHT,,
2026-04-12,03:24,LIGHT,,
2026-04-12,03:25,LIGHT,,
2026-04-12,03:26,LIGHT,,
2026-04-12,03:27,LIGHT,,
2026-04-12,03:28,LIGHT,,
2026-04-12,03:29,LIGHT,,
2026-04-12,03:30,LIGHT,,
2026-04-12,03:31,LIGHT,,
2026-04-12,03:32,LIGHT,,
2026-04-12,03:33,LIGHT,,
2026-04-12,03:34,LIGHT,,
2026-04-12,03:35,LIGHT,,
2026-04-12,03:36,LIGHT,,
2026-04-12,03:37,LIGHT,,
2026-04-12,03:38,LIGHT,,
2026-04-12,03:39,DEEP,,
2026-04-12,03:40,DEEP,,
2026-04-12,03:41,DEEP,,
2026-04-12,03:42,DEEP,,
2026-04-12,03:43,DEEP,,
2026-04-12,03:44,DEEP,,
2026-04-12,03:45,DEEP,,
2026-04-12,03:46,DEEP,,
2026-04-12,03:47,DEEP,,
2026-04-12,03:48,DEEP,,
2026-04-12,03:49,DEEP,,
2026-04-12,03:50,DEEP,,
2026-04-12,03:51,DEEP,,
2026-04-12,03:52,DEEP,,
2026-04-12,03:53,DEEP,,
2026-04-12,03:54,DEEP,,
2026-04-12,03:55,DEEP,,
2026-04-12,03:56,DEEP,,
2026-04-12,03:57,LIGHT,,
2026-04-12,03:58,LIGHT,,
2026-04-12,03:59,LIGHT,,
2026-04-12,04:00,LIGHT,,
2026-04-12,04:01,LIGHT,,
2026-04-12,04:02,LIGHT,,
2026-04-12,04:03,LIGHT,,
2026-04-12,04:04,LIGHT,,
2026-04-12,04:05,LIGHT,,
2026-04-12,04:06,LIGHT,,
2026-04-12,04:07,LIGHT,,
2026-04-12,04:08,LIGHT,,
2026-04-12,04:09,REM,,
2026-04-12,04:10,REM,,
2026-04-12,04:11,REM,,
2026-04-12,04:12,REM,,
2026-04-12,04:13,REM,,
2026-04-12,04:14,REM,,
2026-04-12,04:15,REM,,
2026-04-12,04:16,REM,,
2026-04-12,04:17,REM,,
2026-04-12,04:18,REM,,
2026-04-12,04:19,REM,,
2026-04-12,04:20,REM,,
2026-04-12,04:21,REM,,
2026-04-12,04:22,REM,,
2026-04-12,04:23,REM,,
2026-04-12,04:24,REM,,
2026-04-12,04:25,REM,,
2026-04-12,04:26,REM,,
2026-04-12,04:27,REM,,
2026-04-12,04:28,REM,,
2026-04-12,04:29,REM,,
2026-04-12,04:30,REM,,
2026-04-12,04:31,LIGHT,,
2026-04-12,04:32,LIGHT,,
2026-04-12,04:33,LIGHT,,
2026-04-12,04:34,WAKE,,
2026-04-12,04:35,LIGHT,,
2026-04-12,04:36,LIGHT,,
2026-04-12,04:37,LIGHT,,
2026-04-12,04:38,LIGHT,,
2026-04-12,04:39,LIGHT,,
2026-04-12,04:40,LIGHT,,
2026-04-12,04:41,LIGHT,,
2026-04-12,04:42,LIGHT,,
2026-04-12,04:43,LIGHT,,
2026-04-12,04:44,LIGHT,,
2026-04-12,04:45,LIGHT,,
2026-04-12,04:46,LIGHT,,
2026-04-12,04:47,LIGHT,,
2026-04-12,04:48,LIGHT,,
2026-04-12,04:49,LIGHT,,
2026-04-12,04:50,LIGHT,,
2026-04-12,04:51,LIGHT,,
2026-04-12,04:52,LIGHT,,
2026-04-12,04:53,LIGHT,,
2026-04-12,04:54,LIGHT,,
2026-04-12,04:55,LIGHT,,
2026-04-12,04:56,LIGHT,,
2026-04-12,04:57,LIGHT,,
2026-04-12,04:58,LIGHT,,
2026-04-12,04:59,LIGHT,,
2026-04-12,05:00,LIGHT,,
2026-04-12,05:01,LIGHT,,
2026-04-12,05:02,LIGHT,,
2026-04-12,05:03,LIGHT,,
2026-04-12,05:04,LIGHT,,
2026-04-12,05:05,LIGHT,,
2026-04-12,05:06,LIGHT,,
2026-04-12,05:07,LIGHT,,
2026-04-12,05:08,LIGHT,,
2026-04-12,05:09,LIGHT,,
2026-04-12,05:10,LIGHT,,
2026-04-12,05:11,LIGHT,,
2026-04-12,05:12,LIGHT,,
2026-04-12,05:13,LIGHT,,
2026-04-12,05:14,LIGHT,,
2026-04-12,05:15,LIGHT,,
2026-04-12,05:16,LIGHT,,
2026-04-12,05:17,LIGHT,,
2026-04-12,05:18,LIGHT,,
2026-04-12,05:19,LIGHT,,
2026-04-12,05:20,LIGHT,,
2026-04-12,05:21,LIGHT,,
2026-04-12,05:22,LIGHT,,
2026-04-12,05:23,LIGHT,,
2026-04-12,05:24,LIGHT,,
2026-04-12,05:25,LIGHT,,
2026-04-12,05:26,LIGHT,,
2026-04-12,05:27,LIGHT,,
2026-04-12,05:28,LIGHT,,
2026-04-12,05:29,LIGHT,,
2026-04-12,05:30,LIGHT,,
2026-04-12,05:31,LIGHT,,
2026-04-12,05:32,LIGHT,,
2026-04-12,05:33,LIGHT,,
2026-04-12,05:34,LIGHT,,
2026-04-12,05:35,LIGHT,,
2026-04-12,05:36,LIGHT,,
2026-04-12,05:37,REM,,
2026-04-12,05:38,REM,,
2026-04-12,05:39,REM,,
2026-04-12,05:40,REM,,
2026-04-12,05:41,REM,,
2026-04-12,05:42,REM,,
2026-04-12,05:43,REM,,
2026-04-12,05:44,REM,,
2026-04-12,05:45,REM,,
2026-04-12,05:46,REM,,
2026-04-12,05:47,REM,,
2026-04-12,05:48,REM,,
2026-04-12,05:49,REM,,
2026-04-12,05:50,REM,,
2026-04-12,05:51,REM,,
2026-04-12,05:52,REM,,
2026-04-12,05:53,REM,,
2026-04-12,05:54,REM,,
2026-04-12,05:55,REM,,
2026-04-12,05:56,REM,,
2026-04-12,05:57,REM,,
2026-04-12,05:58,REM,,
2026-04-12,05:59,REM,,
2026-04-12,06:00,REM,,
2026-04-12,06:01,REM,,
2026-04-12,06:02,REM,,
2026-04-12,06:03,REM,,
2026-04-12,06:04,REM,,
2026-04-12,06:05,REM,,
2026-04-12,06:06,REM,,
2026-04-12,06:07,REM,,
2026-04-12,06:08,REM,,
2026-04-12,06:09,LIGHT,,
2026-04-12,06:10,LIGHT,,
2026-04-12,06:11,LIGHT,,
2026-04-12,06:12,LIGHT,,
2026-04-12,06:13,LIGHT,,
2026-04-12,06:14,LIGHT,,
2026-04-12,06:15,LIGHT,,
2026-04-12,06:16,LIGHT,,
2026-04-12,06:17,LIGHT,,
2026-04-12,06:18,LIGHT,,
2026-04-12,06:19,LIGHT,,
2026-04-12,06:20,LIGHT,,
2026-04-12,06:21,LIGHT,,
2026-04-12,06:22,LIGHT,,
2026-04-12,06:23,LIGHT,,
2026-04-12,06:24,LIGHT,,
2026-04-12,06:25,LIGHT,,
2026-04-12,06:26,LIGHT,,
2026-04-12,06:27,LIGHT,,
2026-04-12,06:28,LIGHT,,
2026-04-12,06:29,LIGHT,,
2026-04-12,06:30,LIGHT,,
2026-04-12,06:31,LIGHT,,
2026-04-12,06:32,LIGHT,,
2026-04-12,06:33,LIGHT,,
2026-04-12,06:34,LIGHT,,
2026-04-12,06:35,LIGHT,,
2026-04-12,06:36,LIGHT,,
2026-04-12,06:37,LIGHT,,
2026-04-12,06:38,LIGHT,,
2026-04-12,06:39,LIGHT,,
2026-04-12,06:40,DEEP,,
2026-04-12,06:41,DEEP,,
2026-04-12,06:42,DEEP,,
2026-04-12,06:43,DEEP,,
2026-04-12,06:44,DEEP,,
2026-04-12,06:45,DEEP,,
2026-04-12,06:46,DEEP,,
2026-04-12,06:47,DEEP,,
2026-04-12,06:48,DEEP,,
2026-04-12,06:49,DEEP,,
2026-04-12,06:50,DEEP,,
2026-04-12,06:51,DEEP,,
2026-04-12,06:52,DEEP,,
2026-04-12,06:53,DEEP,,
2026-04-12,06:54,DEEP,,
2026-04-12,06:55,DEEP,,
2026-04-12,06:56,DEEP,,
2026-04-12,06:57,DEEP,,
2026-04-12,06:58,DEEP,,
2026-04-12,06:59,DEEP,,
2026-04-12,07:00,DEEP,,
2026-04-12,07:01,DEEP,,
2026-04-12,07:02,DEEP,,
2026-04-12,07:03,DEEP,,
2026-04-12,07:04,DEEP,,
2026-04-12,07:05,DEEP,,
2026-04-12,07:06,DEEP,,
2026-04-12,07:07,DEEP,,
2026-04-12,07:08,DEEP,,
2026-04-12,07:09,DEEP,,
2026-04-12,07:10,DEEP,,
2026-04-12,07:11,DEEP,,
2026-04-12,07:12,DEEP,,
2026-04-12,07:13,DEEP,,
2026-04-12,07:14,DEEP,,
2026-04-12,07:15,DEEP,,
2026-04-12,07:16,LIGHT,,
2026-04-12,07:17,LIGHT,,
2026-04-12,07:18,LIGHT,,
2026-04-12,07:19,LIGHT,,
2026-04-12,07:20,LIGHT,,
2026-04-12,07:21,LIGHT,,
2026-04-12,07:22,LIGHT,,
2026-04-12,07:23,LIGHT,,
2026-04-12,07:24,LIGHT,,
2026-04-12,07:25,LIGHT,,
2026-04-12,07:26,LIGHT,,
2026-04-12,07:27,LIGHT,,
2026-04-12,07:28,REM,,
2026-04-12,07:29,REM,,
2026-04-12,07:30,REM,,
2026-04-12,07:31,REM,,
2026-04-12,07:32,REM,,
2026-04-12,07:33,REM,,
2026-04-12,07:34,REM,,
2026-04-12,07:35,REM,,
2026-04-12,07:36,REM,,
2026-04-12,07:37,REM,,
2026-04-12,07:38,REM,,
2026-04-12,07:39,REM,,
2026-04-12,07:40,REM,,
2026-04-12,07:41,REM,,
2026-04-12,07:42,REM,,
2026-04-12,07:43,REM,,
2026-04-12,07:44,REM,,
2026-04-12,07:45,REM,,
2026-04-12,07:46,REM,,
2026-04-12,07:47,REM,,
2026-04-12,07:48,REM,,
2026-04-12,07:49,REM,,
2026-04-12,07:50,REM,,
2026-04-12,07:51,REM,,
2026-04-12,07:52,REM,,
2026-04-12,07:53,REM,,
2026-04-12,07:54,REM,,
2026-04-12,07:55,REM,,
2026-04-12,07:56,REM,,
2026-04-12,07:57,REM,,
2026-04-12,07:58,REM,,
2026-04-12,07:59,REM,,
2026-04-12,08:00,REM,,
2026-04-12,08:01,REM,,
2026-04-12,08:02,REM,,
2026-04-12,08:03,REM,,
2026-04-12,08:04,REM,,
2026-04-12,08:05,LIGHT,,
2026-04-12,08:06,LIGHT,,
2026-04-12,08:07,LIGHT,,
2026-04-12,08:08,LIGHT,,
2026-04-12,08:09,LIGHT,,
2026-04-12,08:10,LIGHT,,
2026-04-12,08:11,LIGHT,,
2026-04-12,08:12,LIGHT,,
2026-04-12,08:13,LIGHT,,
2026-04-12,08:14,LIGHT,,
2026-04-12,08:15,LIGHT,,
2026-04-12,08:16,LIGHT,,
2026-04-12,08:17,LIGHT,,
2026-04-12,08:18,LIGHT,,
2026-04-12,08:19,LIGHT,,
2026-04-12,08:20,LIGHT,,
2026-04-12,08:21,LIGHT,,
2026-04-12,08:22,LIGHT,,
2026-04-12,08:23,WAKE,,
2026-04-12,08:24,LIGHT,,
2026-04-12,08:25,LIGHT,,
2026-04-12,08:26,WAKE,,
2026-04-12,08:27,WAKE,,
2026-04-12,08:28,LIGHT,,
2026-04-12,08:29,LIGHT,,
2026-04-12,08:30,LIGHT,,
2026-04-12,08:31,LIGHT,,
2026-04-12,08:32,LIGHT,,
2026-04-12,08:33,LIGHT,,
2026-04-12,08:34,LIGHT,,
2026-04-12,08:35,LIGHT,,
2026-04-12,08:36,LIGHT,,
2026-04-12,08:37,LIGHT,,
2026-04-12,08:38,LIGHT,,
2026-04-14,01:08,LIGHT,58,
2026-04-14,01:09,LIGHT,58,
2026-04-14,01:10,LIGHT,59,
2026-04-14,01:11,LIGHT,59,
2026-04-14,01:12,LIGHT,59,
2026-04-14,01:13,LIGHT,59,
2026-04-14,01:14,LIGHT,59,
2026-04-14,01:15,LIGHT,59,
2026-04-14,01:16,LIGHT,60,
2026-04-14,01:17,LIGHT,60,
2026-04-14,01:18,DEEP,60,
2026-04-14,01:19,DEEP,60,
2026-04-14,01:20,DEEP,60,
2026-04-14,01:21,DEEP,61,
2026-04-14,01:22,DEEP,61,
2026-04-14,01:23,DEEP,61,
2026-04-14,01:24,DEEP,61,
2026-04-14,01:25,DEEP,61,
2026-04-14,01:26,DEEP,59,
2026-04-14,01:27,DEEP,59,
2026-04-14,01:28,DEEP,60,
2026-04-14,01:29,DEEP,60,
2026-04-14,01:30,DEEP,60,
2026-04-14,01:31,DEEP,62,
2026-04-14,01:32,DEEP,62,
2026-04-14,01:33,DEEP,62,
2026-04-14,01:34,DEEP,62,
2026-04-14,01:35,DEEP,62,
2026-04-14,01:36,DEEP,62,
2026-04-14,01:37,DEEP,63,
2026-04-14,01:38,DEEP,68,
2026-04-14,01:39,DEEP,72,
2026-04-14,01:40,DEEP,61,
2026-04-14,01:41,DEEP,61,
2026-04-14,01:42,DEEP,63,
2026-04-14,01:43,LIGHT,65,
2026-04-14,01:44,LIGHT,66,
2026-04-14,01:45,LIGHT,72,
2026-04-14,01:46,LIGHT,65,
2026-04-14,01:47,LIGHT,64,
2026-04-14,01:48,LIGHT,64,
2026-04-14,01:49,LIGHT,65,
2026-04-14,01:50,LIGHT,67,
2026-04-14,01:51,LIGHT,67,
2026-04-14,01:52,LIGHT,67,
2026-04-14,01:53,LIGHT,68,
2026-04-14,01:54,LIGHT,68,
2026-04-14,01:55,LIGHT,67,
2026-04-14,01:56,LIGHT,69,
2026-04-14,01:57,LIGHT,67,
2026-04-14,01:58,LIGHT,67,
2026-04-14,01:59,LIGHT,68,
2026-04-14,02:00,LIGHT,67,
2026-04-14,02:01,LIGHT,68,
2026-04-14,02:02,DEEP,69,
2026-04-14,02:03,DEEP,69,
2026-04-14,02:04,DEEP,67,
2026-04-14,02:05,DEEP,67,
2026-04-14,02:06,DEEP,67,
2026-04-14,02:07,DEEP,67,
2026-04-14,02:08,DEEP,67,
2026-04-14,02:09,DEEP,75,
2026-04-14,02:10,DEEP,69,
2026-04-14,02:11,DEEP,65,
2026-04-14,02:12,DEEP,65,
2026-04-14,02:13,DEEP,64,
2026-04-14,02:14,DEEP,64,
2026-04-14,02:15,DEEP,65,
2026-04-14,02:16,DEEP,65,
2026-04-14,02:17,DEEP,65,
2026-04-14,02:18,DEEP,65,
2026-04-14,02:19,DEEP,70,
2026-04-14,02:20,DEEP,62,
2026-04-14,02:21,DEEP,60,
2026-04-14,02:22,DEEP,62,
2026-04-14,02:23,DEEP,62,
2026-04-14,02:24,DEEP,63,
2026-04-14,02:25,DEEP,63,
2026-04-14,02:26,DEEP,63,
2026-04-14,02:27,DEEP,65,
2026-04-14,02:28,DEEP,77,
2026-04-14,02:29,DEEP,65,
2026-04-14,02:30,DEEP,62,
2026-04-14,02:31,DEEP,62,
2026-04-14,02:32,DEEP,63,
2026-04-14,02:33,LIGHT,63,
2026-04-14,02:34,LIGHT,63,
2026-04-14,02:35,LIGHT,63,
2026-04-14,02:36,LIGHT,64,
2026-04-14,02:37,REM,64,
2026-04-14,02:38,REM,64,
2026-04-14,02:39,REM,64,
2026-04-14,02:40,REM,64,
2026-04-14,02:41,REM,64,
2026-04-14,02:42,REM,64,
2026-04-14,02:43,REM,63,
2026-04-14,02:44,REM,63,
2026-04-14,02:45,REM,63,
2026-04-14,02:46,REM,63,
2026-04-14,02:47,LIGHT,63,
2026-04-14,02:48,LIGHT,63,
2026-04-14,02:49,LIGHT,63,
2026-04-14,02:50,LIGHT,63,
2026-04-14,02:51,LIGHT,64,
2026-04-14,02:52,LIGHT,64,
2026-04-14,02:53,LIGHT,64,
2026-04-14,02:54,LIGHT,64,
2026-04-14,02:55,LIGHT,65,
2026-04-14,02:56,LIGHT,65,
2026-04-14,02:57,LIGHT,64,
2026-04-14,02:58,LIGHT,64,
2026-04-14,02:59,LIGHT,64,
2026-04-14,03:00,LIGHT,64,
2026-04-14,03:01,LIGHT,64,
2026-04-14,03:02,LIGHT,64,
2026-04-14,03:03,LIGHT,64,
2026-04-14,03:04,LIGHT,64,
2026-04-14,03:05,LIGHT,64,
2026-04-14,03:06,LIGHT,64,
2026-04-14,03:07,LIGHT,65,
2026-04-14,03:08,LIGHT,65,
2026-04-14,03:09,LIGHT,64,
2026-04-14,03:10,LIGHT,76,
2026-04-14,03:11,LIGHT,63,
2026-04-14,03:12,LIGHT,60,
2026-04-14,03:13,LIGHT,59,
2026-04-14,03:14,LIGHT,60,
2026-04-14,03:15,LIGHT,62,
2026-04-14,03:16,LIGHT,66,
2026-04-14,03:17,LIGHT,66,
2026-04-14,03:18,LIGHT,63,
2026-04-14,03:19,LIGHT,65,
2026-04-14,03:20,DEEP,65,
2026-04-14,03:21,DEEP,65,
2026-04-14,03:22,DEEP,65,
2026-04-14,03:23,LIGHT,67,
2026-04-14,03:24,LIGHT,66,
2026-04-14,03:25,LIGHT,64,
2026-04-14,03:26,LIGHT,65,
2026-04-14,03:27,LIGHT,66,
2026-04-14,03:28,LIGHT,67,
2026-04-14,03:29,LIGHT,65,
2026-04-14,03:30,LIGHT,70,
2026-04-14,03:31,LIGHT,70,
2026-04-14,03:32,LIGHT,71,
2026-04-14,03:33,DEEP,73,
2026-04-14,03:34,DEEP,71,
2026-04-14,03:35,DEEP,75,
2026-04-14,03:36,DEEP,69,
2026-04-14,03:37,DEEP,66,
2026-04-14,03:38,DEEP,65,
2026-04-14,03:39,DEEP,61,
2026-04-14,03:40,DEEP,61,
2026-04-14,03:41,DEEP,59,
2026-04-14,03:42,DEEP,60,
2026-04-14,03:43,DEEP,60,
2026-04-14,03:44,DEEP,59,
2026-04-14,03:45,DEEP,59,
2026-04-14,03:46,DEEP,56,
2026-04-14,03:47,LIGHT,56,
2026-04-14,03:48,LIGHT,61,
2026-04-14,03:49,LIGHT,61,
2026-04-14,03:50,LIGHT,60,
2026-04-14,03:51,REM,62,
2026-04-14,03:52,REM,67,
2026-04-14,03:53,REM,61,
2026-04-14,03:54,REM,59,
2026-04-14,03:55,REM,59,
2026-04-14,03:56,REM,60,
2026-04-14,03:57,REM,60,
2026-04-14,03:58,REM,60,
2026-04-14,03:59,REM,62,
2026-04-14,04:00,REM,59,
2026-04-14,04:01,REM,59,
2026-04-14,04:02,REM,60,
2026-04-14,04:03,REM,60,
2026-04-14,04:04,REM,60,
2026-04-14,04:05,REM,60,
2026-04-14,04:06,REM,60,
2026-04-14,04:07,REM,60,
2026-04-14,04:08,REM,60,
2026-04-14,04:09,REM,60,
2026-04-14,04:10,REM,60,
2026-04-14,04:11,REM,60,
2026-04-14,04:12,REM,60,
2026-04-14,04:13,REM,64,
2026-04-14,04:14,REM,72,
2026-04-14,04:15,REM,60,
2026-04-14,04:16,REM,57,
2026-04-14,04:17,REM,57,
2026-04-14,04:18,REM,56,
2026-04-14,04:19,REM,56,
2026-04-14,04:20,REM,57,
2026-04-14,04:21,REM,57,
2026-04-14,04:22,REM,56,
2026-04-14,04:23,REM,56,
2026-04-14,04:24,REM,56,
2026-04-14,04:25,REM,56,
2026-04-14,04:26,REM,56,
2026-04-14,04:27,REM,56,
2026-04-14,04:28,REM,56,
2026-04-14,04:29,REM,56,
2026-04-14,04:30,REM,56,
2026-04-14,04:31,REM,56,
2026-04-14,04:32,REM,56,
2026-04-14,04:33,REM,56,
2026-04-14,04:34,REM,57,
2026-04-14,04:35,LIGHT,57,
2026-04-14,04:36,LIGHT,57,
2026-04-14,04:37,LIGHT,56,
2026-04-14,04:38,LIGHT,56,
2026-04-14,04:39,LIGHT,56,
2026-04-14,04:40,LIGHT,55,
2026-04-14,04:41,LIGHT,55,
2026-04-14,04:42,LIGHT,56,
2026-04-14,04:43,LIGHT,56,
2026-04-14,04:44,LIGHT,56,
2026-04-14,04:45,LIGHT,56,
2026-04-14,04:46,LIGHT,56,
2026-04-14,04:47,LIGHT,56,
2026-04-14,04:48,LIGHT,56,
2026-04-14,04:49,LIGHT,56,
2026-04-14,04:50,LIGHT,56,
2026-04-14,04:51,LIGHT,56,
2026-04-14,04:52,LIGHT,56,
2026-04-14,04:53,LIGHT,56,
2026-04-14,04:54,LIGHT,56,
2026-04-14,04:55,LIGHT,56,
2026-04-14,04:56,LIGHT,56,
2026-04-14,04:57,LIGHT,56,
2026-04-14,04:58,LIGHT,56,
2026-04-14,04:59,LIGHT,55,
2026-04-14,05:00,LIGHT,55,
2026-04-14,05:01,LIGHT,55,
2026-04-14,05:02,LIGHT,62,
2026-04-14,05:03,LIGHT,56,
2026-04-14,05:04,LIGHT,55,
2026-04-14,05:05,LIGHT,62,
2026-04-14,05:06,LIGHT,70,
2026-04-14,05:07,LIGHT,60,
2026-04-14,05:08,LIGHT,58,
2026-04-14,05:09,LIGHT,54,
2026-04-14,05:10,LIGHT,57,
2026-04-14,05:11,LIGHT,57,
2026-04-14,05:12,LIGHT,59,
2026-04-14,05:13,LIGHT,58,
2026-04-14,05:14,LIGHT,60,
2026-04-14,05:15,LIGHT,60,
2026-04-14,05:16,LIGHT,69,
2026-04-14,05:17,LIGHT,67,
2026-04-14,05:18,LIGHT,63,
2026-04-14,05:19,LIGHT,57,
2026-04-14,05:20,LIGHT,58,
2026-04-14,05:21,LIGHT,58,
2026-04-14,05:22,LIGHT,62,
2026-04-14,05:23,LIGHT,69,
2026-04-14,05:24,LIGHT,60,
2026-04-14,05:25,LIGHT,57,
2026-04-14,05:26,LIGHT,59,
2026-04-14,05:27,LIGHT,62,
2026-04-14,05:28,LIGHT,67,
2026-04-14,05:29,LIGHT,60,
2026-04-14,05:30,LIGHT,60,
2026-04-14,05:31,LIGHT,58,
2026-04-14,05:32,LIGHT,60,
2026-04-14,05:33,LIGHT,58,
2026-04-14,05:34,LIGHT,62,
2026-04-14,05:35,LIGHT,58,
2026-04-14,05:36,REM,65,
2026-04-14,05:37,REM,57,
2026-04-14,05:38,REM,55,
2026-04-14,05:39,REM,55,
2026-04-14,05:40,REM,55,
2026-04-14,05:41,REM,56,
2026-04-14,05:42,REM,56,
2026-04-14,05:43,REM,56,
2026-04-14,05:44,REM,56,
2026-04-14,05:45,REM,56,
2026-04-14,05:46,REM,56,
2026-04-14,05:47,REM,57,
2026-04-14,05:48,REM,57,
2026-04-14,05:49,REM,58,
2026-04-14,05:50,REM,58,
2026-04-14,05:51,REM,57,
2026-04-14,05:52,REM,57,
2026-04-14,05:53,REM,57,
2026-04-14,05:54,REM,57,
2026-04-14,05:55,REM,57,
2026-04-14,05:56,REM,57,
2026-04-14,05:57,REM,57,
2026-04-14,05:58,REM,57,
2026-04-14,05:59,REM,57,
2026-04-14,06:00,REM,57,
2026-04-14,06:01,REM,56,
2026-04-14,06:02,REM,56,
2026-04-14,06:03,REM,57,
2026-04-14,06:04,REM,56,
2026-04-14,06:05,REM,56,
2026-04-14,06:06,REM,56,
2026-04-14,06:07,REM,57,
2026-04-14,06:08,REM,56,
2026-04-14,06:09,REM,56,
2026-04-14,06:10,REM,56,
2026-04-14,06:11,REM,57,
2026-04-14,06:12,REM,56,
2026-04-14,06:13,REM,56,
2026-04-14,06:14,REM,58,
2026-04-14,06:15,REM,56,
2026-04-14,06:16,REM,56,
2026-04-14,06:17,REM,56,
2026-04-14,06:18,REM,63,
2026-04-14,06:19,REM,57,
2026-04-14,06:20,REM,57,
2026-04-14,06:21,REM,57,
2026-04-14,06:22,REM,59,
2026-04-14,06:23,REM,59,
2026-04-14,06:24,REM,63,
2026-04-14,06:25,REM,65,
2026-04-14,06:26,REM,65,
2026-04-14,06:27,REM,60,
2026-04-14,06:28,REM,65,
2026-04-14,06:29,REM,57,
2026-04-14,06:30,REM,64,
2026-04-14,06:31,REM,59,
2026-04-14,06:32,REM,54,
2026-04-14,06:33,REM,55,
2026-04-14,06:34,REM,57,
2026-04-14,06:35,REM,62,
2026-04-14,06:36,REM,64,
2026-04-14,06:37,REM,62,
2026-04-14,06:38,LIGHT,56,
2026-04-14,06:39,LIGHT,53,
2026-04-14,06:40,LIGHT,55,
2026-04-14,06:41,LIGHT,59,
2026-04-14,06:42,LIGHT,61,
2026-04-14,06:43,LIGHT,57,
2026-04-14,06:44,LIGHT,62,
2026-04-14,06:45,LIGHT,66,
2026-04-14,06:46,LIGHT,62,
2026-04-14,06:47,LIGHT,69,
2026-04-14,06:48,LIGHT,63,
2026-04-14,06:49,LIGHT,58,
2026-04-14,06:50,LIGHT,58,
2026-04-14,06:51,LIGHT,57,
2026-04-14,06:52,LIGHT,54,
2026-04-14,06:53,LIGHT,54,
2026-04-14,06:54,LIGHT,59,
2026-04-14,06:55,LIGHT,60,
2026-04-14,06:56,LIGHT,57,
2026-04-14,06:57,LIGHT,55,
2026-04-14,06:58,LIGHT,57,
2026-04-14,06:59,LIGHT,62,
2026-04-14,07:00,LIGHT,64,
2026-04-14,07:01,LIGHT,60,
2026-04-14,07:02,LIGHT,57,
2026-04-14,07:03,LIGHT,54,
2026-04-14,07:04,LIGHT,55,
2026-04-14,07:05,LIGHT,54,
2026-04-14,07:06,LIGHT,59,
2026-04-14,07:07,LIGHT,52,
2026-04-14,07:08,LIGHT,54,
2026-04-14,07:09,LIGHT,56,
2026-04-14,07:10,LIGHT,62,
2026-04-14,07:11,LIGHT,55,
2026-04-14,07:12,LIGHT,52,
2026-04-14,07:13,LIGHT,53,
2026-04-14,07:14,LIGHT,54,
2026-04-14,07:15,LIGHT,51,
2026-04-14,07:16,LIGHT,51,
2026-04-14,07:17,LIGHT,53,
2026-04-14,07:18,LIGHT,55,
2026-04-14,07:19,LIGHT,54,
2026-04-14,07:20,LIGHT,64,
2026-04-14,07:21,LIGHT,56,
2026-04-14,07:22,LIGHT,53,
2026-04-14,07:23,LIGHT,53,
2026-04-14,07:24,LIGHT,53,
2026-04-14,07:25,LIGHT,53,
2026-04-14,07:26,LIGHT,54,
2026-04-14,07:27,LIGHT,53,
2026-04-14,07:28,LIGHT,55,
2026-04-14,07:29,LIGHT,56,
2026-04-14,07:30,LIGHT,55,
2026-04-14,07:31,LIGHT,55,
2026-04-14,07:32,DEEP,65,
2026-04-14,07:33,DEEP,58,
2026-04-14,07:34,DEEP,57,
2026-04-14,07:35,LIGHT,57,
2026-04-14,07:36,LIGHT,57,
2026-04-14,07:37,LIGHT,63,
2026-04-14,07:38,LIGHT,59,
2026-04-14,07:39,LIGHT,59,
2026-04-14,07:40,LIGHT,57,
2026-04-14,07:41,LIGHT,57,
2026-04-14,07:42,LIGHT,57,
2026-04-14,07:43,LIGHT,57,
2026-04-14,07:44,LIGHT,59,
2026-04-14,07:45,LIGHT,59,
2026-04-14,07:46,LIGHT,59,
2026-04-14,07:47,REM,66,
2026-04-14,07:48,REM,58,
2026-04-14,07:49,REM,54,
2026-04-14,07:50,REM,55,
2026-04-14,07:51,REM,55,
2026-04-14,07:52,REM,55,
2026-04-14,07:53,REM,55,
2026-04-14,07:54,REM,55,
2026-04-14,07:55,REM,56,
2026-04-14,07:56,REM,56,
2026-04-14,07:57,REM,56,
2026-04-14,07:58,REM,56,
2026-04-14,07:59,REM,56,
2026-04-14,08:00,LIGHT,56,
2026-04-14,08:01,LIGHT,57,
2026-04-14,08:02,LIGHT,57,
2026-04-14,08:03,LIGHT,63,
2026-04-14,08:04,LIGHT,64,
2026-04-14,08:05,LIGHT,57,
2026-04-14,08:06,LIGHT,56,
2026-04-14,08:07,LIGHT,55,
2026-04-14,08:08,LIGHT,55,
2026-04-14,08:09,LIGHT,56,
2026-04-14,08:10,LIGHT,57,
2026-04-14,08:11,LIGHT,56,
2026-04-14,08:12,LIGHT,56,
2026-04-14,08:13,LIGHT,56,
2026-04-14,08:14,LIGHT,56,
2026-04-14,08:15,LIGHT,58,
2026-04-14,08:16,LIGHT,63,
2026-04-14,08:17,LIGHT,66,
2026-04-14,08:18,LIGHT,67,
2026-04-14,08:19,LIGHT,56,
2026-04-14,08:20,LIGHT,56,
2026-04-14,08:21,LIGHT,56,
2026-04-14,08:22,LIGHT,59,
2026-04-14,08:23,LIGHT,59,
2026-04-14,08:24,LIGHT,69,
2026-04-14,08:25,LIGHT,61,
2026-04-14,08:26,LIGHT,59,
2026-04-14,08:27,LIGHT,60,
2026-04-14,08:28,LIGHT,60,
2026-04-14,08:29,LIGHT,57,
2026-04-14,08:30,LIGHT,59,
2026-04-14,08:31,LIGHT,57,
2026-04-14,08:32,LIGHT,57,
2026-04-14,08:33,LIGHT,66,
2026-04-14,08:34,LIGHT,61,
2026-04-14,08:35,LIGHT,56,
2026-04-14,08:36,LIGHT,58,
2026-04-14,08:37,LIGHT,59,
2026-04-14,08:38,WAKE,68,
2026-04-14,08:39,WAKE,62,
2026-04-14,08:40,LIGHT,59,
2026-04-14,08:41,LIGHT,61,
2026-04-14,08:42,WAKE,66,
2026-04-14,08:43,LIGHT,59,
2026-04-14,08:44,LIGHT,57,
2026-04-14,08:45,LIGHT,59,
2026-04-14,08:46,LIGHT,68,
2026-04-14,08:47,LIGHT,73,
2026-04-14,08:48,LIGHT,67,
2026-04-15,00:54,LIGHT,72,
2026-04-15,00:55,LIGHT,65,
2026-04-15,00:56,LIGHT,67,
2026-04-15,00:57,LIGHT,72,
2026-04-15,00:58,LIGHT,68,
2026-04-15,00:59,DEEP,64,
2026-04-15,01:00,DEEP,58,
2026-04-15,01:01,DEEP,56,
2026-04-15,01:02,DEEP,56,
2026-04-15,01:03,DEEP,56,
2026-04-15,01:04,DEEP,61,
2026-04-15,01:05,DEEP,71,
2026-04-15,01:06,DEEP,60,
2026-04-15,01:07,DEEP,63,
2026-04-15,01:08,DEEP,59,
2026-04-15,01:09,DEEP,59,
2026-04-15,01:10,DEEP,58,
2026-04-15,01:11,DEEP,59,
2026-04-15,01:12,DEEP,59,
2026-04-15,01:13,DEEP,61,
2026-04-15,01:14,DEEP,60,
2026-04-15,01:15,DEEP,61,
2026-04-15,01:16,DEEP,61,
2026-04-15,01:17,DEEP,61,
2026-04-15,01:18,DEEP,61,
2026-04-15,01:19,DEEP,61,
2026-04-15,01:20,DEEP,60,
2026-04-15,01:21,DEEP,60,
2026-04-15,01:22,DEEP,61,
2026-04-15,01:23,DEEP,61,
2026-04-15,01:24,DEEP,60,
2026-04-15,01:25,DEEP,60,
2026-04-15,01:26,DEEP,60,
2026-04-15,01:27,DEEP,60,
2026-04-15,01:28,DEEP,60,
2026-04-15,01:29,DEEP,60,
2026-04-15,01:30,DEEP,61,
2026-04-15,01:31,DEEP,72,
2026-04-15,01:32,DEEP,72,
2026-04-15,01:33,DEEP,61,
2026-04-15,01:34,DEEP,66,
2026-04-15,01:35,DEEP,65,
2026-04-15,01:36,DEEP,61,
2026-04-15,01:37,DEEP,61,
2026-04-15,01:38,DEEP,61,
2026-04-15,01:39,DEEP,63,
2026-04-15,01:40,LIGHT,67,
2026-04-15,01:41,LIGHT,73,
2026-04-15,01:42,LIGHT,68,
2026-04-15,01:43,LIGHT,68,
2026-04-15,01:44,LIGHT,68,
2026-04-15,01:45,LIGHT,68,
2026-04-15,01:46,WAKE,70,
2026-04-15,01:47,WAKE,70,
2026-04-15,01:48,LIGHT,70,
2026-04-15,01:49,LIGHT,67,
2026-04-15,01:50,LIGHT,70,
2026-04-15,01:51,LIGHT,70,
2026-04-15,01:52,LIGHT,70,
2026-04-15,01:53,LIGHT,68,
2026-04-15,01:54,LIGHT,71,
2026-04-15,01:55,LIGHT,70,
2026-04-15,01:56,LIGHT,70,
2026-04-15,01:57,LIGHT,70,
2026-04-15,01:58,LIGHT,68,
2026-04-15,01:59,LIGHT,72,
2026-04-15,02:00,REM,64,
2026-04-15,02:01,REM,61,
2026-04-15,02:02,LIGHT,63,
2026-04-15,02:03,LIGHT,64,
2026-04-15,02:04,LIGHT,64,
2026-04-15,02:05,LIGHT,63,
2026-04-15,02:06,LIGHT,63,
2026-04-15,02:07,LIGHT,63,
2026-04-15,02:08,LIGHT,65,
2026-04-15,02:09,LIGHT,64,
2026-04-15,02:10,LIGHT,71,
2026-04-15,02:11,LIGHT,64,
2026-04-15,02:12,LIGHT,58,
2026-04-15,02:13,LIGHT,57,
2026-04-15,02:14,LIGHT,57,
2026-04-15,02:15,LIGHT,58,
2026-04-15,02:16,LIGHT,58,
2026-04-15,02:17,LIGHT,58,
2026-04-15,02:18,LIGHT,58,
2026-04-15,02:19,LIGHT,59,
2026-04-15,02:20,LIGHT,59,
2026-04-15,02:21,LIGHT,59,
2026-04-15,02:22,LIGHT,59,
2026-04-15,02:23,LIGHT,59,
2026-04-15,02:24,LIGHT,59,
2026-04-15,02:25,LIGHT,59,
2026-04-15,02:26,LIGHT,58,
2026-04-15,02:27,LIGHT,65,
2026-04-15,02:28,LIGHT,70,
2026-04-15,02:29,LIGHT,61,
2026-04-15,02:30,LIGHT,59,
2026-04-15,02:31,LIGHT,59,
2026-04-15,02:32,LIGHT,59,
2026-04-15,02:33,LIGHT,59,
2026-04-15,02:34,LIGHT,59,
2026-04-15,02:35,LIGHT,59,
2026-04-15,02:36,LIGHT,59,
2026-04-15,02:37,LIGHT,59,
2026-04-15,02:38,LIGHT,59,
2026-04-15,02:39,LIGHT,59,
2026-04-15,02:40,LIGHT,59,
2026-04-15,02:41,LIGHT,59,
2026-04-15,02:42,LIGHT,59,
2026-04-15,02:43,LIGHT,59,
2026-04-15,02:44,LIGHT,59,
2026-04-15,02:45,DEEP,59,
2026-04-15,02:46,DEEP,59,
2026-04-15,02:47,DEEP,59,
2026-04-15,02:48,DEEP,59,
2026-04-15,02:49,DEEP,59,
2026-04-15,02:50,DEEP,59,
2026-04-15,02:51,DEEP,59,
2026-04-15,02:52,DEEP,59,
2026-04-15,02:53,DEEP,59,
2026-04-15,02:54,DEEP,59,
2026-04-15,02:55,DEEP,59,
2026-04-15,02:56,DEEP,59,
2026-04-15,02:57,DEEP,59,
2026-04-15,02:58,DEEP,59,
2026-04-15,02:59,DEEP,59,
2026-04-15,03:00,DEEP,59,
2026-04-15,03:01,DEEP,59,
2026-04-15,03:02,DEEP,59,
2026-04-15,03:03,DEEP,59,
2026-04-15,03:04,DEEP,59,
2026-04-15,03:05,DEEP,59,
2026-04-15,03:06,DEEP,59,
2026-04-15,03:07,DEEP,60,
2026-04-15,03:08,DEEP,59,
2026-04-15,03:09,LIGHT,58,
2026-04-15,03:10,LIGHT,58,
2026-04-15,03:11,LIGHT,58,
2026-04-15,03:12,LIGHT,69,
2026-04-15,03:13,LIGHT,69,
2026-04-15,03:14,LIGHT,61,
2026-04-15,03:15,LIGHT,61,
2026-04-15,03:16,LIGHT,60,
2026-04-15,03:17,LIGHT,59,
2026-04-15,03:18,LIGHT,66,
2026-04-15,03:19,REM,61,
2026-04-15,03:20,REM,57,
2026-04-15,03:21,REM,57,
2026-04-15,03:22,REM,57,
2026-04-15,03:23,REM,57,
2026-04-15,03:24,REM,56,
2026-04-15,03:25,REM,58,
2026-04-15,03:26,REM,57,
2026-04-15,03:27,REM,57,
2026-04-15,03:28,REM,63,
2026-04-15,03:29,REM,64,
2026-04-15,03:30,REM,64,
2026-04-15,03:31,REM,68,
2026-04-15,03:32,REM,59,
2026-04-15,03:33,REM,56,
2026-04-15,03:34,REM,57,
2026-04-15,03:35,REM,57,
2026-04-15,03:36,REM,57,
2026-04-15,03:37,REM,56,
2026-04-15,03:38,REM,56,
2026-04-15,03:39,REM,56,
2026-04-15,03:40,REM,56,
2026-04-15,03:41,REM,57,
2026-04-15,03:42,LIGHT,57,
2026-04-15,03:43,LIGHT,57,
2026-04-15,03:44,LIGHT,58,
2026-04-15,03:45,LIGHT,58,
2026-04-15,03:46,LIGHT,58,
2026-04-15,03:47,REM,58,
2026-04-15,03:48,REM,58,
2026-04-15,03:49,REM,58,
2026-04-15,03:50,LIGHT,63,
2026-04-15,03:51,LIGHT,70,
2026-04-15,03:52,LIGHT,59,
2026-04-15,03:53,LIGHT,56,
2026-04-15,03:54,LIGHT,56,
2026-04-15,03:55,LIGHT,63,
2026-04-15,03:56,LIGHT,59,
2026-04-15,03:57,LIGHT,61,
2026-04-15,03:58,LIGHT,58,
2026-04-15,03:59,LIGHT,57,
2026-04-15,04:00,LIGHT,56,
2026-04-15,04:01,LIGHT,65,
2026-04-15,04:02,LIGHT,59,
2026-04-15,04:03,LIGHT,56,
2026-04-15,04:04,LIGHT,56,
2026-04-15,04:05,LIGHT,57,
2026-04-15,04:06,LIGHT,57,
2026-04-15,04:07,LIGHT,56,
2026-04-15,04:08,LIGHT,58,
2026-04-15,04:09,LIGHT,58,
2026-04-15,04:10,LIGHT,62,
2026-04-15,04:11,LIGHT,64,
2026-04-15,04:12,DEEP,58,
2026-04-15,04:13,DEEP,58,
2026-04-15,04:14,LIGHT,61,
2026-04-15,04:15,LIGHT,60,
2026-04-15,04:16,LIGHT,57,
2026-04-15,04:17,LIGHT,57,
2026-04-15,04:18,LIGHT,57,
2026-04-15,04:19,LIGHT,57,
2026-04-15,04:20,LIGHT,61,
2026-04-15,04:21,LIGHT,63,
2026-04-15,04:22,LIGHT,57,
2026-04-15,04:23,LIGHT,56,
2026-04-15,04:24,LIGHT,56,
2026-04-15,04:25,LIGHT,56,
2026-04-15,04:26,LIGHT,57,
2026-04-15,04:27,LIGHT,55,
2026-04-15,04:28,DEEP,54,
2026-04-15,04:29,DEEP,54,
2026-04-15,04:30,DEEP,55,
2026-04-15,04:31,DEEP,56,
2026-04-15,04:32,DEEP,59,
2026-04-15,04:33,DEEP,56,
2026-04-15,04:34,DEEP,56,
2026-04-15,04:35,DEEP,58,
2026-04-15,04:36,DEEP,65,
2026-04-15,04:37,DEEP,59,
2026-04-15,04:38,DEEP,59,
2026-04-15,04:39,DEEP,55,
2026-04-15,04:40,DEEP,53,
2026-04-15,04:41,DEEP,53,
2026-04-15,04:42,DEEP,53,
2026-04-15,04:43,DEEP,54,
2026-04-15,04:44,DEEP,54,
2026-04-15,04:45,DEEP,54,
2026-04-15,04:46,DEEP,54,
2026-04-15,04:47,DEEP,54,
2026-04-15,04:48,DEEP,55,
2026-04-15,04:49,DEEP,55,
2026-04-15,04:50,DEEP,55,
2026-04-15,04:51,DEEP,56,
2026-04-15,04:52,DEEP,56,
2026-04-15,04:53,DEEP,56,
2026-04-15,04:54,DEEP,56,
2026-04-15,04:55,DEEP,56,
2026-04-15,04:56,DEEP,56,
2026-04-15,04:57,DEEP,55,
2026-04-15,04:58,DEEP,60,
2026-04-15,04:59,DEEP,55,
2026-04-15,05:00,DEEP,57,
2026-04-15,05:01,DEEP,58,
2026-04-15,05:02,DEEP,63,
2026-04-15,05:03,LIGHT,63,
2026-04-15,05:04,LIGHT,67,
2026-04-15,05:05,LIGHT,64,
2026-04-15,05:06,LIGHT,64,
2026-04-15,05:07,LIGHT,66,
2026-04-15,05:08,LIGHT,67,
2026-04-15,05:09,LIGHT,70,
2026-04-15,05:10,LIGHT,62,
2026-04-15,05:11,LIGHT,58,
2026-04-15,05:12,REM,57,
2026-04-15,05:13,REM,57,
2026-04-15,05:14,REM,57,
2026-04-15,05:15,REM,57,
2026-04-15,05:16,REM,62,
2026-04-15,05:17,REM,64,
2026-04-15,05:18,REM,63,
2026-04-15,05:19,REM,62,
2026-04-15,05:20,REM,64,
2026-04-15,05:21,REM,58,
2026-04-15,05:22,REM,55,
2026-04-15,05:23,REM,63,
2026-04-15,05:24,REM,65,
2026-04-15,05:25,REM,70,
2026-04-15,05:26,REM,64,
2026-04-15,05:27,REM,61,
2026-04-15,05:28,REM,62,
2026-04-15,05:29,REM,58,
2026-04-15,05:30,REM,58,
2026-04-15,05:31,REM,57,
2026-04-15,05:32,LIGHT,56,
2026-04-15,05:33,LIGHT,56,
2026-04-15,05:34,LIGHT,58,
2026-04-15,05:35,LIGHT,61,
2026-04-15,05:36,LIGHT,58,
2026-04-15,05:37,LIGHT,58,
2026-04-15,05:38,LIGHT,62,
2026-04-15,05:39,LIGHT,60,
2026-04-15,05:40,LIGHT,57,
2026-04-15,05:41,LIGHT,55,
2026-04-15,05:42,LIGHT,55,
2026-04-15,05:43,LIGHT,55,
2026-04-15,05:44,LIGHT,60,
2026-04-15,05:45,LIGHT,57,
2026-04-15,05:46,LIGHT,57,
2026-04-15,05:47,LIGHT,57,
2026-04-15,05:48,LIGHT,57,
2026-04-15,05:49,LIGHT,57,
2026-04-15,05:50,LIGHT,57,
2026-04-15,05:51,LIGHT,59,
2026-04-15,05:52,LIGHT,56,
2026-04-15,05:53,LIGHT,54,
2026-04-15,05:54,LIGHT,59,
2026-04-15,05:55,LIGHT,55,
2026-04-15,05:56,LIGHT,55,
2026-04-15,05:57,LIGHT,55,
2026-04-15,05:58,LIGHT,54,
2026-04-15,05:59,LIGHT,54,
2026-04-15,06:00,LIGHT,54,
2026-04-15,06:01,LIGHT,54,
2026-04-15,06:02,LIGHT,56,
2026-04-15,06:03,LIGHT,56,
2026-04-15,06:04,LIGHT,56,
2026-04-15,06:05,LIGHT,56,
2026-04-15,06:06,LIGHT,56,
2026-04-15,06:07,LIGHT,56,
2026-04-15,06:08,LIGHT,55,
2026-04-15,06:09,LIGHT,55,
2026-04-15,06:10,LIGHT,55,
2026-04-15,06:11,LIGHT,55,
2026-04-15,06:12,LIGHT,55,
2026-04-15,06:13,LIGHT,55,
2026-04-15,06:14,LIGHT,55,
2026-04-15,06:15,LIGHT,55,
2026-04-15,06:16,LIGHT,56,
2026-04-15,06:17,LIGHT,56,
2026-04-15,06:18,LIGHT,56,
2026-04-15,06:19,LIGHT,56,
2026-04-15,06:20,LIGHT,56,
2026-04-15,06:21,LIGHT,56,
2026-04-15,06:22,REM,56,
2026-04-15,06:23,REM,56,
2026-04-15,06:24,REM,57,
2026-04-15,06:25,REM,62,
2026-04-15,06:26,REM,72,
2026-04-15,06:27,REM,57,
2026-04-15,06:28,REM,54,
2026-04-15,06:29,REM,53,
2026-04-15,06:30,REM,56,
2026-04-15,06:31,REM,63,
2026-04-15,06:32,REM,55,
2026-04-15,06:33,REM,52,
2026-04-15,06:34,REM,54,
2026-04-15,06:35,REM,54,
2026-04-15,06:36,REM,56,
2026-04-15,06:37,REM,59,
2026-04-15,06:38,REM,64,
2026-04-15,06:39,REM,56,
2026-04-15,06:40,REM,58,
2026-04-15,06:41,REM,58,
2026-04-15,06:42,REM,60,
2026-04-15,06:43,REM,57,
2026-04-15,06:44,REM,61,
2026-04-15,06:45,LIGHT,63,
2026-04-15,06:46,LIGHT,62,
2026-04-15,06:47,LIGHT,59,
2026-04-15,06:48,WAKE,58,
2026-04-15,06:49,LIGHT,63,
2026-04-15,06:50,LIGHT,58,
2026-04-15,06:51,LIGHT,55,
2026-04-15,06:52,REM,58,
2026-04-15,06:53,REM,58,
2026-04-15,06:54,REM,59,
2026-04-15,06:55,REM,59,
2026-04-15,06:56,REM,59,
2026-04-15,06:57,REM,62,
2026-04-15,06:58,REM,59,
2026-04-15,06:59,REM,66,
2026-04-15,07:00,LIGHT,70,
2026-04-15,07:01,LIGHT,68,
2026-04-15,07:02,LIGHT,63,
2026-04-15,07:03,LIGHT,65,
2026-04-15,07:04,LIGHT,61,
2026-04-15,07:05,LIGHT,61,
2026-04-15,07:06,LIGHT,68,
2026-04-15,07:07,LIGHT,74,
2026-04-15,07:08,LIGHT,70,
2026-04-15,07:09,LIGHT,67,
2026-04-15,07:10,LIGHT,76,
2026-04-15,07:11,LIGHT,66,
2026-04-15,07:12,LIGHT,63,
2026-04-15,07:13,LIGHT,60,
2026-04-15,07:14,LIGHT,60,
2026-04-15,07:15,LIGHT,69,
2026-04-15,07:16,LIGHT,64,
2026-04-15,07:17,LIGHT,58,
2026-04-15,07:18,LIGHT,56,
2026-04-15,07:19,LIGHT,54,
2026-04-15,07:20,LIGHT,56,
2026-04-15,07:21,LIGHT,61,
2026-04-15,07:22,LIGHT,55,
2026-04-15,07:23,LIGHT,54,
2026-04-15,07:24,LIGHT,54,
2026-04-15,07:25,LIGHT,54,
2026-04-15,07:26,LIGHT,55,
2026-04-15,07:27,LIGHT,55,
2026-04-15,07:28,LIGHT,55,
2026-04-15,07:29,LIGHT,56,
2026-04-15,07:30,LIGHT,56,
2026-04-15,07:31,LIGHT,56,
2026-04-15,07:32,LIGHT,56,
2026-04-15,07:33,LIGHT,56,
2026-04-15,07:34,LIGHT,56,
2026-04-15,07:35,LIGHT,56,
2026-04-15,07:36,LIGHT,55,
2026-04-15,07:37,LIGHT,56,
2026-04-15,07:38,LIGHT,58,
2026-04-15,07:39,LIGHT,55,
2026-04-15,07:40,LIGHT,58,
2026-04-15,07:41,LIGHT,68,
2026-04-15,07:42,LIGHT,57,
2026-04-15,07:43,LIGHT,58,
2026-04-15,07:44,LIGHT,63,
2026-04-15,07:45,LIGHT,69,
2026-04-15,07:46,LIGHT,64,
2026-04-15,07:47,LIGHT,61,
2026-04-15,07:48,LIGHT,66,
2026-04-15,07:49,LIGHT,59,
2026-04-15,07:50,LIGHT,53,
2026-04-15,07:51,LIGHT,55,
2026-04-15,07:52,LIGHT,62,
2026-04-15,07:53,LIGHT,62,
2026-04-15,07:54,LIGHT,64,
2026-04-15,07:55,LIGHT,57,
2026-04-15,07:56,LIGHT,56,
2026-04-15,07:57,LIGHT,57,
2026-04-15,07:58,LIGHT,56,
2026-04-15,07:59,LIGHT,62,
2026-04-15,08:00,LIGHT,59,
2026-04-15,08:01,LIGHT,59,
2026-04-15,08:02,LIGHT,59,
2026-04-15,08:03,LIGHT,58,
2026-04-15,08:04,LIGHT,62,
2026-04-15,08:05,LIGHT,62,
2026-04-15,08:06,LIGHT,61,
2026-04-15,08:07,LIGHT,60,
2026-04-15,08:08,LIGHT,57,
2026-04-15,08:09,LIGHT,59,
2026-04-15,08:10,LIGHT,59,
2026-04-15,08:11,LIGHT,56,
2026-04-15,08:12,LIGHT,59,
2026-04-15,08:13,LIGHT,64,
2026-04-15,08:14,REM,58,
2026-04-15,08:15,REM,58,
2026-04-15,08:16,REM,57,
2026-04-15,08:17,REM,62,
2026-04-15,08:18,REM,58,
2026-04-15,08:19,REM,57,
2026-04-15,08:20,REM,55,
2026-04-15,08:21,REM,57,
2026-04-15,08:22,REM,57,
2026-04-15,08:23,REM,57,
2026-04-15,08:24,REM,57,
2026-04-15,08:25,REM,57,
2026-04-15,08:26,REM,57,
2026-04-15,08:27,REM,59,
2026-04-15,08:28,REM,59,
2026-04-15,08:29,REM,57,
2026-04-15,08:30,REM,58,
2026-04-15,08:31,REM,58,
2026-04-15,08:32,REM,58,
2026-04-15,08:33,REM,58,
2026-04-15,08:34,REM,59,
2026-04-15,08:35,REM,59,
2026-04-15,08:36,REM,59,
2026-04-15,08:37,REM,59,
2026-04-15,08:38,REM,59,
2026-04-15,08:39,REM,59,
2026-04-15,08:40,REM,61,
2026-04-15,08:41,REM,69,
2026-04-15,08:42,REM,59,
2026-04-15,08:43,REM,61,
2026-04-15,08:44,REM,55,
2026-04-15,08:45,REM,55,
2026-04-15,08:46,REM,55,
2026-04-15,08:47,REM,55,
2026-04-15,08:48,REM,55,
2026-04-15,08:49,REM,53,
2026-04-15,08:50,REM,55,
2026-04-15,08:51,REM,65,
2026-04-15,08:52,REM,63,
2026-04-15,08:53,REM,60,
2026-04-15,08:54,REM,67,
2026-04-15,08:55,REM,60,
2026-04-15,08:56,REM,58,
2026-04-15,08:57,REM,58,
2026-04-15,08:58,LIGHT,58,
2026-04-15,08:59,LIGHT,58,
2026-04-15,09:00,LIGHT,64,
2026-04-15,09:01,WAKE,61,
2026-04-15,09:02,WAKE,63,
2026-04-15,09:03,LIGHT,60,
2026-04-15,09:04,LIGHT,65,
2026-04-15,09:05,LIGHT,68,
2026-04-15,09:06,LIGHT,59,
2026-04-15,09:07,LIGHT,57,
2026-04-15,09:08,LIGHT,63,
2026-04-15,09:09,LIGHT,56,
2026-04-15,09:10,LIGHT,68,
2026-04-15,09:11,LIGHT,71,
2026-04-15,09:12,LIGHT,76,
2026-04-15,09:13,LIGHT,65,
2026-04-15,09:14,LIGHT,73,
2026-04-15,09:15,LIGHT,80,
2026-04-15,09:16,LIGHT,82,
2026-04-15,09:17,LIGHT,87,
2026-04-15,09:18,LIGHT,99,
2026-04-15,09:19,LIGHT,98,
2026-04-15,09:20,LIGHT,92,
2026-04-15,09:21,LIGHT,81,
2026-04-15,09:22,LIGHT,73,
2026-04-15,09:23,LIGHT,69,
2026-04-15,09:24,LIGHT,66,
2026-04-15,09:25,LIGHT,67,
2026-04-15,09:26,LIGHT,66,
2026-04-15,09:27,LIGHT,66,
2026-04-15,09:28,LIGHT,67,
2026-04-15,09:29,LIGHT,71,
2026-04-15,09:30,LIGHT,66,
2026-04-15,09:31,LIGHT,71,
2026-04-15,09:32,LIGHT,74,
2026-04-15,09:33,LIGHT,78,
2026-04-15,09:34,LIGHT,83,
2026-04-15,09:35,LIGHT,82,
2026-04-15,09:36,LIGHT,92,
2026-04-15,09:37,LIGHT,92,
2026-04-15,09:38,LIGHT,85,
2026-04-16,00:21,LIGHT,,
2026-04-16,00:22,LIGHT,,
2026-04-16,00:23,LIGHT,,
2026-04-16,00:24,LIGHT,,
2026-04-16,00:25,LIGHT,,
2026-04-16,00:26,LIGHT,,
2026-04-16,00:27,LIGHT,,
2026-04-16,00:28,DEEP,,
2026-04-16,00:29,DEEP,,
2026-04-16,00:30,DEEP,,
2026-04-16,00:31,DEEP,,
2026-04-16,00:32,DEEP,,
2026-04-16,00:33,DEEP,,
2026-04-16,00:34,DEEP,,
2026-04-16,00:35,DEEP,,
2026-04-16,00:36,DEEP,,
2026-04-16,00:37,DEEP,,
2026-04-16,00:38,DEEP,,
2026-04-16,00:39,DEEP,,
2026-04-16,00:40,DEEP,,
2026-04-16,00:41,DEEP,,
2026-04-16,00:42,DEEP,,
2026-04-16,00:43,DEEP,,
2026-04-16,00:44,DEEP,,
2026-04-16,00:45,DEEP,,
2026-04-16,00:46,DEEP,,
2026-04-16,00:47,DEEP,88,
2026-04-16,00:48,DEEP,75,
2026-04-16,00:49,DEEP,74,
2026-04-16,00:50,DEEP,68,
2026-04-16,00:51,DEEP,66,
2026-04-16,00:52,DEEP,63,
2026-04-16,00:53,DEEP,64,
2026-04-16,00:54,DEEP,65,
2026-04-16,00:55,DEEP,68,
2026-04-16,00:56,LIGHT,71,
2026-04-16,00:57,LIGHT,71,
2026-04-16,00:58,LIGHT,65,
2026-04-16,00:59,LIGHT,62,
2026-04-16,01:00,LIGHT,60,
2026-04-16,01:01,LIGHT,60,
2026-04-16,01:02,LIGHT,59,
2026-04-16,01:03,LIGHT,59,
2026-04-16,01:04,LIGHT,57,
2026-04-16,01:05,LIGHT,61,
2026-04-16,01:06,LIGHT,58,
2026-04-16,01:07,LIGHT,56,
2026-04-16,01:08,LIGHT,56,
2026-04-16,01:09,LIGHT,56,
2026-04-16,01:10,LIGHT,56,
2026-04-16,01:11,LIGHT,56,
2026-04-16,01:12,LIGHT,57,
2026-04-16,01:13,LIGHT,56,
2026-04-16,01:14,LIGHT,56,
2026-04-16,01:15,LIGHT,56,
2026-04-16,01:16,LIGHT,56,
2026-04-16,01:17,LIGHT,56,
2026-04-16,01:18,LIGHT,56,
2026-04-16,01:19,LIGHT,56,
2026-04-16,01:20,LIGHT,56,
2026-04-16,01:21,LIGHT,56,
2026-04-16,01:22,LIGHT,56,
2026-04-16,01:23,LIGHT,56,
2026-04-16,01:24,LIGHT,56,
2026-04-16,01:25,LIGHT,56,
2026-04-16,01:26,LIGHT,56,
2026-04-16,01:27,LIGHT,56,
2026-04-16,01:28,LIGHT,56,
2026-04-16,01:29,DEEP,56,
2026-04-16,01:30,DEEP,56,
2026-04-16,01:31,LIGHT,56,
2026-04-16,01:32,LIGHT,56,
2026-04-16,01:33,LIGHT,56,
2026-04-16,01:34,LIGHT,63,
2026-04-16,01:35,LIGHT,60,
2026-04-16,01:36,LIGHT,72,
2026-04-16,01:37,LIGHT,61,
2026-04-16,01:38,LIGHT,57,
2026-04-16,01:39,REM,57,
2026-04-16,01:40,REM,56,
2026-04-16,01:41,REM,56,
2026-04-16,01:42,REM,56,
2026-04-16,01:43,REM,56,
2026-04-16,01:44,REM,56,
2026-04-16,01:45,REM,56,
2026-04-16,01:46,REM,56,
2026-04-16,01:47,REM,56,
2026-04-16,01:48,REM,58,
2026-04-16,01:49,REM,66,
2026-04-16,01:50,REM,58,
2026-04-16,01:51,REM,63,
2026-04-16,01:52,REM,56,
2026-04-16,01:53,REM,56,
2026-04-16,01:54,REM,59,
2026-04-16,01:55,REM,62,
2026-04-16,01:56,REM,58,
2026-04-16,01:57,REM,64,
2026-04-16,01:58,REM,62,
2026-04-16,01:59,REM,60,
2026-04-16,02:00,REM,55,
2026-04-16,02:01,REM,55,
2026-04-16,02:02,REM,56,
2026-04-16,02:03,REM,58,
2026-04-16,02:04,REM,58,
2026-04-16,02:05,REM,61,
2026-04-16,02:06,REM,63,
2026-04-16,02:07,REM,65,
2026-04-16,02:08,REM,62,
2026-04-16,02:09,REM,67,
2026-04-16,02:10,LIGHT,59,
2026-04-16,02:11,LIGHT,60,
2026-04-16,02:12,LIGHT,62,
2026-04-16,02:13,LIGHT,65,
2026-04-16,02:14,LIGHT,67,
2026-04-16,02:15,LIGHT,66,
2026-04-16,02:16,LIGHT,68,
2026-04-16,02:17,LIGHT,62,
2026-04-16,02:18,LIGHT,57,
2026-04-16,02:19,LIGHT,56,
2026-04-16,02:20,LIGHT,56,
2026-04-16,02:21,LIGHT,56,
2026-04-16,02:22,LIGHT,56,
2026-04-16,02:23,LIGHT,56,
2026-04-16,02:24,LIGHT,56,
2026-04-16,02:25,LIGHT,56,
2026-04-16,02:26,LIGHT,56,
2026-04-16,02:27,LIGHT,56,
2026-04-16,02:28,LIGHT,55,
2026-04-16,02:29,LIGHT,55,
2026-04-16,02:30,LIGHT,55,
2026-04-16,02:31,LIGHT,56,
2026-04-16,02:32,LIGHT,56,
2026-04-16,02:33,LIGHT,56,
2026-04-16,02:34,LIGHT,55,
2026-04-16,02:35,LIGHT,55,
2026-04-16,02:36,LIGHT,55,
2026-04-16,02:37,LIGHT,55,
2026-04-16,02:38,LIGHT,55,
2026-04-16,02:39,LIGHT,55,
2026-04-16,02:40,DEEP,55,
2026-04-16,02:41,DEEP,55,
2026-04-16,02:42,DEEP,55,
2026-04-16,02:43,DEEP,55,
2026-04-16,02:44,DEEP,55,
2026-04-16,02:45,DEEP,57,
2026-04-16,02:46,DEEP,68,
2026-04-16,02:47,DEEP,65,
2026-04-16,02:48,DEEP,67,
2026-04-16,02:49,DEEP,60,
2026-04-16,02:50,DEEP,55,
2026-04-16,02:51,DEEP,54,
2026-04-16,02:52,DEEP,54,
2026-04-16,02:53,DEEP,54,
2026-04-16,02:54,DEEP,57,
2026-04-16,02:55,DEEP,53,
2026-04-16,02:56,DEEP,53,
2026-04-16,02:57,DEEP,53,
2026-04-16,02:58,DEEP,53,
2026-04-16,02:59,DEEP,52,
2026-04-16,03:00,DEEP,52,
2026-04-16,03:01,DEEP,53,
2026-04-16,03:02,DEEP,53,
2026-04-16,03:03,DEEP,53,
2026-04-16,03:04,DEEP,53,
2026-04-16,03:05,DEEP,53,
2026-04-16,03:06,DEEP,53,
2026-04-16,03:07,DEEP,59,
2026-04-16,03:08,DEEP,66,
2026-04-16,03:09,DEEP,58,
2026-04-16,03:10,DEEP,52,
2026-04-16,03:11,DEEP,52,
2026-04-16,03:12,DEEP,52,
2026-04-16,03:13,LIGHT,52,
2026-04-16,03:14,LIGHT,52,
2026-04-16,03:15,LIGHT,55,
2026-04-16,03:16,LIGHT,58,
2026-04-16,03:17,LIGHT,55,
2026-04-16,03:18,LIGHT,57,
2026-04-16,03:19,LIGHT,60,
2026-04-16,03:20,LIGHT,63,
2026-04-16,03:21,LIGHT,58,
2026-04-16,03:22,LIGHT,55,
2026-04-16,03:23,REM,55,
2026-04-16,03:24,REM,57,
2026-04-16,03:25,REM,60,
2026-04-16,03:26,REM,65,
2026-04-16,03:27,REM,63,
2026-04-16,03:28,REM,57,
2026-04-16,03:29,REM,55,
2026-04-16,03:30,REM,55,
2026-04-16,03:31,LIGHT,54,
2026-04-16,03:32,LIGHT,54,
2026-04-16,03:33,LIGHT,56,
2026-04-16,03:34,LIGHT,54,
2026-04-16,03:35,LIGHT,56,
2026-04-16,03:36,LIGHT,54,
2026-04-16,03:37,LIGHT,59,
2026-04-16,03:38,LIGHT,53,
2026-04-16,03:39,LIGHT,54,
2026-04-16,03:40,LIGHT,54,
2026-04-16,03:41,LIGHT,59,
2026-04-16,03:42,LIGHT,54,
2026-04-16,03:43,LIGHT,53,
2026-04-16,03:44,LIGHT,53,
2026-04-16,03:45,LIGHT,54,
2026-04-16,03:46,LIGHT,54,
2026-04-16,03:47,LIGHT,55,
2026-04-16,03:48,LIGHT,57,
2026-04-16,03:49,LIGHT,54,
2026-04-16,03:50,LIGHT,54,
2026-04-16,03:51,LIGHT,56,
2026-04-16,03:52,LIGHT,53,
2026-04-16,03:53,LIGHT,53,
2026-04-16,03:54,LIGHT,53,
2026-04-16,03:55,LIGHT,53,
2026-04-16,03:56,LIGHT,53,
2026-04-16,03:57,LIGHT,54,
2026-04-16,03:58,LIGHT,54,
2026-04-16,03:59,LIGHT,54,
2026-04-16,04:00,LIGHT,67,
2026-04-16,04:01,LIGHT,56,
2026-04-16,04:02,LIGHT,53,
2026-04-16,04:03,LIGHT,53,
2026-04-16,04:04,LIGHT,53,
2026-04-16,04:05,LIGHT,53,
2026-04-16,04:06,LIGHT,54,
2026-04-16,04:07,LIGHT,54,
2026-04-16,04:08,LIGHT,63,
2026-04-16,04:09,LIGHT,55,
2026-04-16,04:10,LIGHT,53,
2026-04-16,04:11,LIGHT,52,
2026-04-16,04:12,LIGHT,58,
2026-04-16,04:13,LIGHT,58,
2026-04-16,04:14,LIGHT,54,
2026-04-16,04:15,LIGHT,51,
2026-04-16,04:16,LIGHT,50,
2026-04-16,04:17,LIGHT,52,
2026-04-16,04:18,LIGHT,50,
2026-04-16,04:19,LIGHT,50,
2026-04-16,04:20,LIGHT,50,
2026-04-16,04:21,LIGHT,50,
2026-04-16,04:22,LIGHT,51,
2026-04-16,04:23,LIGHT,51,
2026-04-16,04:24,LIGHT,51,
2026-04-16,04:25,LIGHT,51,
2026-04-16,04:26,LIGHT,51,
2026-04-16,04:27,LIGHT,51,
2026-04-16,04:28,LIGHT,51,
2026-04-16,04:29,LIGHT,51,
2026-04-16,04:30,LIGHT,51,
2026-04-16,04:31,LIGHT,51,
2026-04-16,04:32,LIGHT,51,
2026-04-16,04:33,LIGHT,51,
2026-04-16,04:34,LIGHT,51,
2026-04-16,04:35,LIGHT,51,
2026-04-16,04:36,LIGHT,51,
2026-04-16,04:37,LIGHT,51,
2026-04-16,04:38,LIGHT,51,
2026-04-16,04:39,LIGHT,51,
2026-04-16,04:40,LIGHT,51,
2026-04-16,04:41,LIGHT,51,
2026-04-16,04:42,LIGHT,51,
2026-04-16,04:43,LIGHT,51,
2026-04-16,04:44,LIGHT,51,
2026-04-16,04:45,LIGHT,51,
2026-04-16,04:46,LIGHT,51,
2026-04-16,04:47,LIGHT,51,
2026-04-16,04:48,LIGHT,51,
2026-04-16,04:49,LIGHT,51,
2026-04-16,04:50,LIGHT,52,
2026-04-16,04:51,DEEP,52,
2026-04-16,04:52,DEEP,52,
2026-04-16,04:53,DEEP,61,
2026-04-16,04:54,DEEP,62,
2026-04-16,04:55,DEEP,56,
2026-04-16,04:56,DEEP,51,
2026-04-16,04:57,LIGHT,53,
2026-04-16,04:58,LIGHT,53,
2026-04-16,04:59,LIGHT,56,
2026-04-16,05:00,LIGHT,55,
2026-04-16,05:01,LIGHT,53,
2026-04-16,05:02,REM,63,
2026-04-16,05:03,REM,70,
2026-04-16,05:04,REM,60,
2026-04-16,05:05,REM,59,
2026-04-16,05:06,REM,61,
2026-04-16,05:07,REM,55,
2026-04-16,05:08,REM,57,
2026-04-16,05:09,REM,59,
2026-04-16,05:10,REM,57,
2026-04-16,05:11,REM,52,
2026-04-16,05:12,REM,56,
2026-04-16,05:13,REM,56,
2026-04-16,05:14,REM,54,
2026-04-16,05:15,REM,53,
2026-04-16,05:16,REM,55,
2026-04-16,05:17,REM,52,
2026-04-16,05:18,REM,56,
2026-04-16,05:19,REM,57,
2026-04-16,05:20,REM,57,
2026-04-16,05:21,REM,58,
2026-04-16,05:22,REM,62,
2026-04-16,05:23,REM,64,
2026-04-16,05:24,REM,58,
2026-04-16,05:25,REM,58,
2026-04-16,05:26,REM,56,
2026-04-16,05:27,REM,58,
2026-04-16,05:28,REM,55,
2026-04-16,05:29,REM,53,
2026-04-16,05:30,REM,54,
2026-04-16,05:31,REM,54,
2026-04-16,05:32,REM,63,
2026-04-16,05:33,LIGHT,56,
2026-04-16,05:34,LIGHT,54,
2026-04-16,05:35,LIGHT,54,
2026-04-16,05:36,LIGHT,54,
2026-04-16,05:37,LIGHT,54,
2026-04-16,05:38,LIGHT,54,
2026-04-16,05:39,LIGHT,54,
2026-04-16,05:40,LIGHT,54,
2026-04-16,05:41,LIGHT,55,
2026-04-16,05:42,LIGHT,57,
2026-04-16,05:43,LIGHT,59,
2026-04-16,05:44,LIGHT,53,
2026-04-16,05:45,LIGHT,53,
2026-04-16,05:46,LIGHT,53,
2026-04-16,05:47,LIGHT,53,
2026-04-16,05:48,LIGHT,53,
2026-04-16,05:49,LIGHT,54,
2026-04-16,05:50,LIGHT,54,
2026-04-16,05:51,LIGHT,54,
2026-04-16,05:52,LIGHT,55,
2026-04-16,05:53,LIGHT,55,
2026-04-16,05:54,LIGHT,55,
2026-04-16,05:55,LIGHT,55,
2026-04-16,05:56,LIGHT,55,
2026-04-16,05:57,LIGHT,55,
2026-04-16,05:58,LIGHT,55,
2026-04-16,05:59,LIGHT,55,
2026-04-16,06:00,LIGHT,55,
2026-04-16,06:01,LIGHT,55,
2026-04-16,06:02,LIGHT,55,
2026-04-16,06:03,LIGHT,55,
2026-04-16,06:04,LIGHT,60,
2026-04-16,06:05,LIGHT,54,
2026-04-16,06:06,LIGHT,53,
2026-04-16,06:07,LIGHT,52,
2026-04-16,06:08,LIGHT,57,
2026-04-16,06:09,LIGHT,54,
2026-04-16,06:10,LIGHT,64,
2026-04-16,06:11,LIGHT,63,
2026-04-16,06:12,DEEP,56,
2026-04-16,06:13,DEEP,53,
2026-04-16,06:14,DEEP,53,
2026-04-16,06:15,DEEP,53,
2026-04-16,06:16,DEEP,53,
2026-04-16,06:17,DEEP,53,
2026-04-16,06:18,DEEP,54,
2026-04-16,06:19,DEEP,54,
2026-04-16,06:20,DEEP,54,
2026-04-16,06:21,DEEP,54,
2026-04-16,06:22,DEEP,54,
2026-04-16,06:23,DEEP,54,
2026-04-16,06:24,DEEP,54,
2026-04-16,06:25,DEEP,54,
2026-04-16,06:26,DEEP,55,
2026-04-16,06:27,LIGHT,55,
2026-04-16,06:28,LIGHT,55,
2026-04-16,06:29,LIGHT,55,
2026-04-16,06:30,LIGHT,55,
2026-04-16,06:31,LIGHT,55,
2026-04-16,06:32,LIGHT,56,
2026-04-16,06:33,LIGHT,56,
2026-04-16,06:34,LIGHT,56,
2026-04-16,06:35,REM,54,
2026-04-16,06:36,REM,54,
2026-04-16,06:37,REM,54,
2026-04-16,06:38,REM,56,
2026-04-16,06:39,REM,59,
2026-04-16,06:40,REM,60,
2026-04-16,06:41,REM,67,
2026-04-16,06:42,REM,57,
2026-04-16,06:43,REM,58,
2026-04-16,06:44,REM,58,
2026-04-16,06:45,REM,61,
2026-04-16,06:46,REM,65,
2026-04-16,06:47,REM,65,
2026-04-16,06:48,REM,55,
2026-04-16,06:49,REM,56,
2026-04-16,06:50,REM,61,
2026-04-16,06:51,REM,53,
2026-04-16,06:52,REM,51,
2026-04-16,06:53,REM,52,
2026-04-16,06:54,REM,52,
2026-04-16,06:55,REM,57,
2026-04-16,06:56,REM,66,
2026-04-16,06:57,REM,63,
2026-04-16,06:58,REM,63,
2026-04-16,06:59,REM,55,
2026-04-16,07:00,REM,54,
2026-04-16,07:01,REM,55,
2026-04-16,07:02,REM,52,
2026-04-16,07:03,REM,51,
2026-04-16,07:04,REM,56,
2026-04-16,07:05,LIGHT,67,
2026-04-16,07:06,LIGHT,53,
2026-04-16,07:07,LIGHT,60,
2026-04-16,07:08,WAKE,62,
2026-04-16,07:09,WAKE,62,
2026-04-16,07:10,WAKE,61,
2026-04-16,07:11,WAKE,58,
2026-04-16,07:12,WAKE,59,
2026-04-16,07:13,WAKE,62,
2026-04-16,07:14,WAKE,56,
2026-04-16,07:15,WAKE,55,
2026-04-16,07:16,WAKE,53,
2026-04-16,07:17,WAKE,55,
2026-04-16,07:18,WAKE,55,
2026-04-16,07:19,WAKE,60,
2026-04-16,07:20,WAKE,54,
2026-04-16,07:21,WAKE,53,
2026-04-16,07:22,WAKE,54,
2026-04-16,07:23,WAKE,52,
2026-04-16,07:24,WAKE,53,
2026-04-16,07:25,LIGHT,53,
2026-04-16,07:26,LIGHT,53,
2026-04-16,07:27,LIGHT,53,
2026-04-16,07:28,LIGHT,53,
2026-04-16,07:29,LIGHT,53,
2026-04-16,07:30,LIGHT,52,
2026-04-16,07:31,LIGHT,53,
2026-04-16,07:32,LIGHT,57,
2026-04-16,07:33,LIGHT,54,
2026-04-16,07:34,LIGHT,52,
2026-04-16,07:35,LIGHT,51,
2026-04-16,07:36,LIGHT,53,
2026-04-16,07:37,LIGHT,58,
2026-04-16,07:38,LIGHT,53,
2026-04-16,07:39,LIGHT,52,
2026-04-16,07:40,LIGHT,52,
2026-04-16,07:41,REM,53,
2026-04-16,07:42,REM,55,
2026-04-16,07:43,REM,55,
2026-04-16,07:44,REM,60,
2026-04-16,07:45,REM,56,
2026-04-16,07:46,REM,56,
2026-04-16,07:47,REM,56,
2026-04-16,07:48,REM,56,
2026-04-16,07:49,REM,56,
2026-04-16,07:50,REM,55,
2026-04-16,07:51,REM,55,
2026-04-16,07:52,REM,55,
2026-04-16,07:53,REM,55,
2026-04-16,07:54,REM,55,
2026-04-16,07:55,REM,55,
2026-04-16,07:56,REM,55,
2026-04-16,07:57,REM,55,
2026-04-16,07:58,REM,55,
2026-04-16,07:59,REM,55,
2026-04-16,08:00,REM,63,
2026-04-16,08:01,REM,57,
2026-04-16,08:02,REM,54,
2026-04-16,08:03,REM,54,
2026-04-16,08:04,REM,54,
2026-04-16,08:05,REM,60,
2026-04-16,08:06,REM,56,
2026-04-16,08:07,REM,54,
2026-04-16,08:08,REM,54,
2026-04-16,08:09,REM,54,
2026-04-16,08:10,REM,59,
2026-04-16,08:11,REM,57,
2026-04-16,08:12,REM,58,
2026-04-16,08:13,REM,58,
2026-04-16,08:14,LIGHT,56,
2026-04-16,08:15,LIGHT,53,
2026-04-16,08:16,LIGHT,60,
2026-04-16,08:17,LIGHT,57,
2026-04-16,08:18,LIGHT,63,
2026-04-16,08:19,LIGHT,58,
2026-04-16,08:20,LIGHT,54,
2026-04-16,08:21,LIGHT,55,
2026-04-16,08:22,LIGHT,54,
2026-04-16,08:23,LIGHT,56,
2026-04-16,08:24,LIGHT,57,
2026-04-16,08:25,LIGHT,57,
2026-04-16,08:26,LIGHT,56,
2026-04-16,08:27,LIGHT,63,
2026-04-16,08:28,LIGHT,58,
2026-04-16,08:29,LIGHT,58,
2026-04-16,08:30,LIGHT,61,
2026-04-16,08:31,LIGHT,63,
2026-04-16,08:32,LIGHT,70,
2026-04-16,08:33,LIGHT,62,
2026-04-16,08:34,LIGHT,59,
2026-04-16,08:35,LIGHT,57,
2026-04-16,08:36,LIGHT,57,
2026-04-16,08:37,LIGHT,62,
2026-04-16,08:38,LIGHT,56,
2026-04-16,08:39,LIGHT,56,
2026-04-16,08:40,LIGHT,59,
2026-04-16,08:41,LIGHT,58,
2026-04-16,08:42,LIGHT,58,
2026-04-16,08:43,LIGHT,63,
2026-04-16,08:44,LIGHT,57,
2026-04-16,08:45,LIGHT,57,
2026-04-16,08:46,LIGHT,59,
2026-04-16,08:47,LIGHT,56,
2026-04-16,08:48,LIGHT,61,
2026-04-16,08:49,LIGHT,57,
2026-04-16,08:50,REM,67,
2026-04-16,08:51,REM,72,
2026-04-16,08:52,REM,73,
2026-04-16,08:53,REM,83,
2026-04-16,08:54,REM,91,
2026-04-16,08:55,REM,83,
2026-04-16,08:56,REM,84,
2026-04-16,08:57,REM,83,
2026-04-16,08:58,REM,90,
2026-04-16,08:59,REM,84,
2026-04-16,09:00,REM,82,
2026-04-16,09:01,REM,83,
2026-04-16,09:02,REM,83,
2026-04-16,09:03,REM,80,
2026-04-16,09:04,REM,74,
2026-04-16,09:05,REM,73,
2026-04-16,09:06,REM,71,
2026-04-16,09:07,REM,69,
2026-04-16,09:08,LIGHT,69,
2026-04-16,09:09,LIGHT,69,
2026-04-16,09:10,LIGHT,70,
2026-04-16,09:11,LIGHT,70,
2026-04-16,09:12,LIGHT,67,
2026-04-17,01:00,LIGHT,81,
2026-04-17,01:01,LIGHT,79,
2026-04-17,01:02,LIGHT,80,
2026-04-17,01:03,LIGHT,80,
2026-04-17,01:04,LIGHT,82,
2026-04-17,01:05,LIGHT,79,
2026-04-17,01:06,LIGHT,73,
2026-04-17,01:07,LIGHT,66,
2026-04-17,01:08,LIGHT,65,
2026-04-17,01:09,LIGHT,64,
2026-04-17,01:10,LIGHT,64,
2026-04-17,01:11,LIGHT,67,
2026-04-17,01:12,LIGHT,69,
2026-04-17,01:13,LIGHT,66,
2026-04-17,01:14,LIGHT,67,
2026-04-17,01:15,DEEP,69,
2026-04-17,01:16,DEEP,66,
2026-04-17,01:17,DEEP,66,
2026-04-17,01:18,DEEP,64,
2026-04-17,01:19,DEEP,64,
2026-04-17,01:20,DEEP,64,
2026-04-17,01:21,DEEP,64,
2026-04-17,01:22,DEEP,64,
2026-04-17,01:23,DEEP,63,
2026-04-17,01:24,DEEP,63,
2026-04-17,01:25,DEEP,63,
2026-04-17,01:26,DEEP,61,
2026-04-17,01:27,DEEP,61,
2026-04-17,01:28,DEEP,61,
2026-04-17,01:29,DEEP,61,
2026-04-17,01:30,DEEP,61,
2026-04-17,01:31,DEEP,61,
2026-04-17,01:32,DEEP,62,
2026-04-17,01:33,DEEP,62,
2026-04-17,01:34,DEEP,62,
2026-04-17,01:35,DEEP,62,
2026-04-17,01:36,LIGHT,61,
2026-04-17,01:37,LIGHT,61,
2026-04-17,01:38,LIGHT,62,
2026-04-17,01:39,LIGHT,66,
2026-04-17,01:40,LIGHT,63,
2026-04-17,01:41,LIGHT,59,
2026-04-17,01:42,LIGHT,57,
2026-04-17,01:43,DEEP,57,
2026-04-17,01:44,DEEP,57,
2026-04-17,01:45,DEEP,57,
2026-04-17,01:46,DEEP,57,
2026-04-17,01:47,LIGHT,57,
2026-04-17,01:48,LIGHT,57,
2026-04-17,01:49,LIGHT,57,
2026-04-17,01:50,WAKE,57,
2026-04-17,01:51,LIGHT,57,
2026-04-17,01:52,LIGHT,57,
2026-04-17,01:53,LIGHT,57,
2026-04-17,01:54,LIGHT,57,
2026-04-17,01:55,LIGHT,58,
2026-04-17,01:56,LIGHT,61,
2026-04-17,01:57,LIGHT,58,
2026-04-17,01:58,LIGHT,58,
2026-04-17,01:59,LIGHT,57,
2026-04-17,02:00,LIGHT,57,
2026-04-17,02:01,LIGHT,57,
2026-04-17,02:02,LIGHT,58,
2026-04-17,02:03,LIGHT,58,
2026-04-17,02:04,LIGHT,57,
2026-04-17,02:05,LIGHT,57,
2026-04-17,02:06,REM,58,
2026-04-17,02:07,REM,58,
2026-04-17,02:08,REM,59,
2026-04-17,02:09,REM,71,
2026-04-17,02:10,REM,78,
2026-04-17,02:11,REM,71,
2026-04-17,02:12,REM,60,
2026-04-17,02:13,REM,58,
2026-04-17,02:14,REM,60,
2026-04-17,02:15,REM,62,
2026-04-17,02:16,REM,69,
2026-04-17,02:17,LIGHT,61,
2026-04-17,02:18,LIGHT,60,
2026-04-17,02:19,LIGHT,67,
2026-04-17,02:20,LIGHT,69,
2026-04-17,02:21,LIGHT,63,
2026-04-17,02:22,LIGHT,63,
2026-04-17,02:23,LIGHT,63,
2026-04-17,02:24,LIGHT,63,
2026-04-17,02:25,LIGHT,65,
2026-04-17,02:26,LIGHT,65,
2026-04-17,02:27,LIGHT,70,
2026-04-17,02:28,LIGHT,64,
2026-04-17,02:29,LIGHT,63,
2026-04-17,02:30,LIGHT,63,
2026-04-17,02:31,LIGHT,61,
2026-04-17,02:32,LIGHT,62,
2026-04-17,02:33,LIGHT,61,
2026-04-17,02:34,LIGHT,61,
2026-04-17,02:35,LIGHT,61,
2026-04-17,02:36,LIGHT,61,
2026-04-17,02:37,LIGHT,61,
2026-04-17,02:38,DEEP,62,
2026-04-17,02:39,DEEP,62,
2026-04-17,02:40,DEEP,62,
2026-04-17,02:41,DEEP,62,
2026-04-17,02:42,DEEP,62,
2026-04-17,02:43,DEEP,62,
2026-04-17,02:44,LIGHT,62,
2026-04-17,02:45,LIGHT,62,
2026-04-17,02:46,LIGHT,62,
2026-04-17,02:47,WAKE,62,
2026-04-17,02:48,WAKE,62,
2026-04-17,02:49,WAKE,62,
2026-04-17,02:50,LIGHT,62,
2026-04-17,02:51,LIGHT,62,
2026-04-17,02:52,LIGHT,66,
2026-04-17,02:53,LIGHT,63,
2026-04-17,02:54,LIGHT,64,
2026-04-17,02:55,LIGHT,60,
2026-04-17,02:56,LIGHT,57,
2026-04-17,02:57,LIGHT,57,
2026-04-17,02:58,LIGHT,61,
2026-04-17,02:59,LIGHT,56,
2026-04-17,03:00,LIGHT,56,
2026-04-17,03:01,LIGHT,56,
2026-04-17,03:02,LIGHT,56,
2026-04-17,03:03,LIGHT,56,
2026-04-17,03:04,LIGHT,60,
2026-04-17,03:05,LIGHT,66,
2026-04-17,03:06,LIGHT,59,
2026-04-17,03:07,LIGHT,59,
2026-04-17,03:08,LIGHT,56,
2026-04-17,03:09,LIGHT,56,
2026-04-17,03:10,LIGHT,56,
2026-04-17,03:11,LIGHT,57,
2026-04-17,03:12,LIGHT,57,
2026-04-17,03:13,LIGHT,57,
2026-04-17,03:14,LIGHT,57,
2026-04-17,03:15,REM,58,
2026-04-17,03:16,REM,59,
2026-04-17,03:17,REM,56,
2026-04-17,03:18,REM,56,
2026-04-17,03:19,REM,57,
2026-04-17,03:20,REM,57,
2026-04-17,03:21,REM,57,
2026-04-17,03:22,REM,57,
2026-04-17,03:23,REM,57,
2026-04-17,03:24,REM,57,
2026-04-17,03:25,REM,57,
2026-04-17,03:26,REM,57,
2026-04-17,03:27,REM,58,
2026-04-17,03:28,REM,58,
2026-04-17,03:29,REM,57,
2026-04-17,03:30,REM,57,
2026-04-17,03:31,REM,57,
2026-04-17,03:32,REM,57,
2026-04-17,03:33,REM,57,
2026-04-17,03:34,REM,57,
2026-04-17,03:35,REM,57,
2026-04-17,03:36,REM,57,
2026-04-17,03:37,REM,57,
2026-04-17,03:38,REM,57,
2026-04-17,03:39,REM,57,
2026-04-17,03:40,REM,57,
2026-04-17,03:41,REM,57,
2026-04-17,03:42,REM,57,
2026-04-17,03:43,REM,57,
2026-04-17,03:44,REM,57,
2026-04-17,03:45,REM,57,
2026-04-17,03:46,REM,56,
2026-04-17,03:47,REM,56,
2026-04-17,03:48,LIGHT,54,
2026-04-17,03:49,LIGHT,55,
2026-04-17,03:50,LIGHT,64,
2026-04-17,03:51,LIGHT,71,
2026-04-17,03:52,LIGHT,73,
2026-04-17,03:53,LIGHT,62,
2026-04-17,03:54,LIGHT,58,
2026-04-17,03:55,LIGHT,61,
2026-04-17,03:56,LIGHT,58,
2026-04-17,03:57,LIGHT,60,
2026-04-17,03:58,LIGHT,65,
2026-04-17,03:59,LIGHT,58,
2026-04-17,04:00,LIGHT,58,
2026-04-17,04:01,LIGHT,60,
2026-04-17,04:02,LIGHT,60,
2026-04-17,04:03,LIGHT,66,
2026-04-17,04:04,LIGHT,62,
2026-04-17,04:05,LIGHT,59,
2026-04-17,04:06,LIGHT,61,
2026-04-17,04:07,LIGHT,63,
2026-04-17,04:08,LIGHT,63,
2026-04-17,04:09,LIGHT,65,
2026-04-17,04:10,LIGHT,67,
2026-04-17,04:11,LIGHT,74,
2026-04-17,04:12,LIGHT,63,
2026-04-17,04:13,LIGHT,58,
2026-04-17,04:14,LIGHT,57,
2026-04-17,04:15,LIGHT,57,
2026-04-17,04:16,LIGHT,58,
2026-04-17,04:17,LIGHT,58,
2026-04-17,04:18,LIGHT,59,
2026-04-17,04:19,LIGHT,59,
2026-04-17,04:20,LIGHT,63,
2026-04-17,04:21,LIGHT,58,
2026-04-17,04:22,LIGHT,58,
2026-04-17,04:23,LIGHT,58,
2026-04-17,04:24,LIGHT,58,
2026-04-17,04:25,LIGHT,58,
2026-04-17,04:26,LIGHT,58,
2026-04-17,04:27,LIGHT,59,
2026-04-17,04:28,LIGHT,59,
2026-04-17,04:29,LIGHT,59,
2026-04-17,04:30,LIGHT,59,
2026-04-17,04:31,LIGHT,59,
2026-04-17,04:32,DEEP,59,
2026-04-17,04:33,DEEP,59,
2026-04-17,04:34,DEEP,66,
2026-04-17,04:35,DEEP,61,
2026-04-17,04:36,DEEP,56,
2026-04-17,04:37,DEEP,54,
2026-04-17,04:38,DEEP,54,
2026-04-17,04:39,DEEP,54,
2026-04-17,04:40,DEEP,55,
2026-04-17,04:41,DEEP,55,
2026-04-17,04:42,DEEP,66,
2026-04-17,04:43,DEEP,66,
2026-04-17,04:44,DEEP,63,
2026-04-17,04:45,DEEP,57,
2026-04-17,04:46,DEEP,56,
2026-04-17,04:47,DEEP,56,
2026-04-17,04:48,DEEP,57,
2026-04-17,04:49,DEEP,57,
2026-04-17,04:50,DEEP,57,
2026-04-17,04:51,DEEP,57,
2026-04-17,04:52,LIGHT,57,
2026-04-17,04:53,LIGHT,61,
2026-04-17,04:54,LIGHT,67,
2026-04-17,04:55,WAKE,61,
2026-04-17,04:56,LIGHT,56,
2026-04-17,04:57,LIGHT,55,
2026-04-17,04:58,LIGHT,55,
2026-04-17,04:59,LIGHT,56,
2026-04-17,05:00,REM,56,
2026-04-17,05:01,REM,57,
2026-04-17,05:02,REM,57,
2026-04-17,05:03,REM,57,
2026-04-17,05:04,REM,57,
2026-04-17,05:05,REM,57,
2026-04-17,05:06,REM,57,
2026-04-17,05:07,REM,56,
2026-04-17,05:08,REM,56,
2026-04-17,05:09,REM,62,
2026-04-17,05:10,REM,56,
2026-04-17,05:11,REM,56,
2026-04-17,05:12,REM,57,
2026-04-17,05:13,REM,57,
2026-04-17,05:14,REM,57,
2026-04-17,05:15,REM,57,
2026-04-17,05:16,REM,57,
2026-04-17,05:17,REM,57,
2026-04-17,05:18,REM,57,
2026-04-17,05:19,REM,57,
2026-04-17,05:20,REM,57,
2026-04-17,05:21,REM,57,
2026-04-17,05:22,REM,57,
2026-04-17,05:23,REM,57,
2026-04-17,05:24,REM,58,
2026-04-17,05:25,REM,58,
2026-04-17,05:26,REM,58,
2026-04-17,05:27,REM,58,
2026-04-17,05:28,LIGHT,57,
2026-04-17,05:29,LIGHT,64,
2026-04-17,05:30,LIGHT,65,
2026-04-17,05:31,LIGHT,62,
2026-04-17,05:32,LIGHT,68,
2026-04-17,05:33,LIGHT,60,
2026-04-17,05:34,LIGHT,60,
2026-04-17,05:35,LIGHT,57,
2026-04-17,05:36,LIGHT,59,
2026-04-17,05:37,LIGHT,58,
2026-04-17,05:38,LIGHT,60,
2026-04-17,05:39,LIGHT,63,
2026-04-17,05:40,LIGHT,60,
2026-04-17,05:41,LIGHT,60,
2026-04-17,05:42,LIGHT,58,
2026-04-17,05:43,LIGHT,60,
2026-04-17,05:44,LIGHT,62,
2026-04-17,05:45,LIGHT,64,
2026-04-17,05:46,LIGHT,74,
2026-04-17,05:47,LIGHT,74,
2026-04-17,05:48,LIGHT,71,
2026-04-17,05:49,LIGHT,73,
2026-04-17,05:50,LIGHT,66,
2026-04-17,05:51,LIGHT,63,
2026-04-17,05:52,LIGHT,66,
2026-04-17,05:53,LIGHT,65,
2026-04-17,05:54,LIGHT,70,
2026-04-17,05:55,LIGHT,72,
2026-04-17,05:56,LIGHT,79,
2026-04-17,05:57,LIGHT,73,
2026-04-17,05:58,LIGHT,72,
2026-04-17,05:59,LIGHT,75,
2026-04-17,06:00,LIGHT,66,
2026-04-17,06:01,LIGHT,65,
2026-04-17,06:02,LIGHT,64,
2026-04-17,06:03,LIGHT,62,
2026-04-17,06:04,LIGHT,62,
2026-04-17,06:05,LIGHT,62,
2026-04-17,06:06,LIGHT,61,
2026-04-17,06:07,LIGHT,61,
2026-04-17,06:08,LIGHT,63,
2026-04-17,06:09,LIGHT,66,
2026-04-17,06:10,LIGHT,62,
2026-04-17,06:11,LIGHT,59,
2026-04-17,06:12,LIGHT,66,
2026-04-17,06:13,LIGHT,64,
2026-04-17,06:14,LIGHT,58,
2026-04-17,06:15,LIGHT,59,
2026-04-17,06:16,LIGHT,58,
2026-04-17,06:17,LIGHT,56,
2026-04-17,06:18,LIGHT,66,
2026-04-17,06:19,LIGHT,68,
2026-04-17,06:20,LIGHT,67,
2026-04-17,06:21,LIGHT,72,
2026-04-17,06:22,LIGHT,66,
2026-04-17,06:23,LIGHT,63,
2026-04-17,06:24,LIGHT,62,
2026-04-17,06:25,LIGHT,62,
2026-04-17,06:26,LIGHT,62,
2026-04-17,06:27,LIGHT,62,
2026-04-17,06:28,LIGHT,62,
2026-04-17,06:29,DEEP,67,
2026-04-17,06:30,DEEP,62,
2026-04-17,06:31,DEEP,58,
2026-04-17,06:32,DEEP,58,
2026-04-17,06:33,DEEP,59,
2026-04-17,06:34,LIGHT,59,
2026-04-17,06:35,LIGHT,63,
2026-04-17,06:36,LIGHT,66,
2026-04-17,06:37,LIGHT,58,
2026-04-17,06:38,REM,55,
2026-04-17,06:39,REM,55,
2026-04-17,06:40,REM,55,
2026-04-17,06:41,REM,56,
2026-04-17,06:42,REM,56,
2026-04-17,06:43,REM,56,
2026-04-17,06:44,REM,56,
2026-04-17,06:45,REM,56,
2026-04-17,06:46,REM,56,
2026-04-17,06:47,REM,57,
2026-04-17,06:48,REM,57,
2026-04-17,06:49,REM,57,
2026-04-17,06:50,REM,57,
2026-04-17,06:51,REM,56,
2026-04-17,06:52,REM,55,
2026-04-17,06:53,REM,55,
2026-04-17,06:54,REM,55,
2026-04-17,06:55,REM,55,
2026-04-17,06:56,REM,57,
2026-04-17,06:57,REM,58,
2026-04-17,06:58,REM,58,
2026-04-17,06:59,REM,58,
2026-04-17,07:00,REM,58,
2026-04-17,07:01,REM,58,
2026-04-17,07:02,REM,58,
2026-04-17,07:03,REM,58,
2026-04-17,07:04,REM,58,
2026-04-17,07:05,REM,57,
2026-04-17,07:06,REM,57,
2026-04-17,07:07,REM,56,
2026-04-17,07:08,REM,56,
2026-04-17,07:09,REM,56,
2026-04-17,07:10,REM,63,
2026-04-17,07:11,REM,57,
2026-04-17,07:12,REM,62,
2026-04-17,07:13,REM,62,
2026-04-17,07:14,REM,56,
2026-04-17,07:15,LIGHT,56,
2026-04-17,07:16,LIGHT,63,
2026-04-17,07:17,LIGHT,59,
2026-04-17,07:18,LIGHT,64,
2026-04-17,07:19,LIGHT,61,
2026-04-17,07:20,LIGHT,62,
2026-04-17,07:21,LIGHT,62,
2026-04-17,07:22,LIGHT,59,
2026-04-17,07:23,LIGHT,62,
2026-04-17,07:24,LIGHT,62,
2026-04-17,07:25,LIGHT,64,
2026-04-17,07:26,LIGHT,67,
2026-04-17,07:27,LIGHT,57,
2026-04-17,07:28,LIGHT,64,
2026-04-17,07:29,LIGHT,67,
2026-04-17,07:30,LIGHT,60,
2026-04-17,07:31,LIGHT,63,
2026-04-17,07:32,LIGHT,60,
2026-04-17,07:33,LIGHT,61,
2026-04-17,07:34,LIGHT,61,
2026-04-17,07:35,LIGHT,64,
2026-04-17,07:36,LIGHT,61,
2026-04-17,07:37,LIGHT,61,
2026-04-17,07:38,LIGHT,57,
2026-04-17,07:39,LIGHT,57,
2026-04-17,07:40,LIGHT,59,
2026-04-17,07:41,LIGHT,69,
2026-04-17,07:42,LIGHT,65,
2026-04-17,07:43,LIGHT,65,
2026-04-17,07:44,LIGHT,64,
2026-04-17,07:45,LIGHT,59,
2026-04-17,07:46,LIGHT,59,
2026-04-17,07:47,LIGHT,58,
2026-04-17,07:48,LIGHT,58,
2026-04-17,07:49,LIGHT,54,
2026-04-17,07:50,LIGHT,64,
2026-04-17,07:51,LIGHT,66,
2026-04-17,07:52,LIGHT,66,
2026-04-17,07:53,LIGHT,71,
2026-04-17,07:54,LIGHT,64,
2026-04-17,07:55,LIGHT,62,
2026-04-17,07:56,LIGHT,57,
2026-04-17,07:57,LIGHT,56,
2026-04-17,07:58,LIGHT,65,
2026-04-17,07:59,LIGHT,58,
2026-04-17,08:00,LIGHT,54,
2026-04-17,08:01,LIGHT,54,
2026-04-17,08:02,LIGHT,54,
2026-04-17,08:03,LIGHT,54,
2026-04-17,08:04,LIGHT,59,
2026-04-17,08:05,LIGHT,58,
2026-04-17,08:06,LIGHT,56,
2026-04-17,08:07,LIGHT,56,
2026-04-17,08:08,LIGHT,55,
2026-04-17,08:09,LIGHT,63,
2026-04-17,08:10,LIGHT,57,
2026-04-17,08:11,LIGHT,54,
2026-04-17,08:12,LIGHT,55,
2026-04-17,08:13,REM,56,
2026-04-17,08:14,REM,55,
2026-04-17,08:15,REM,61,
2026-04-17,08:16,REM,59,
2026-04-17,08:17,REM,54,
2026-04-17,08:18,REM,59,
2026-04-17,08:19,REM,69,
2026-04-17,08:20,REM,68,
2026-04-17,08:21,REM,65,
2026-04-17,08:22,REM,65,
2026-04-17,08:23,REM,61,
2026-04-17,08:24,REM,58,
2026-04-17,08:25,REM,61,
2026-04-17,08:26,REM,63,
2026-04-17,08:27,REM,70,
2026-04-17,08:28,REM,69,
2026-04-17,08:29,REM,61,
2026-04-17,08:30,REM,59,
2026-04-17,08:31,REM,56,
2026-04-17,08:32,REM,56,
2026-04-17,08:33,REM,55,
2026-04-17,08:34,REM,54,
2026-04-17,08:35,REM,54,
2026-04-17,08:36,REM,54,
2026-04-17,08:37,REM,55,
2026-04-17,08:38,REM,55,
2026-04-17,08:39,LIGHT,57,
2026-04-17,08:40,LIGHT,55,
2026-04-17,08:41,LIGHT,62,
2026-04-17,08:42,WAKE,56,
2026-04-17,08:43,WAKE,55,
2026-04-17,08:44,WAKE,55,
2026-04-17,08:45,LIGHT,56,
2026-04-17,08:46,LIGHT,57,
2026-04-18,01:19,LIGHT,75,
2026-04-18,01:20,LIGHT,74,
2026-04-18,01:21,LIGHT,69,
2026-04-18,01:22,LIGHT,81,
2026-04-18,01:23,LIGHT,79,
2026-04-18,01:24,LIGHT,78,
2026-04-18,01:25,LIGHT,76,
2026-04-18,01:26,LIGHT,78,
2026-04-18,01:27,LIGHT,76,
2026-04-18,01:28,LIGHT,76,
2026-04-18,01:29,DEEP,76,
2026-04-18,01:30,DEEP,78,
2026-04-18,01:31,DEEP,70,
2026-04-18,01:32,DEEP,67,
2026-04-18,01:33,DEEP,67,
2026-04-18,01:34,DEEP,66,
2026-04-18,01:35,DEEP,68,
2026-04-18,01:36,DEEP,78,
2026-04-18,01:37,DEEP,78,
2026-04-18,01:38,DEEP,80,
2026-04-18,01:39,DEEP,70,
2026-04-18,01:40,DEEP,68,
2026-04-18,01:41,DEEP,65,
2026-04-18,01:42,DEEP,62,
2026-04-18,01:43,DEEP,60,
2026-04-18,01:44,DEEP,61,
2026-04-18,01:45,DEEP,61,
2026-04-18,01:46,DEEP,63,
2026-04-18,01:47,DEEP,61,
2026-04-18,01:48,DEEP,61,
2026-04-18,01:49,DEEP,63,
2026-04-18,01:50,DEEP,63,
2026-04-18,01:51,DEEP,64,
2026-04-18,01:52,DEEP,64,
2026-04-18,01:53,DEEP,68,
2026-04-18,01:54,DEEP,61,
2026-04-18,01:55,DEEP,61,
2026-04-18,01:56,DEEP,74,
2026-04-18,01:57,DEEP,65,
2026-04-18,01:58,DEEP,65,
2026-04-18,01:59,DEEP,59,
2026-04-18,02:00,DEEP,66,
2026-04-18,02:01,DEEP,61,
2026-04-18,02:02,DEEP,60,
2026-04-18,02:03,DEEP,62,
2026-04-18,02:04,DEEP,62,
2026-04-18,02:05,DEEP,60,
2026-04-18,02:06,DEEP,61,
2026-04-18,02:07,LIGHT,61,
2026-04-18,02:08,LIGHT,61,
2026-04-18,02:09,LIGHT,62,
2026-04-18,02:10,WAKE,63,
2026-04-18,02:11,WAKE,64,
2026-04-18,02:12,WAKE,64,
2026-04-18,02:13,LIGHT,64,
2026-04-18,02:14,LIGHT,65,
2026-04-18,02:15,LIGHT,65,
2026-04-18,02:16,REM,65,
2026-04-18,02:17,REM,66,
2026-04-18,02:18,REM,66,
2026-04-18,02:19,REM,66,
2026-04-18,02:20,REM,66,
2026-04-18,02:21,REM,66,
2026-04-18,02:22,REM,66,
2026-04-18,02:23,REM,73,
2026-04-18,02:24,REM,65,
2026-04-18,02:25,REM,64,
2026-04-18,02:26,REM,65,
2026-04-18,02:27,REM,65,
2026-04-18,02:28,REM,65,
2026-04-18,02:29,REM,65,
2026-04-18,02:30,REM,65,
2026-04-18,02:31,REM,65,
2026-04-18,02:32,REM,65,
2026-04-18,02:33,REM,65,
2026-04-18,02:34,REM,65,
2026-04-18,02:35,REM,68,
2026-04-18,02:36,REM,74,
2026-04-18,02:37,REM,74,
2026-04-18,02:38,REM,70,
2026-04-18,02:39,REM,66,
2026-04-18,02:40,REM,68,
2026-04-18,02:41,REM,68,
2026-04-18,02:42,REM,70,
2026-04-18,02:43,REM,73,
2026-04-18,02:44,LIGHT,70,
2026-04-18,02:45,LIGHT,70,
2026-04-18,02:46,LIGHT,70,
2026-04-18,02:47,LIGHT,70,
2026-04-18,02:48,LIGHT,70,
2026-04-18,02:49,LIGHT,73,
2026-04-18,02:50,LIGHT,69,
2026-04-18,02:51,LIGHT,71,
2026-04-18,02:52,LIGHT,73,
2026-04-18,02:53,WAKE,74,
2026-04-18,02:54,WAKE,71,
2026-04-18,02:55,LIGHT,71,
2026-04-18,02:56,LIGHT,67,
2026-04-18,02:57,LIGHT,74,
2026-04-18,02:58,LIGHT,70,
2026-04-18,02:59,LIGHT,67,
2026-04-18,03:00,LIGHT,67,
2026-04-18,03:01,LIGHT,67,
2026-04-18,03:02,LIGHT,68,
2026-04-18,03:03,LIGHT,68,
2026-04-18,03:04,LIGHT,68,
2026-04-18,03:05,LIGHT,70,
2026-04-18,03:06,WAKE,70,
2026-04-18,03:07,WAKE,73,
2026-04-18,03:08,LIGHT,79,
2026-04-18,03:09,LIGHT,77,
2026-04-18,03:10,LIGHT,68,
2026-04-18,03:11,LIGHT,64,
2026-04-18,03:12,LIGHT,63,
2026-04-18,03:13,LIGHT,65,
2026-04-18,03:14,LIGHT,63,
2026-04-18,03:15,LIGHT,63,
2026-04-18,03:16,LIGHT,66,
2026-04-18,03:17,LIGHT,64,
2026-04-18,03:18,LIGHT,61,
2026-04-18,03:19,LIGHT,63,
2026-04-18,03:20,LIGHT,60,
2026-04-18,03:21,LIGHT,61,
2026-04-18,03:22,DEEP,62,
2026-04-18,03:23,DEEP,61,
2026-04-18,03:24,DEEP,62,
2026-04-18,03:25,DEEP,63,
2026-04-18,03:26,DEEP,63,
2026-04-18,03:27,DEEP,63,
2026-04-18,03:28,DEEP,63,
2026-04-18,03:29,DEEP,64,
2026-04-18,03:30,DEEP,64,
2026-04-18,03:31,DEEP,64,
2026-04-18,03:32,DEEP,64,
2026-04-18,03:33,DEEP,64,
2026-04-18,03:34,DEEP,64,
2026-04-18,03:35,DEEP,64,
2026-04-18,03:36,DEEP,70,
2026-04-18,03:37,DEEP,64,
2026-04-18,03:38,DEEP,62,
2026-04-18,03:39,DEEP,62,
2026-04-18,03:40,DEEP,62,
2026-04-18,03:41,DEEP,62,
2026-04-18,03:42,DEEP,62,
2026-04-18,03:43,DEEP,63,
2026-04-18,03:44,DEEP,63,
2026-04-18,03:45,DEEP,63,
2026-04-18,03:46,DEEP,62,
2026-04-18,03:47,DEEP,62,
2026-04-18,03:48,DEEP,62,
2026-04-18,03:49,DEEP,62,
2026-04-18,03:50,LIGHT,63,
2026-04-18,03:51,LIGHT,63,
2026-04-18,03:52,LIGHT,63,
2026-04-18,03:53,WAKE,63,
2026-04-18,03:54,LIGHT,71,
2026-04-18,03:55,LIGHT,71,
2026-04-18,03:56,LIGHT,73,
2026-04-18,03:57,LIGHT,64,
2026-04-18,03:58,LIGHT,63,
2026-04-18,03:59,LIGHT,64,
2026-04-18,04:00,REM,66,
2026-04-18,04:01,REM,70,
2026-04-18,04:02,REM,62,
2026-04-18,04:03,REM,64,
2026-04-18,04:04,REM,74,
2026-04-18,04:05,REM,69,
2026-04-18,04:06,REM,68,
2026-04-18,04:07,REM,70,
2026-04-18,04:08,REM,75,
2026-04-18,04:09,REM,74,
2026-04-18,04:10,REM,72,
2026-04-18,04:11,REM,72,
2026-04-18,04:12,REM,69,
2026-04-18,04:13,REM,71,
2026-04-18,04:14,REM,72,
2026-04-18,04:15,REM,66,
2026-04-18,04:16,REM,69,
2026-04-18,04:17,REM,69,
2026-04-18,04:18,REM,74,
2026-04-18,04:19,REM,71,
2026-04-18,04:20,REM,69,
2026-04-18,04:21,REM,67,
2026-04-18,04:22,LIGHT,66,
2026-04-18,04:23,LIGHT,66,
2026-04-18,04:24,LIGHT,65,
2026-04-18,04:25,LIGHT,65,
2026-04-18,04:26,LIGHT,65,
2026-04-18,04:27,LIGHT,69,
2026-04-18,04:28,LIGHT,65,
2026-04-18,04:29,LIGHT,63,
2026-04-18,04:30,LIGHT,69,
2026-04-18,04:31,LIGHT,63,
2026-04-18,04:32,LIGHT,63,
2026-04-18,04:33,LIGHT,63,
2026-04-18,04:34,LIGHT,69,
2026-04-18,04:35,LIGHT,71,
2026-04-18,04:36,LIGHT,63,
2026-04-18,04:37,LIGHT,63,
2026-04-18,04:38,LIGHT,72,
2026-04-18,04:39,LIGHT,62,
2026-04-18,04:40,LIGHT,62,
2026-04-18,04:41,LIGHT,61,
2026-04-18,04:42,LIGHT,61,
2026-04-18,04:43,LIGHT,62,
2026-04-18,04:44,WAKE,62,
2026-04-18,04:45,LIGHT,63,
2026-04-18,04:46,LIGHT,63,
2026-04-18,04:47,LIGHT,63,
2026-04-18,04:48,LIGHT,63,
2026-04-18,04:49,LIGHT,63,
2026-04-18,04:50,LIGHT,63,
2026-04-18,04:51,LIGHT,63,
2026-04-18,04:52,LIGHT,63,
2026-04-18,04:53,LIGHT,63,
2026-04-18,04:54,LIGHT,63,
2026-04-18,04:55,LIGHT,63,
2026-04-18,04:56,LIGHT,63,
2026-04-18,04:57,LIGHT,63,
2026-04-18,04:58,LIGHT,63,
2026-04-18,04:59,LIGHT,63,
2026-04-18,05:00,LIGHT,63,
2026-04-18,05:01,LIGHT,63,
2026-04-18,05:02,LIGHT,63,
2026-04-18,05:03,LIGHT,63,
2026-04-18,05:04,LIGHT,63,
2026-04-18,05:05,LIGHT,64,
2026-04-18,05:06,LIGHT,64,
2026-04-18,05:07,LIGHT,64,
2026-04-18,05:08,LIGHT,63,
2026-04-18,05:09,LIGHT,63,
2026-04-18,05:10,LIGHT,64,
2026-04-18,05:11,LIGHT,64,
2026-04-18,05:12,LIGHT,64,
2026-04-18,05:13,LIGHT,71,
2026-04-18,05:14,LIGHT,60,
2026-04-18,05:15,LIGHT,65,
2026-04-18,05:16,LIGHT,63,
2026-04-18,05:17,LIGHT,59,
2026-04-18,05:18,LIGHT,58,
2026-04-18,05:19,LIGHT,63,
2026-04-18,05:20,LIGHT,55,
2026-04-18,05:21,LIGHT,56,
2026-04-18,05:22,LIGHT,58,
2026-04-18,05:23,LIGHT,60,
2026-04-18,05:24,LIGHT,59,
2026-04-18,05:25,DEEP,61,
2026-04-18,05:26,DEEP,61,
2026-04-18,05:27,DEEP,71,
2026-04-18,05:28,DEEP,62,
2026-04-18,05:29,LIGHT,60,
2026-04-18,05:30,LIGHT,63,
2026-04-18,05:31,LIGHT,64,
2026-04-18,05:32,LIGHT,68,
2026-04-18,05:33,WAKE,60,
2026-04-18,05:34,LIGHT,62,
2026-04-18,05:35,LIGHT,59,
2026-04-18,05:36,LIGHT,61,
2026-04-18,05:37,LIGHT,64,
2026-04-18,05:38,LIGHT,62,
2026-04-18,05:39,LIGHT,62,
2026-04-18,05:40,REM,59,
2026-04-18,05:41,REM,66,
2026-04-18,05:42,REM,69,
2026-04-18,05:43,REM,75,
2026-04-18,05:44,REM,70,
2026-04-18,05:45,REM,69,
2026-04-18,05:46,REM,67,
2026-04-18,05:47,REM,67,
2026-04-18,05:48,REM,67,
2026-04-18,05:49,REM,69,
2026-04-18,05:50,REM,69,
2026-04-18,05:51,REM,63,
2026-04-18,05:52,REM,60,
2026-04-18,05:53,REM,60,
2026-04-18,05:54,REM,63,
2026-04-18,05:55,REM,62,
2026-04-18,05:56,REM,62,
2026-04-18,05:57,REM,63,
2026-04-18,05:58,REM,69,
2026-04-18,05:59,REM,69,
2026-04-18,06:00,REM,62,
2026-04-18,06:01,REM,60,
2026-04-18,06:02,REM,65,
2026-04-18,06:03,REM,59,
2026-04-18,06:04,REM,58,
2026-04-18,06:05,REM,57,
2026-04-18,06:06,REM,59,
2026-04-18,06:07,REM,59,
2026-04-18,06:08,REM,60,
2026-04-18,06:09,REM,60,
2026-04-18,06:10,REM,60,
2026-04-18,06:11,REM,54,
2026-04-18,06:12,REM,54,
2026-04-18,06:13,REM,55,
2026-04-18,06:14,REM,56,
2026-04-18,06:15,REM,57,
2026-04-18,06:16,REM,57,
2026-04-18,06:17,REM,57,
2026-04-18,06:18,REM,58,
2026-04-18,06:19,REM,58,
2026-04-18,06:20,REM,58,
2026-04-18,06:21,REM,58,
2026-04-18,06:22,REM,59,
2026-04-18,06:23,LIGHT,58,
2026-04-18,06:24,LIGHT,58,
2026-04-18,06:25,LIGHT,57,
2026-04-18,06:26,LIGHT,58,
2026-04-18,06:27,LIGHT,64,
2026-04-18,06:28,LIGHT,59,
2026-04-18,06:29,LIGHT,59,
2026-04-18,06:30,LIGHT,60,
2026-04-18,06:31,LIGHT,60,
2026-04-18,06:32,LIGHT,60,
2026-04-18,06:33,LIGHT,60,
2026-04-18,06:34,LIGHT,60,
2026-04-18,06:35,LIGHT,60,
2026-04-18,06:36,LIGHT,60,
2026-04-18,06:37,WAKE,60,
2026-04-18,06:38,LIGHT,60,
2026-04-18,06:39,LIGHT,60,
2026-04-18,06:40,LIGHT,63,
2026-04-18,06:41,LIGHT,60,
2026-04-18,06:42,LIGHT,62,
2026-04-18,06:43,LIGHT,61,
2026-04-18,06:44,LIGHT,62,
2026-04-18,06:45,LIGHT,66,
2026-04-18,06:46,LIGHT,65,
2026-04-18,06:47,LIGHT,66,
2026-04-18,06:48,LIGHT,62,
2026-04-18,06:49,LIGHT,65,
2026-04-18,06:50,LIGHT,67,
2026-04-18,06:51,LIGHT,63,
2026-04-18,06:52,LIGHT,63,
2026-04-18,06:53,LIGHT,60,
2026-04-18,06:54,LIGHT,65,
2026-04-18,06:55,LIGHT,63,
2026-04-18,06:56,LIGHT,68,
2026-04-18,06:57,LIGHT,57,
2026-04-18,06:58,LIGHT,59,
2026-04-18,06:59,LIGHT,55,
2026-04-18,07:00,LIGHT,59,
2026-04-18,07:01,LIGHT,66,
2026-04-18,07:02,LIGHT,62,
2026-04-18,07:03,LIGHT,58,
2026-04-18,07:04,LIGHT,60,
2026-04-18,07:05,LIGHT,60,
2026-04-18,07:06,LIGHT,65,
2026-04-18,07:07,LIGHT,68,
2026-04-18,07:08,LIGHT,64,
2026-04-18,07:09,LIGHT,64,
2026-04-18,07:10,LIGHT,66,
2026-04-18,07:11,LIGHT,60,
2026-04-18,07:12,LIGHT,59,
2026-04-18,07:13,WAKE,61,
2026-04-18,07:14,WAKE,61,
2026-04-18,07:15,LIGHT,61,
2026-04-18,07:16,LIGHT,70,
2026-04-18,07:17,LIGHT,69,
2026-04-18,07:18,REM,74,
2026-04-18,07:19,REM,66,
2026-04-18,07:20,REM,66,
2026-04-18,07:21,REM,60,
2026-04-18,07:22,REM,57,
2026-04-18,07:23,REM,57,
2026-04-18,07:24,REM,61,
2026-04-18,07:25,REM,58,
2026-04-18,07:26,REM,55,
2026-04-18,07:27,REM,55,
2026-04-18,07:28,REM,55,
2026-04-18,07:29,REM,57,
2026-04-18,07:30,REM,64,
2026-04-18,07:31,REM,71,
2026-04-18,07:32,REM,63,
2026-04-18,07:33,REM,62,
2026-04-18,07:34,REM,60,
2026-04-18,07:35,REM,59,
2026-04-18,07:36,REM,56,
2026-04-18,07:37,REM,56,
2026-04-18,07:38,REM,56,
2026-04-18,07:39,REM,61,
2026-04-18,07:40,REM,62,
2026-04-18,07:41,REM,69,
2026-04-18,07:42,REM,63,
2026-04-18,07:43,REM,66,
2026-04-18,07:44,REM,67,
2026-04-18,07:45,REM,67,
2026-04-18,07:46,REM,72,
2026-04-18,07:47,REM,64,
2026-04-18,07:48,REM,62,
2026-04-18,07:49,REM,61,
2026-04-18,07:50,REM,61,
2026-04-18,07:51,REM,61,
2026-04-18,07:52,REM,67,
2026-04-18,07:53,REM,59,
2026-04-18,07:54,REM,58,
2026-04-18,07:55,REM,60,
2026-04-18,07:56,REM,58,
2026-04-18,07:57,REM,60,
2026-04-18,07:58,REM,59,
2026-04-18,07:59,REM,60,
2026-04-18,08:00,LIGHT,60,
2026-04-18,08:01,LIGHT,61,
2026-04-18,08:02,LIGHT,61,
2026-04-18,08:03,LIGHT,61,
2026-04-18,08:04,LIGHT,62,
2026-04-18,08:05,LIGHT,62,
2026-04-18,08:06,LIGHT,66,
2026-04-18,08:07,LIGHT,63,
2026-04-18,08:08,LIGHT,62,
2026-04-18,08:09,LIGHT,62,
2026-04-18,08:10,LIGHT,62,
2026-04-18,08:11,LIGHT,63,
2026-04-18,08:12,LIGHT,63,
2026-04-18,08:13,LIGHT,63,
2026-04-18,08:14,LIGHT,63,
2026-04-18,08:15,LIGHT,62,
2026-04-18,08:16,LIGHT,62,
2026-04-18,08:17,LIGHT,63,
2026-04-18,08:18,LIGHT,62,
2026-04-18,08:19,REM,64,
2026-04-18,08:20,REM,73,
2026-04-18,08:21,REM,66,
2026-04-18,08:22,REM,63,
2026-04-18,08:23,REM,64,
2026-04-18,08:24,REM,61,
2026-04-18,08:25,REM,55,
2026-04-18,08:26,REM,55,
2026-04-18,08:27,REM,64,
2026-04-18,08:28,REM,64,
2026-04-18,08:29,REM,63,
2026-04-18,08:30,LIGHT,63,
2026-04-18,08:31,LIGHT,60,
2026-04-18,08:32,LIGHT,62,
2026-04-18,08:33,LIGHT,66,
2026-04-18,08:34,LIGHT,71,
2026-04-18,08:35,LIGHT,84,
2026-04-18,08:36,LIGHT,91,
2026-04-18,08:37,LIGHT,82,
2026-04-18,08:38,LIGHT,78,
2026-04-18,08:39,LIGHT,78,
2026-04-18,08:40,LIGHT,85,
2026-04-18,08:41,LIGHT,91,
2026-04-18,08:42,WAKE,90,
2026-04-18,08:43,LIGHT,92,
2026-04-18,08:44,LIGHT,97,
2026-04-18,08:45,LIGHT,97,
2026-04-18,08:46,LIGHT,98,
2026-04-18,08:47,LIGHT,90,
2026-04-18,08:48,LIGHT,94,
2026-04-18,08:49,LIGHT,93,
2026-04-18,08:50,LIGHT,95,
2026-04-18,08:51,LIGHT,97,
2026-04-18,08:52,LIGHT,85,
2026-04-18,08:53,LIGHT,82,
2026-04-18,08:54,LIGHT,76,
2026-04-18,08:55,LIGHT,73,
2026-04-18,08:56,LIGHT,76,
2026-04-18,08:57,LIGHT,73,
2026-04-18,08:58,LIGHT,73,
2026-04-18,08:59,LIGHT,75,
2026-04-18,09:00,LIGHT,75,
2026-04-19,01:32,LIGHT,58,
2026-04-19,01:33,LIGHT,59,
2026-04-19,01:34,LIGHT,60,
2026-04-19,01:35,LIGHT,60,
2026-04-19,01:36,LIGHT,60,
2026-04-19,01:37,LIGHT,61,
2026-04-19,01:38,LIGHT,61,
2026-04-19,01:39,WAKE,62,
2026-04-19,01:40,LIGHT,62,
2026-04-19,01:41,LIGHT,62,
2026-04-19,01:42,LIGHT,62,
2026-04-19,01:43,LIGHT,63,
2026-04-19,01:44,LIGHT,63,
2026-04-19,01:45,LIGHT,66,
2026-04-19,01:46,LIGHT,62,
2026-04-19,01:47,LIGHT,62,
2026-04-19,01:48,LIGHT,66,
2026-04-19,01:49,LIGHT,60,
2026-04-19,01:50,DEEP,61,
2026-04-19,01:51,DEEP,63,
2026-04-19,01:52,DEEP,65,
2026-04-19,01:53,DEEP,62,
2026-04-19,01:54,LIGHT,62,
2026-04-19,01:55,LIGHT,62,
2026-04-19,01:56,LIGHT,64,
2026-04-19,01:57,LIGHT,64,
2026-04-19,01:58,LIGHT,64,
2026-04-19,01:59,LIGHT,64,
2026-04-19,02:00,LIGHT,64,
2026-04-19,02:01,LIGHT,65,
2026-04-19,02:02,LIGHT,65,
2026-04-19,02:03,LIGHT,65,
2026-04-19,02:04,LIGHT,66,
2026-04-19,02:05,LIGHT,66,
2026-04-19,02:06,LIGHT,66,
2026-04-19,02:07,DEEP,67,
2026-04-19,02:08,DEEP,67,
2026-04-19,02:09,DEEP,67,
2026-04-19,02:10,DEEP,67,
2026-04-19,02:11,DEEP,67,
2026-04-19,02:12,DEEP,68,
2026-04-19,02:13,DEEP,68,
2026-04-19,02:14,DEEP,78,
2026-04-19,02:15,DEEP,65,
2026-04-19,02:16,DEEP,62,
2026-04-19,02:17,DEEP,62,
2026-04-19,02:18,DEEP,62,
2026-04-19,02:19,DEEP,64,
2026-04-19,02:20,DEEP,66,
2026-04-19,02:21,DEEP,65,
2026-04-19,02:22,DEEP,64,
2026-04-19,02:23,DEEP,66,
2026-04-19,02:24,DEEP,68,
2026-04-19,02:25,DEEP,67,
2026-04-19,02:26,DEEP,66,
2026-04-19,02:27,DEEP,68,
2026-04-19,02:28,DEEP,65,
2026-04-19,02:29,DEEP,65,
2026-04-19,02:30,DEEP,66,
2026-04-19,02:31,DEEP,65,
2026-04-19,02:32,DEEP,65,
2026-04-19,02:33,DEEP,67,
2026-04-19,02:34,DEEP,67,
2026-04-19,02:35,DEEP,67,
2026-04-19,02:36,DEEP,66,
2026-04-19,02:37,LIGHT,66,
2026-04-19,02:38,LIGHT,66,
2026-04-19,02:39,LIGHT,66,
2026-04-19,02:40,LIGHT,67,
2026-04-19,02:41,LIGHT,67,
2026-04-19,02:42,REM,67,
2026-04-19,02:43,REM,70,
2026-04-19,02:44,REM,75,
2026-04-19,02:45,REM,69,
2026-04-19,02:46,REM,64,
2026-04-19,02:47,REM,64,
2026-04-19,02:48,REM,64,
2026-04-19,02:49,REM,66,
2026-04-19,02:50,REM,66,
2026-04-19,02:51,REM,66,
2026-04-19,02:52,REM,66,
2026-04-19,02:53,REM,72,
2026-04-19,02:54,REM,64,
2026-04-19,02:55,REM,63,
2026-04-19,02:56,REM,63,
2026-04-19,02:57,REM,63,
2026-04-19,02:58,REM,63,
2026-04-19,02:59,REM,63,
2026-04-19,03:00,REM,63,
2026-04-19,03:01,LIGHT,63,
2026-04-19,03:02,LIGHT,63,
2026-04-19,03:03,LIGHT,63,
2026-04-19,03:04,LIGHT,63,
2026-04-19,03:05,LIGHT,64,
2026-04-19,03:06,LIGHT,64,
2026-04-19,03:07,LIGHT,69,
2026-04-19,03:08,LIGHT,61,
2026-04-19,03:09,WAKE,61,
2026-04-19,03:10,LIGHT,62,
2026-04-19,03:11,LIGHT,63,
2026-04-19,03:12,LIGHT,63,
2026-04-19,03:13,LIGHT,63,
2026-04-19,03:14,LIGHT,63,
2026-04-19,03:15,LIGHT,63,
2026-04-19,03:16,LIGHT,63,
2026-04-19,03:17,LIGHT,63,
2026-04-19,03:18,LIGHT,63,
2026-04-19,03:19,LIGHT,63,
2026-04-19,03:20,LIGHT,63,
2026-04-19,03:21,LIGHT,64,
2026-04-19,03:22,LIGHT,64,
2026-04-19,03:23,LIGHT,64,
2026-04-19,03:24,LIGHT,64,
2026-04-19,03:25,LIGHT,64,
2026-04-19,03:26,LIGHT,64,
2026-04-19,03:27,LIGHT,64,
2026-04-19,03:28,LIGHT,64,
2026-04-19,03:29,LIGHT,64,
2026-04-19,03:30,LIGHT,64,
2026-04-19,03:31,LIGHT,63,
2026-04-19,03:32,DEEP,63,
2026-04-19,03:33,DEEP,63,
2026-04-19,03:34,DEEP,63,
2026-04-19,03:35,DEEP,63,
2026-04-19,03:36,DEEP,63,
2026-04-19,03:37,LIGHT,63,
2026-04-19,03:38,LIGHT,63,
2026-04-19,03:39,LIGHT,63,
2026-04-19,03:40,LIGHT,63,
2026-04-19,03:41,LIGHT,63,
2026-04-19,03:42,LIGHT,63,
2026-04-19,03:43,LIGHT,63,
2026-04-19,03:44,DEEP,63,
2026-04-19,03:45,DEEP,63,
2026-04-19,03:46,DEEP,63,
2026-04-19,03:47,DEEP,64,
2026-04-19,03:48,DEEP,66,
2026-04-19,03:49,DEEP,73,
2026-04-19,03:50,DEEP,73,
2026-04-19,03:51,DEEP,67,
2026-04-19,03:52,DEEP,67,
2026-04-19,03:53,DEEP,61,
2026-04-19,03:54,DEEP,60,
2026-04-19,03:55,LIGHT,60,
2026-04-19,03:56,LIGHT,60,
2026-04-19,03:57,LIGHT,60,
2026-04-19,03:58,LIGHT,60,
2026-04-19,03:59,LIGHT,60,
2026-04-19,04:00,LIGHT,60,
2026-04-19,04:01,LIGHT,60,
2026-04-19,04:02,REM,68,
2026-04-19,04:03,REM,68,
2026-04-19,04:04,REM,59,
2026-04-19,04:05,REM,61,
2026-04-19,04:06,REM,61,
2026-04-19,04:07,REM,65,
2026-04-19,04:08,REM,67,
2026-04-19,04:09,REM,62,
2026-04-19,04:10,REM,62,
2026-04-19,04:11,REM,64,
2026-04-19,04:12,REM,66,
2026-04-19,04:13,REM,68,
2026-04-19,04:14,REM,66,
2026-04-19,04:15,REM,71,
2026-04-19,04:16,REM,73,
2026-04-19,04:17,REM,69,
2026-04-19,04:18,REM,63,
2026-04-19,04:19,REM,70,
2026-04-19,04:20,REM,68,
2026-04-19,04:21,LIGHT,63,
2026-04-19,04:22,LIGHT,65,
2026-04-19,04:23,LIGHT,70,
2026-04-19,04:24,LIGHT,69,
2026-04-19,04:25,LIGHT,69,
2026-04-19,04:26,LIGHT,67,
2026-04-19,04:27,LIGHT,70,
2026-04-19,04:28,LIGHT,60,
2026-04-19,04:29,LIGHT,58,
2026-04-19,04:30,LIGHT,61,
2026-04-19,04:31,LIGHT,61,
2026-04-19,04:32,LIGHT,66,
2026-04-19,04:33,LIGHT,68,
2026-04-19,04:34,LIGHT,62,
2026-04-19,04:35,LIGHT,62,
2026-04-19,04:36,LIGHT,59,
2026-04-19,04:37,LIGHT,66,
2026-04-19,04:38,LIGHT,62,
2026-04-19,04:39,LIGHT,62,
2026-04-19,04:40,LIGHT,64,
2026-04-19,04:41,LIGHT,61,
2026-04-19,04:42,LIGHT,61,
2026-04-19,04:43,LIGHT,63,
2026-04-19,04:44,LIGHT,71,
2026-04-19,04:45,LIGHT,70,
2026-04-19,04:46,LIGHT,65,
2026-04-19,04:47,LIGHT,72,
2026-04-19,04:48,LIGHT,61,
2026-04-19,04:49,LIGHT,62,
2026-04-19,04:50,LIGHT,67,
2026-04-19,04:51,LIGHT,63,
2026-04-19,04:52,DEEP,61,
2026-04-19,04:53,DEEP,63,
2026-04-19,04:54,DEEP,60,
2026-04-19,04:55,DEEP,62,
2026-04-19,04:56,DEEP,62,
2026-04-19,04:57,DEEP,63,
2026-04-19,04:58,DEEP,64,
2026-04-19,04:59,DEEP,64,
2026-04-19,05:00,DEEP,64,
2026-04-19,05:01,DEEP,65,
2026-04-19,05:02,DEEP,65,
2026-04-19,05:03,DEEP,66,
2026-04-19,05:04,DEEP,66,
2026-04-19,05:05,DEEP,71,
2026-04-19,05:06,DEEP,65,
2026-04-19,05:07,DEEP,62,
2026-04-19,05:08,DEEP,64,
2026-04-19,05:09,DEEP,64,
2026-04-19,05:10,DEEP,65,
2026-04-19,05:11,DEEP,65,
2026-04-19,05:12,DEEP,65,
2026-04-19,05:13,DEEP,65,
2026-04-19,05:14,LIGHT,65,
2026-04-19,05:15,LIGHT,65,
2026-04-19,05:16,LIGHT,65,
2026-04-19,05:17,LIGHT,64,
2026-04-19,05:18,LIGHT,64,
2026-04-19,05:19,LIGHT,65,
2026-04-19,05:20,LIGHT,65,
2026-04-19,05:21,LIGHT,66,
2026-04-19,05:22,LIGHT,66,
2026-04-19,05:23,LIGHT,66,
2026-04-19,05:24,LIGHT,66,
2026-04-19,05:25,LIGHT,70,
2026-04-19,05:26,LIGHT,72,
2026-04-19,05:27,LIGHT,60,
2026-04-19,05:28,LIGHT,59,
2026-04-19,05:29,LIGHT,60,
2026-04-19,05:30,LIGHT,61,
2026-04-19,05:31,LIGHT,61,
2026-04-19,05:32,LIGHT,63,
2026-04-19,05:33,LIGHT,57,
2026-04-19,05:34,LIGHT,57,
2026-04-19,05:35,LIGHT,63,
2026-04-19,05:36,LIGHT,56,
2026-04-19,05:37,REM,61,
2026-04-19,05:38,REM,59,
2026-04-19,05:39,REM,59,
2026-04-19,05:40,REM,61,
2026-04-19,05:41,REM,65,
2026-04-19,05:42,REM,62,
2026-04-19,05:43,REM,60,
2026-04-19,05:44,REM,60,
2026-04-19,05:45,REM,60,
2026-04-19,05:46,REM,60,
2026-04-19,05:47,REM,70,
2026-04-19,05:48,REM,56,
2026-04-19,05:49,REM,53,
2026-04-19,05:50,REM,53,
2026-04-19,05:51,REM,58,
2026-04-19,05:52,REM,58,
2026-04-19,05:53,REM,56,
2026-04-19,05:54,REM,55,
2026-04-19,05:55,REM,55,
2026-04-19,05:56,REM,56,
2026-04-19,05:57,REM,61,
2026-04-19,05:58,REM,59,
2026-04-19,05:59,REM,54,
2026-04-19,06:00,LIGHT,54,
2026-04-19,06:01,LIGHT,54,
2026-04-19,06:02,LIGHT,54,
2026-04-19,06:03,LIGHT,54,
2026-04-19,06:04,LIGHT,54,
2026-04-19,06:05,LIGHT,56,
2026-04-19,06:06,LIGHT,56,
2026-04-19,06:07,LIGHT,56,
2026-04-19,06:08,LIGHT,55,
2026-04-19,06:09,LIGHT,54,
2026-04-19,06:10,LIGHT,54,
2026-04-19,06:11,LIGHT,54,
2026-04-19,06:12,LIGHT,54,
2026-04-19,06:13,LIGHT,56,
2026-04-19,06:14,LIGHT,57,
2026-04-19,06:15,LIGHT,55,
2026-04-19,06:16,LIGHT,55,
2026-04-19,06:17,LIGHT,55,
2026-04-19,06:18,LIGHT,61,
2026-04-19,06:19,LIGHT,69,
2026-04-19,06:20,LIGHT,58,
2026-04-19,06:21,LIGHT,58,
2026-04-19,06:22,LIGHT,61,
2026-04-19,06:23,LIGHT,63,
2026-04-19,06:24,LIGHT,57,
2026-04-19,06:25,LIGHT,57,
2026-04-19,06:26,LIGHT,63,
2026-04-19,06:27,LIGHT,58,
2026-04-19,06:28,LIGHT,63,
2026-04-19,06:29,LIGHT,67,
2026-04-19,06:30,LIGHT,61,
2026-04-19,06:31,LIGHT,58,
2026-04-19,06:32,LIGHT,62,
2026-04-19,06:33,LIGHT,56,
2026-04-19,06:34,LIGHT,55,
2026-04-19,06:35,LIGHT,62,
2026-04-19,06:36,LIGHT,65,
2026-04-19,06:37,LIGHT,63,
2026-04-19,06:38,LIGHT,61,
2026-04-19,06:39,LIGHT,68,
2026-04-19,06:40,LIGHT,65,
2026-04-19,06:41,LIGHT,60,
2026-04-19,06:42,LIGHT,54,
2026-04-19,06:43,LIGHT,59,
2026-04-19,06:44,LIGHT,58,
2026-04-19,06:45,LIGHT,63,
2026-04-19,06:46,LIGHT,58,
2026-04-19,06:47,LIGHT,57,
2026-04-19,06:48,LIGHT,56,
2026-04-19,06:49,REM,60,
2026-04-19,06:50,REM,60,
2026-04-19,06:51,REM,53,
2026-04-19,06:52,REM,52,
2026-04-19,06:53,REM,62,
2026-04-19,06:54,REM,59,
2026-04-19,06:55,REM,58,
2026-04-19,06:56,REM,58,
2026-04-19,06:57,REM,64,
2026-04-19,06:58,REM,58,
2026-04-19,06:59,REM,57,
2026-04-19,07:00,REM,57,
2026-04-19,07:01,REM,59,
2026-04-19,07:02,REM,59,
2026-04-19,07:03,REM,57,
2026-04-19,07:04,REM,57,
2026-04-19,07:05,REM,59,
2026-04-19,07:06,REM,60,
2026-04-19,07:07,REM,60,
2026-04-19,07:08,REM,60,
2026-04-19,07:09,REM,61,
2026-04-19,07:10,REM,61,
2026-04-19,07:11,REM,61,
2026-04-19,07:12,REM,62,
2026-04-19,07:13,REM,62,
2026-04-19,07:14,REM,62,
2026-04-19,07:15,REM,62,
2026-04-19,07:16,REM,63,
2026-04-19,07:17,REM,64,
2026-04-19,07:18,REM,61,
2026-04-19,07:19,REM,62,
2026-04-19,07:20,REM,59,
2026-04-19,07:21,REM,61,
2026-04-19,07:22,REM,61,
2026-04-19,07:23,REM,62,
2026-04-19,07:24,REM,63,
2026-04-19,07:25,REM,63,
2026-04-19,07:26,REM,60,
2026-04-19,07:27,REM,69,
2026-04-19,07:28,REM,59,
2026-04-19,07:29,REM,56,
2026-04-19,07:30,REM,55,
2026-04-19,07:31,REM,63,
2026-04-19,07:32,REM,57,
2026-04-19,07:33,REM,55,
2026-04-19,07:34,LIGHT,55,
2026-04-19,07:35,LIGHT,55,
2026-04-19,07:36,LIGHT,54,
2026-04-19,07:37,LIGHT,59,
2026-04-19,07:38,LIGHT,57,
2026-04-19,07:39,LIGHT,56,
2026-04-19,07:40,LIGHT,56,
2026-04-19,07:41,LIGHT,63,
2026-04-19,07:42,LIGHT,60,
2026-04-19,07:43,LIGHT,61,
2026-04-19,07:44,LIGHT,59,
2026-04-19,07:45,LIGHT,68,
2026-04-19,07:46,LIGHT,60,
2026-04-19,07:47,LIGHT,58,
2026-04-19,07:48,LIGHT,58,
2026-04-19,07:49,LIGHT,68,
2026-04-19,07:50,LIGHT,60,
2026-04-19,07:51,LIGHT,57,
2026-04-19,07:52,LIGHT,55,
2026-04-19,07:53,LIGHT,56,
2026-04-19,07:54,LIGHT,66,
2026-04-19,07:55,LIGHT,62,
2026-04-19,07:56,LIGHT,59,
2026-04-19,07:57,LIGHT,59,
2026-04-19,07:58,LIGHT,69,
2026-04-19,07:59,LIGHT,72,
2026-04-19,08:00,LIGHT,84,
2026-04-19,08:01,LIGHT,89,
2026-04-19,08:02,LIGHT,77,
2026-04-19,08:03,LIGHT,75,
2026-04-19,08:04,LIGHT,81,
2026-04-19,08:05,LIGHT,88,
2026-04-19,08:06,LIGHT,90,
2026-04-19,08:07,LIGHT,92,
2026-04-19,08:08,LIGHT,85,
2026-04-19,08:09,LIGHT,82,
2026-04-19,08:10,LIGHT,82,
2026-04-19,08:11,LIGHT,84,
2026-04-19,08:12,LIGHT,82,
2026-04-19,08:13,LIGHT,88,
2026-04-19,08:14,LIGHT,91,
2026-04-19,08:15,LIGHT,91,
2026-04-19,08:16,LIGHT,88,
2026-04-19,08:17,LIGHT,86,
2026-04-19,08:18,LIGHT,86,
2026-04-19,08:19,LIGHT,85,
2026-04-19,08:20,LIGHT,81,
2026-04-19,08:21,LIGHT,82,
2026-04-19,08:22,LIGHT,86,
2026-04-19,08:23,LIGHT,83,
2026-04-19,08:24,LIGHT,82,
2026-04-19,08:25,LIGHT,80,
2026-04-19,08:26,LIGHT,80,
2026-04-19,08:27,LIGHT,79,
2026-04-19,08:28,LIGHT,84,
2026-04-19,08:29,LIGHT,,
2026-04-19,08:30,LIGHT,,
2026-04-19,08:31,LIGHT,,
2026-04-19,08:32,LIGHT,,
2026-04-19,08:33,LIGHT,,
2026-04-19,08:34,LIGHT,,
2026-04-20,01:22,LIGHT,75,
2026-04-20,01:23,LIGHT,65,
2026-04-20,01:24,LIGHT,65,
2026-04-20,01:25,LIGHT,65,
2026-04-20,01:26,LIGHT,67,
2026-04-20,01:27,LIGHT,70,
2026-04-20,01:28,LIGHT,67,
2026-04-20,01:29,LIGHT,67,
2026-04-20,01:30,LIGHT,67,
2026-04-20,01:31,DEEP,69,
2026-04-20,01:32,DEEP,72,
2026-04-20,01:33,DEEP,66,
2026-04-20,01:34,DEEP,64,
2026-04-20,01:35,DEEP,64,
2026-04-20,01:36,DEEP,71,
2026-04-20,01:37,DEEP,67,
2026-04-20,01:38,DEEP,67,
2026-04-20,01:39,DEEP,66,
2026-04-20,01:40,DEEP,65,
2026-04-20,01:41,DEEP,65,
2026-04-20,01:42,DEEP,65,
2026-04-20,01:43,DEEP,65,
2026-04-20,01:44,DEEP,65,
2026-04-20,01:45,DEEP,65,
2026-04-20,01:46,DEEP,64,
2026-04-20,01:47,DEEP,64,
2026-04-20,01:48,LIGHT,64,
2026-04-20,01:49,LIGHT,64,
2026-04-20,01:50,LIGHT,64,
2026-04-20,01:51,LIGHT,64,
2026-04-20,01:52,LIGHT,64,
2026-04-20,01:53,LIGHT,64,
2026-04-20,01:54,DEEP,64,
2026-04-20,01:55,DEEP,64,
2026-04-20,01:56,DEEP,63,
2026-04-20,01:57,DEEP,63,
2026-04-20,01:58,DEEP,63,
2026-04-20,01:59,DEEP,63,
2026-04-20,02:00,DEEP,63,
2026-04-20,02:01,DEEP,63,
2026-04-20,02:02,DEEP,64,
2026-04-20,02:03,DEEP,64,
2026-04-20,02:04,DEEP,69,
2026-04-20,02:05,DEEP,63,
2026-04-20,02:06,DEEP,68,
2026-04-20,02:07,DEEP,58,
2026-04-20,02:08,DEEP,57,
2026-04-20,02:09,DEEP,57,
2026-04-20,02:10,DEEP,57,
2026-04-20,02:11,DEEP,57,
2026-04-20,02:12,DEEP,58,
2026-04-20,02:13,DEEP,58,
2026-04-20,02:14,DEEP,58,
2026-04-20,02:15,LIGHT,59,
2026-04-20,02:16,LIGHT,59,
2026-04-20,02:17,LIGHT,59,
2026-04-20,02:18,LIGHT,60,
2026-04-20,02:19,LIGHT,60,
2026-04-20,02:20,LIGHT,60,
2026-04-20,02:21,REM,61,
2026-04-20,02:22,REM,61,
2026-04-20,02:23,REM,62,
2026-04-20,02:24,REM,62,
2026-04-20,02:25,REM,62,
2026-04-20,02:26,REM,62,
2026-04-20,02:27,REM,61,
2026-04-20,02:28,REM,60,
2026-04-20,02:29,REM,60,
2026-04-20,02:30,REM,64,
2026-04-20,02:31,REM,64,
2026-04-20,02:32,REM,66,
2026-04-20,02:33,REM,69,
2026-04-20,02:34,REM,72,
2026-04-20,02:35,REM,77,
2026-04-20,02:36,REM,75,
2026-04-20,02:37,REM,63,
2026-04-20,02:38,REM,60,
2026-04-20,02:39,REM,61,
2026-04-20,02:40,REM,66,
2026-04-20,02:41,REM,71,
2026-04-20,02:42,LIGHT,71,
2026-04-20,02:43,LIGHT,70,
2026-04-20,02:44,LIGHT,62,
2026-04-20,02:45,WAKE,62,
2026-04-20,02:46,LIGHT,64,
2026-04-20,02:47,LIGHT,64,
2026-04-20,02:48,LIGHT,67,
2026-04-20,02:49,LIGHT,70,
2026-04-20,02:50,LIGHT,66,
2026-04-20,02:51,LIGHT,70,
2026-04-20,02:52,LIGHT,74,
2026-04-20,02:53,LIGHT,74,
2026-04-20,02:54,LIGHT,72,
2026-04-20,02:55,LIGHT,66,
2026-04-20,02:56,LIGHT,66,
2026-04-20,02:57,LIGHT,63,
2026-04-20,02:58,LIGHT,63,
2026-04-20,02:59,LIGHT,68,
2026-04-20,03:00,LIGHT,58,
2026-04-20,03:01,LIGHT,56,
2026-04-20,03:02,LIGHT,56,
2026-04-20,03:03,LIGHT,58,
2026-04-20,03:04,LIGHT,66,
2026-04-20,03:05,LIGHT,60,
2026-04-20,03:06,DEEP,58,
2026-04-20,03:07,DEEP,59,
2026-04-20,03:08,DEEP,57,
2026-04-20,03:09,LIGHT,57,
2026-04-20,03:10,LIGHT,57,
2026-04-20,03:11,LIGHT,62,
2026-04-20,03:12,LIGHT,58,
2026-04-20,03:13,LIGHT,59,
2026-04-20,03:14,DEEP,65,
2026-04-20,03:15,DEEP,59,
2026-04-20,03:16,DEEP,57,
2026-04-20,03:17,DEEP,59,
2026-04-20,03:18,DEEP,61,
2026-04-20,03:19,DEEP,56,
2026-04-20,03:20,DEEP,55,
2026-04-20,03:21,DEEP,55,
2026-04-20,03:22,DEEP,55,
2026-04-20,03:23,DEEP,56,
2026-04-20,03:24,DEEP,56,
2026-04-20,03:25,DEEP,56,
2026-04-20,03:26,DEEP,56,
2026-04-20,03:27,DEEP,56,
2026-04-20,03:28,DEEP,56,
2026-04-20,03:29,DEEP,61,
2026-04-20,03:30,DEEP,61,
2026-04-20,03:31,DEEP,61,
2026-04-20,03:32,DEEP,55,
2026-04-20,03:33,DEEP,55,
2026-04-20,03:34,DEEP,55,
2026-04-20,03:35,DEEP,55,
2026-04-20,03:36,DEEP,56,
2026-04-20,03:37,DEEP,60,
2026-04-20,03:38,DEEP,54,
2026-04-20,03:39,DEEP,53,
2026-04-20,03:40,DEEP,53,
2026-04-20,03:41,DEEP,53,
2026-04-20,03:42,DEEP,53,
2026-04-20,03:43,DEEP,53,
2026-04-20,03:44,DEEP,53,
2026-04-20,03:45,DEEP,53,
2026-04-20,03:46,DEEP,53,
2026-04-20,03:47,DEEP,53,
2026-04-20,03:48,DEEP,53,
2026-04-20,03:49,DEEP,54,
2026-04-20,03:50,LIGHT,54,
2026-04-20,03:51,LIGHT,54,
2026-04-20,03:52,LIGHT,54,
2026-04-20,03:53,LIGHT,54,
2026-04-20,03:54,LIGHT,55,
2026-04-20,03:55,LIGHT,55,
2026-04-20,03:56,LIGHT,54,
2026-04-20,03:57,LIGHT,54,
2026-04-20,03:58,LIGHT,54,
2026-04-20,03:59,LIGHT,54,
2026-04-20,04:00,LIGHT,54,
2026-04-20,04:01,LIGHT,54,
2026-04-20,04:02,LIGHT,55,
2026-04-20,04:03,LIGHT,55,
2026-04-20,04:04,LIGHT,55,
2026-04-20,04:05,LIGHT,55,
2026-04-20,04:06,LIGHT,62,
2026-04-20,04:07,LIGHT,62,
2026-04-20,04:08,LIGHT,66,
2026-04-20,04:09,REM,63,
2026-04-20,04:10,REM,60,
2026-04-20,04:11,REM,54,
2026-04-20,04:12,REM,53,
2026-04-20,04:13,REM,54,
2026-04-20,04:14,REM,54,
2026-04-20,04:15,REM,55,
2026-04-20,04:16,REM,55,
2026-04-20,04:17,REM,55,
2026-04-20,04:18,REM,55,
2026-04-20,04:19,REM,55,
2026-04-20,04:20,REM,56,
2026-04-20,04:21,REM,56,
2026-04-20,04:22,REM,59,
2026-04-20,04:23,REM,55,
2026-04-20,04:24,REM,53,
2026-04-20,04:25,REM,54,
2026-04-20,04:26,REM,54,
2026-04-20,04:27,REM,54,
2026-04-20,04:28,REM,55,
2026-04-20,04:29,REM,55,
2026-04-20,04:30,REM,55,
2026-04-20,04:31,REM,57,
2026-04-20,04:32,REM,56,
2026-04-20,04:33,REM,54,
2026-04-20,04:34,REM,55,
2026-04-20,04:35,REM,57,
2026-04-20,04:36,REM,67,
2026-04-20,04:37,REM,61,
2026-04-20,04:38,REM,55,
2026-04-20,04:39,REM,56,
2026-04-20,04:40,REM,63,
2026-04-20,04:41,REM,60,
2026-04-20,04:42,REM,62,
2026-04-20,04:43,REM,57,
2026-04-20,04:44,REM,55,
2026-04-20,04:45,REM,55,
2026-04-20,04:46,REM,60,
2026-04-20,04:47,REM,57,
2026-04-20,04:48,REM,53,
2026-04-20,04:49,REM,67,
2026-04-20,04:50,LIGHT,58,
2026-04-20,04:51,LIGHT,57,
2026-04-20,04:52,LIGHT,55,
2026-04-20,04:53,LIGHT,61,
2026-04-20,04:54,LIGHT,53,
2026-04-20,04:55,LIGHT,52,
2026-04-20,04:56,LIGHT,58,
2026-04-20,04:57,LIGHT,55,
2026-04-20,04:58,LIGHT,60,
2026-04-20,04:59,LIGHT,68,
2026-04-20,05:00,LIGHT,58,
2026-04-20,05:01,LIGHT,57,
2026-04-20,05:02,LIGHT,59,
2026-04-20,05:03,LIGHT,56,
2026-04-20,05:04,LIGHT,56,
2026-04-20,05:05,LIGHT,55,
2026-04-20,05:06,LIGHT,53,
2026-04-20,05:07,LIGHT,58,
2026-04-20,05:08,LIGHT,58,
2026-04-20,05:09,LIGHT,53,
2026-04-20,05:10,LIGHT,53,
2026-04-20,05:11,LIGHT,53,
2026-04-20,05:12,LIGHT,53,
2026-04-20,05:13,LIGHT,53,
2026-04-20,05:14,LIGHT,60,
2026-04-20,05:15,LIGHT,61,
2026-04-20,05:16,LIGHT,57,
2026-04-20,05:17,LIGHT,54,
2026-04-20,05:18,LIGHT,53,
2026-04-20,05:19,LIGHT,53,
2026-04-20,05:20,LIGHT,53,
2026-04-20,05:21,LIGHT,52,
2026-04-20,05:22,LIGHT,56,
2026-04-20,05:23,LIGHT,56,
2026-04-20,05:24,LIGHT,53,
2026-04-20,05:25,LIGHT,53,
2026-04-20,05:26,LIGHT,53,
2026-04-20,05:27,LIGHT,53,
2026-04-20,05:28,LIGHT,53,
2026-04-20,05:29,LIGHT,53,
2026-04-20,05:30,LIGHT,53,
2026-04-20,05:31,LIGHT,55,
2026-04-20,05:32,LIGHT,55,
2026-04-20,05:33,LIGHT,54,
2026-04-20,05:34,LIGHT,54,
2026-04-20,05:35,LIGHT,54,
2026-04-20,05:36,LIGHT,54,
2026-04-20,05:37,LIGHT,54,
2026-04-20,05:38,LIGHT,55,
2026-04-20,05:39,LIGHT,55,
2026-04-20,05:40,LIGHT,55,
2026-04-20,05:41,LIGHT,54,
2026-04-20,05:42,LIGHT,55,
2026-04-20,05:43,LIGHT,55,
2026-04-20,05:44,LIGHT,55,
2026-04-20,05:45,LIGHT,56,
2026-04-20,05:46,LIGHT,55,
2026-04-20,05:47,LIGHT,56,
2026-04-20,05:48,LIGHT,56,
2026-04-20,05:49,LIGHT,56,
2026-04-20,05:50,LIGHT,56,
2026-04-20,05:51,LIGHT,56,
2026-04-20,05:52,LIGHT,56,
2026-04-20,05:53,LIGHT,57,
2026-04-20,05:54,LIGHT,55,
2026-04-20,05:55,LIGHT,55,
2026-04-20,05:56,LIGHT,56,
2026-04-20,05:57,LIGHT,56,
2026-04-20,05:58,LIGHT,56,
2026-04-20,05:59,LIGHT,56,
2026-04-20,06:00,LIGHT,56,
2026-04-20,06:01,LIGHT,64,
2026-04-20,06:02,LIGHT,58,
2026-04-20,06:03,LIGHT,61,
2026-04-20,06:04,LIGHT,55,
2026-04-20,06:05,LIGHT,54,
2026-04-20,06:06,LIGHT,54,
2026-04-20,06:07,LIGHT,54,
2026-04-20,06:08,LIGHT,56,
2026-04-20,06:09,LIGHT,65,
2026-04-20,06:10,LIGHT,56,
2026-04-20,06:11,LIGHT,57,
2026-04-20,06:12,LIGHT,52,
2026-04-20,06:13,LIGHT,53,
2026-04-20,06:14,DEEP,57,
2026-04-20,06:15,DEEP,67,
2026-04-20,06:16,DEEP,65,
2026-04-20,06:17,LIGHT,57,
2026-04-20,06:18,LIGHT,54,
2026-04-20,06:19,LIGHT,58,
2026-04-20,06:20,WAKE,55,
2026-04-20,06:21,LIGHT,58,
2026-04-20,06:22,LIGHT,59,
2026-04-20,06:23,LIGHT,59,
2026-04-20,06:24,REM,58,
2026-04-20,06:25,REM,55,
2026-04-20,06:26,REM,54,
2026-04-20,06:27,REM,63,
2026-04-20,06:28,REM,59,
2026-04-20,06:29,REM,58,
2026-04-20,06:30,REM,58,
2026-04-20,06:31,REM,55,
2026-04-20,06:32,REM,62,
2026-04-20,06:33,REM,53,
2026-04-20,06:34,REM,60,
2026-04-20,06:35,REM,56,
2026-04-20,06:36,REM,61,
2026-04-20,06:37,REM,56,
2026-04-20,06:38,REM,61,
2026-04-20,06:39,REM,66,
2026-04-20,06:40,REM,65,
2026-04-20,06:41,REM,67,
2026-04-20,06:42,REM,70,
2026-04-20,06:43,REM,64,
2026-04-20,06:44,REM,71,
2026-04-20,06:45,REM,63,
2026-04-20,06:46,REM,59,
2026-04-20,06:47,REM,64,
2026-04-20,06:48,REM,66,
2026-04-20,06:49,REM,61,
2026-04-20,06:50,REM,64,
2026-04-20,06:51,REM,58,
2026-04-20,06:52,REM,56,
2026-04-20,06:53,REM,56,
2026-04-20,06:54,LIGHT,56,
2026-04-20,06:55,LIGHT,60,
2026-04-20,06:56,LIGHT,58,
2026-04-20,06:57,LIGHT,56,
2026-04-20,06:58,LIGHT,54,
2026-04-20,06:59,LIGHT,55,
2026-04-20,07:00,LIGHT,55,
2026-04-20,07:01,LIGHT,57,
2026-04-20,07:02,LIGHT,55,
2026-04-20,07:03,LIGHT,56,
2026-04-20,07:04,LIGHT,55,
2026-04-20,07:05,LIGHT,55,
2026-04-20,07:06,LIGHT,56,
2026-04-20,07:07,LIGHT,56,
2026-04-20,07:08,LIGHT,56,
2026-04-20,07:09,LIGHT,58,
2026-04-20,07:10,LIGHT,55,
2026-04-20,07:11,LIGHT,55,
2026-04-20,07:12,LIGHT,56,
2026-04-20,07:13,LIGHT,56,
2026-04-20,07:14,LIGHT,56,
2026-04-20,07:15,LIGHT,56,
2026-04-20,07:16,LIGHT,57,
2026-04-20,07:17,LIGHT,57,
2026-04-20,07:18,LIGHT,55,
2026-04-20,07:19,LIGHT,54,
2026-04-20,07:20,LIGHT,54,
2026-04-20,07:21,LIGHT,54,
2026-04-20,07:22,LIGHT,55,
2026-04-20,07:23,LIGHT,54,
2026-04-20,07:24,LIGHT,58,
2026-04-20,07:25,LIGHT,60,
2026-04-20,07:26,LIGHT,57,
2026-04-20,07:27,LIGHT,54,
2026-04-20,07:28,LIGHT,51,
2026-04-20,07:29,LIGHT,51,
2026-04-20,07:30,LIGHT,51,
2026-04-20,07:31,LIGHT,61,
2026-04-20,07:32,LIGHT,62,
2026-04-20,07:33,LIGHT,54,
2026-04-20,07:34,LIGHT,59,
2026-04-20,07:35,LIGHT,58,
2026-04-20,07:36,LIGHT,58,
2026-04-20,07:37,LIGHT,57,
2026-04-20,07:38,LIGHT,61,
2026-04-20,07:39,LIGHT,63,
2026-04-20,07:40,LIGHT,63,
2026-04-20,07:41,LIGHT,55,
2026-04-20,07:42,LIGHT,52,
2026-04-20,07:43,LIGHT,62,
2026-04-20,07:44,REM,58,
2026-04-20,07:45,REM,57,
2026-04-20,07:46,REM,59,
2026-04-20,07:47,REM,59,
2026-04-20,07:48,REM,53,
2026-04-20,07:49,REM,53,
2026-04-20,07:50,REM,65,
2026-04-20,07:51,REM,62,
2026-04-20,07:52,REM,58,
2026-04-20,07:53,REM,53,
2026-04-20,07:54,LIGHT,56,
2026-04-20,07:55,LIGHT,56,
2026-04-20,07:56,LIGHT,62,
2026-04-20,07:57,LIGHT,56,
2026-04-20,07:58,LIGHT,55,
2026-04-21,00:22,LIGHT,63,
2026-04-21,00:23,LIGHT,62,
2026-04-21,00:24,LIGHT,62,
2026-04-21,00:25,LIGHT,62,
2026-04-21,00:26,LIGHT,62,
2026-04-21,00:27,LIGHT,62,
2026-04-21,00:28,LIGHT,62,
2026-04-21,00:29,LIGHT,62,
2026-04-21,00:30,LIGHT,62,
2026-04-21,00:31,LIGHT,62,
2026-04-21,00:32,LIGHT,63,
2026-04-21,00:33,LIGHT,63,
2026-04-21,00:34,LIGHT,63,
2026-04-21,00:35,LIGHT,63,
2026-04-21,00:36,LIGHT,64,
2026-04-21,00:37,LIGHT,64,
2026-04-21,00:38,LIGHT,64,
2026-04-21,00:39,DEEP,64,
2026-04-21,00:40,DEEP,64,
2026-04-21,00:41,DEEP,64,
2026-04-21,00:42,DEEP,65,
2026-04-21,00:43,DEEP,65,
2026-04-21,00:44,DEEP,65,
2026-04-21,00:45,DEEP,65,
2026-04-21,00:46,DEEP,65,
2026-04-21,00:47,DEEP,65,
2026-04-21,00:48,DEEP,65,
2026-04-21,00:49,DEEP,65,
2026-04-21,00:50,DEEP,65,
2026-04-21,00:51,DEEP,65,
2026-04-21,00:52,DEEP,66,
2026-04-21,00:53,DEEP,66,
2026-04-21,00:54,DEEP,66,
2026-04-21,00:55,DEEP,67,
2026-04-21,00:56,DEEP,67,
2026-04-21,00:57,DEEP,66,
2026-04-21,00:58,DEEP,66,
2026-04-21,00:59,DEEP,66,
2026-04-21,01:00,DEEP,66,
2026-04-21,01:01,DEEP,66,
2026-04-21,01:02,DEEP,66,
2026-04-21,01:03,DEEP,66,
2026-04-21,01:04,DEEP,66,
2026-04-21,01:05,DEEP,66,
2026-04-21,01:06,DEEP,67,
2026-04-21,01:07,DEEP,67,
2026-04-21,01:08,DEEP,67,
2026-04-21,01:09,DEEP,67,
2026-04-21,01:10,DEEP,67,
2026-04-21,01:11,DEEP,67,
2026-04-21,01:12,DEEP,67,
2026-04-21,01:13,DEEP,67,
2026-04-21,01:14,DEEP,67,
2026-04-21,01:15,DEEP,67,
2026-04-21,01:16,DEEP,68,
2026-04-21,01:17,DEEP,69,
2026-04-21,01:18,DEEP,82,
2026-04-21,01:19,LIGHT,75,
2026-04-21,01:20,LIGHT,77,
2026-04-21,01:21,LIGHT,67,
2026-04-21,01:22,LIGHT,65,
2026-04-21,01:23,LIGHT,65,
2026-04-21,01:24,LIGHT,70,
2026-04-21,01:25,LIGHT,73,
2026-04-21,01:26,LIGHT,65,
2026-04-21,01:27,LIGHT,65,
2026-04-21,01:28,REM,65,
2026-04-21,01:29,REM,67,
2026-04-21,01:30,REM,69,
2026-04-21,01:31,REM,71,
2026-04-21,01:32,REM,63,
2026-04-21,01:33,LIGHT,60,
2026-04-21,01:34,LIGHT,62,
2026-04-21,01:35,LIGHT,64,
2026-04-21,01:36,LIGHT,66,
2026-04-21,01:37,LIGHT,68,
2026-04-21,01:38,LIGHT,68,
2026-04-21,01:39,LIGHT,67,
2026-04-21,01:40,LIGHT,67,
2026-04-21,01:41,LIGHT,67,
2026-04-21,01:42,LIGHT,67,
2026-04-21,01:43,LIGHT,67,
2026-04-21,01:44,LIGHT,67,
2026-04-21,01:45,LIGHT,67,
2026-04-21,01:46,LIGHT,68,
2026-04-21,01:47,LIGHT,68,
2026-04-21,01:48,DEEP,67,
2026-04-21,01:49,DEEP,65,
2026-04-21,01:50,DEEP,67,
2026-04-21,01:51,DEEP,65,
2026-04-21,01:52,DEEP,70,
2026-04-21,01:53,DEEP,65,
2026-04-21,01:54,DEEP,65,
2026-04-21,01:55,DEEP,65,
2026-04-21,01:56,DEEP,65,
2026-04-21,01:57,DEEP,65,
2026-04-21,01:58,DEEP,63,
2026-04-21,01:59,DEEP,63,
2026-04-21,02:00,DEEP,63,
2026-04-21,02:01,DEEP,69,
2026-04-21,02:02,DEEP,63,
2026-04-21,02:03,DEEP,63,
2026-04-21,02:04,DEEP,64,
2026-04-21,02:05,LIGHT,64,
2026-04-21,02:06,LIGHT,64,
2026-04-21,02:07,LIGHT,64,
2026-04-21,02:08,LIGHT,64,
2026-04-21,02:09,LIGHT,64,
2026-04-21,02:10,LIGHT,64,
2026-04-21,02:11,LIGHT,65,
2026-04-21,02:12,LIGHT,65,
2026-04-21,02:13,LIGHT,65,
2026-04-21,02:14,LIGHT,64,
2026-04-21,02:15,LIGHT,64,
2026-04-21,02:16,LIGHT,64,
2026-04-21,02:17,LIGHT,65,
2026-04-21,02:18,LIGHT,65,
2026-04-21,02:19,LIGHT,65,
2026-04-21,02:20,LIGHT,64,
2026-04-21,02:21,LIGHT,64,
2026-04-21,02:22,LIGHT,64,
2026-04-21,02:23,LIGHT,64,
2026-04-21,02:24,LIGHT,64,
2026-04-21,02:25,LIGHT,64,
2026-04-21,02:26,LIGHT,64,
2026-04-21,02:27,LIGHT,64,
2026-04-21,02:28,LIGHT,74,
2026-04-21,02:29,LIGHT,76,
2026-04-21,02:30,REM,66,
2026-04-21,02:31,REM,68,
2026-04-21,02:32,REM,61,
2026-04-21,02:33,REM,66,
2026-04-21,02:34,LIGHT,63,
2026-04-21,02:35,LIGHT,71,
2026-04-21,02:36,LIGHT,63,
2026-04-21,02:37,WAKE,62,
2026-04-21,02:38,LIGHT,64,
2026-04-21,02:39,LIGHT,68,
2026-04-21,02:40,LIGHT,68,
2026-04-21,02:41,REM,60,
2026-04-21,02:42,REM,60,
2026-04-21,02:43,REM,62,
2026-04-21,02:44,REM,62,
2026-04-21,02:45,REM,62,
2026-04-21,02:46,REM,62,
2026-04-21,02:47,REM,64,
2026-04-21,02:48,REM,64,
2026-04-21,02:49,REM,64,
2026-04-21,02:50,REM,64,
2026-04-21,02:51,REM,64,
2026-04-21,02:52,REM,64,
2026-04-21,02:53,REM,64,
2026-04-21,02:54,REM,64,
2026-04-21,02:55,REM,64,
2026-04-21,02:56,REM,64,
2026-04-21,02:57,REM,64,
2026-04-21,02:58,REM,64,
2026-04-21,02:59,REM,64,
2026-04-21,03:00,REM,64,
2026-04-21,03:01,REM,74,
2026-04-21,03:02,REM,76,
2026-04-21,03:03,REM,76,
2026-04-21,03:04,REM,68,
2026-04-21,03:05,REM,62,
2026-04-21,03:06,REM,61,
2026-04-21,03:07,REM,62,
2026-04-21,03:08,REM,63,
2026-04-21,03:09,REM,67,
2026-04-21,03:10,REM,65,
2026-04-21,03:11,REM,73,
2026-04-21,03:12,REM,75,
2026-04-21,03:13,LIGHT,75,
2026-04-21,03:14,LIGHT,74,
2026-04-21,03:15,LIGHT,72,
2026-04-21,03:16,LIGHT,72,
2026-04-21,03:17,LIGHT,72,
2026-04-21,03:18,LIGHT,70,
2026-04-21,03:19,LIGHT,73,
2026-04-21,03:20,LIGHT,65,
2026-04-21,03:21,LIGHT,63,
2026-04-21,03:22,LIGHT,65,
2026-04-21,03:23,LIGHT,60,
2026-04-21,03:24,LIGHT,60,
2026-04-21,03:25,LIGHT,71,
2026-04-21,03:26,LIGHT,61,
2026-04-21,03:27,LIGHT,59,
2026-04-21,03:28,LIGHT,58,
2026-04-21,03:29,LIGHT,58,
2026-04-21,03:30,LIGHT,60,
2026-04-21,03:31,WAKE,62,
2026-04-21,03:32,LIGHT,63,
2026-04-21,03:33,LIGHT,65,
2026-04-21,03:34,LIGHT,61,
2026-04-21,03:35,LIGHT,61,
2026-04-21,03:36,LIGHT,63,
2026-04-21,03:37,LIGHT,64,
2026-04-21,03:38,LIGHT,66,
2026-04-21,03:39,LIGHT,66,
2026-04-21,03:40,LIGHT,66,
2026-04-21,03:41,LIGHT,66,
2026-04-21,03:42,LIGHT,67,
2026-04-21,03:43,LIGHT,70,
2026-04-21,03:44,LIGHT,70,
2026-04-21,03:45,LIGHT,67,
2026-04-21,03:46,LIGHT,65,
2026-04-21,03:47,LIGHT,62,
2026-04-21,03:48,LIGHT,62,
2026-04-21,03:49,LIGHT,62,
2026-04-21,03:50,LIGHT,62,
2026-04-21,03:51,LIGHT,62,
2026-04-21,03:52,LIGHT,62,
2026-04-21,03:53,DEEP,62,
2026-04-21,03:54,DEEP,62,
2026-04-21,03:55,DEEP,62,
2026-04-21,03:56,DEEP,62,
2026-04-21,03:57,DEEP,62,
2026-04-21,03:58,DEEP,62,
2026-04-21,03:59,DEEP,62,
2026-04-21,04:00,DEEP,62,
2026-04-21,04:01,DEEP,62,
2026-04-21,04:02,DEEP,62,
2026-04-21,04:03,DEEP,62,
2026-04-21,04:04,DEEP,62,
2026-04-21,04:05,DEEP,64,
2026-04-21,04:06,DEEP,63,
2026-04-21,04:07,DEEP,62,
2026-04-21,04:08,LIGHT,62,
2026-04-21,04:09,LIGHT,62,
2026-04-21,04:10,LIGHT,62,
2026-04-21,04:11,LIGHT,62,
2026-04-21,04:12,LIGHT,62,
2026-04-21,04:13,LIGHT,62,
2026-04-21,04:14,LIGHT,63,
2026-04-21,04:15,LIGHT,63,
2026-04-21,04:16,LIGHT,71,
2026-04-21,04:17,LIGHT,70,
2026-04-21,04:18,LIGHT,65,
2026-04-21,04:19,LIGHT,59,
2026-04-21,04:20,LIGHT,59,
2026-04-21,04:21,LIGHT,59,
2026-04-21,04:22,LIGHT,61,
2026-04-21,04:23,LIGHT,61,
2026-04-21,04:24,LIGHT,61,
2026-04-21,04:25,LIGHT,61,
2026-04-21,04:26,LIGHT,61,
2026-04-21,04:27,LIGHT,61,
2026-04-21,04:28,LIGHT,61,
2026-04-21,04:29,LIGHT,61,
2026-04-21,04:30,LIGHT,61,
2026-04-21,04:31,LIGHT,62,
2026-04-21,04:32,LIGHT,62,
2026-04-21,04:33,LIGHT,62,
2026-04-21,04:34,LIGHT,62,
2026-04-21,04:35,LIGHT,62,
2026-04-21,04:36,LIGHT,63,
2026-04-21,04:37,REM,70,
2026-04-21,04:38,REM,64,
2026-04-21,04:39,REM,59,
2026-04-21,04:40,REM,59,
2026-04-21,04:41,REM,59,
2026-04-21,04:42,REM,59,
2026-04-21,04:43,REM,59,
2026-04-21,04:44,REM,59,
2026-04-21,04:45,REM,64,
2026-04-21,04:46,REM,62,
2026-04-21,04:47,REM,57,
2026-04-21,04:48,REM,60,
2026-04-21,04:49,REM,64,
2026-04-21,04:50,REM,66,
2026-04-21,04:51,REM,64,
2026-04-21,04:52,REM,66,
2026-04-21,04:53,REM,67,
2026-04-21,04:54,REM,68,
2026-04-21,04:55,REM,75,
2026-04-21,04:56,REM,67,
2026-04-21,04:57,REM,59,
2026-04-21,04:58,REM,55,
2026-04-21,04:59,REM,65,
2026-04-21,05:00,REM,57,
2026-04-21,05:01,REM,58,
2026-04-21,05:02,REM,60,
2026-04-21,05:03,REM,65,
2026-04-21,05:04,REM,69,
2026-04-21,05:05,REM,71,
2026-04-21,05:06,REM,70,
2026-04-21,05:07,REM,65,
2026-04-21,05:08,REM,63,
2026-04-21,05:09,LIGHT,65,
2026-04-21,05:10,LIGHT,60,
2026-04-21,05:11,LIGHT,61,
2026-04-21,05:12,LIGHT,61,
2026-04-21,05:13,LIGHT,61,
2026-04-21,05:14,LIGHT,61,
2026-04-21,05:15,LIGHT,61,
2026-04-21,05:16,LIGHT,65,
2026-04-21,05:17,LIGHT,69,
2026-04-21,05:18,LIGHT,70,
2026-04-21,05:19,LIGHT,67,
2026-04-21,05:20,LIGHT,73,
2026-04-21,05:21,LIGHT,64,
2026-04-21,05:22,LIGHT,64,
2026-04-21,05:23,LIGHT,64,
2026-04-21,05:24,LIGHT,66,
2026-04-21,05:25,LIGHT,60,
2026-04-21,05:26,LIGHT,58,
2026-04-21,05:27,LIGHT,58,
2026-04-21,05:28,LIGHT,58,
2026-04-21,05:29,LIGHT,58,
2026-04-21,05:30,LIGHT,58,
2026-04-21,05:31,LIGHT,58,
2026-04-21,05:32,LIGHT,67,
2026-04-21,05:33,LIGHT,57,
2026-04-21,05:34,LIGHT,56,
2026-04-21,05:35,LIGHT,56,
2026-04-21,05:36,LIGHT,57,
2026-04-21,05:37,LIGHT,57,
2026-04-21,05:38,LIGHT,57,
2026-04-21,05:39,LIGHT,57,
2026-04-21,05:40,LIGHT,57,
2026-04-21,05:41,LIGHT,58,
2026-04-21,05:42,LIGHT,58,
2026-04-21,05:43,LIGHT,63,
2026-04-21,05:44,LIGHT,62,
2026-04-21,05:45,DEEP,58,
2026-04-21,05:46,DEEP,61,
2026-04-21,05:47,DEEP,57,
2026-04-21,05:48,DEEP,57,
2026-04-21,05:49,DEEP,58,
2026-04-21,05:50,DEEP,58,
2026-04-21,05:51,DEEP,58,
2026-04-21,05:52,DEEP,60,
2026-04-21,05:53,DEEP,59,
2026-04-21,05:54,DEEP,59,
2026-04-21,05:55,DEEP,59,
2026-04-21,05:56,DEEP,59,
2026-04-21,05:57,DEEP,59,
2026-04-21,05:58,DEEP,59,
2026-04-21,05:59,DEEP,59,
2026-04-21,06:00,DEEP,59,
2026-04-21,06:01,LIGHT,59,
2026-04-21,06:02,LIGHT,59,
2026-04-21,06:03,LIGHT,59,
2026-04-21,06:04,LIGHT,59,
2026-04-21,06:05,LIGHT,59,
2026-04-21,06:06,LIGHT,59,
2026-04-21,06:07,LIGHT,59,
2026-04-21,06:08,REM,59,
2026-04-21,06:09,REM,59,
2026-04-21,06:10,REM,59,
2026-04-21,06:11,REM,59,
2026-04-21,06:12,REM,59,
2026-04-21,06:13,REM,59,
2026-04-21,06:14,REM,57,
2026-04-21,06:15,REM,63,
2026-04-21,06:16,REM,59,
2026-04-21,06:17,REM,56,
2026-04-21,06:18,REM,56,
2026-04-21,06:19,REM,56,
2026-04-21,06:20,REM,61,
2026-04-21,06:21,REM,65,
2026-04-21,06:22,REM,57,
2026-04-21,06:23,REM,59,
2026-04-21,06:24,REM,62,
2026-04-21,06:25,REM,58,
2026-04-21,06:26,REM,61,
2026-04-21,06:27,REM,64,
2026-04-21,06:28,REM,64,
2026-04-21,06:29,REM,61,
2026-04-21,06:30,REM,60,
2026-04-21,06:31,REM,62,
2026-04-21,06:32,REM,60,
2026-04-21,06:33,REM,63,
2026-04-21,06:34,REM,68,
2026-04-21,06:35,REM,68,
2026-04-21,06:36,REM,68,
2026-04-21,06:37,REM,70,
2026-04-21,06:38,REM,76,
2026-04-21,06:39,REM,66,
2026-04-21,06:40,REM,65,
2026-04-21,06:41,REM,65,
2026-04-21,06:42,REM,62,
2026-04-21,06:43,REM,62,
2026-04-21,06:44,REM,71,
2026-04-21,06:45,REM,65,
2026-04-21,06:46,REM,61,
2026-04-21,06:47,REM,63,
2026-04-21,06:48,REM,68,
2026-04-21,06:49,LIGHT,62,
2026-04-21,06:50,LIGHT,59,
2026-04-21,06:51,LIGHT,63,
2026-04-21,06:52,LIGHT,69,
2026-04-21,06:53,LIGHT,64,
2026-04-21,06:54,LIGHT,62,
2026-04-21,06:55,LIGHT,60,
2026-04-21,06:56,LIGHT,60,
2026-04-21,06:57,LIGHT,61,
2026-04-21,06:58,LIGHT,58,
2026-04-21,06:59,LIGHT,60,
2026-04-21,07:00,LIGHT,62,
2026-04-21,07:01,LIGHT,58,
2026-04-21,07:02,LIGHT,57,
2026-04-21,07:03,LIGHT,57,
2026-04-21,07:04,LIGHT,57,
2026-04-21,07:05,LIGHT,57,
2026-04-21,07:06,LIGHT,57,
2026-04-21,07:07,LIGHT,58,
2026-04-21,07:08,LIGHT,58,
2026-04-21,07:09,LIGHT,58,
2026-04-21,07:10,LIGHT,59,
2026-04-21,07:11,LIGHT,60,
2026-04-21,07:12,LIGHT,62,
2026-04-21,07:13,LIGHT,60,
2026-04-21,07:14,LIGHT,60,
2026-04-21,07:15,LIGHT,60,
2026-04-21,07:16,LIGHT,60,
2026-04-21,07:17,LIGHT,61,
2026-04-21,07:18,LIGHT,60,
2026-04-21,07:19,LIGHT,60,
2026-04-21,07:20,LIGHT,60,
2026-04-21,07:21,LIGHT,60,
2026-04-21,07:22,LIGHT,60,
2026-04-21,07:23,LIGHT,60,
2026-04-21,07:24,LIGHT,61,
2026-04-21,07:25,LIGHT,61,
2026-04-21,07:26,LIGHT,61,
2026-04-21,07:27,LIGHT,63,
2026-04-21,07:28,LIGHT,63,
2026-04-21,07:29,LIGHT,72,
2026-04-21,07:30,LIGHT,69,
2026-04-21,07:31,LIGHT,66,
2026-04-21,07:32,LIGHT,58,
2026-04-21,07:33,LIGHT,58,
2026-04-21,07:34,LIGHT,59,
2026-04-21,07:35,LIGHT,60,
2026-04-21,07:36,LIGHT,59,
2026-04-21,07:37,REM,62,
2026-04-21,07:38,REM,59,
2026-04-21,07:39,REM,57,
2026-04-21,07:40,REM,59,
2026-04-21,07:41,REM,58,
2026-04-21,07:42,REM,54,
2026-04-21,07:43,REM,59,
2026-04-21,07:44,REM,68,
2026-04-21,07:45,REM,59,
2026-04-21,07:46,REM,62,
2026-04-21,07:47,REM,59,
2026-04-21,07:48,REM,59,
2026-04-21,07:49,REM,60,
2026-04-21,07:50,REM,68,
2026-04-21,07:51,REM,61,
2026-04-21,07:52,REM,58,
2026-04-21,07:53,REM,59,
2026-04-21,07:54,REM,56,
2026-04-21,07:55,REM,56,
2026-04-21,07:56,REM,61,
2026-04-21,07:57,REM,58,
2026-04-21,07:58,REM,59,
2026-04-21,07:59,REM,57,
2026-04-21,08:00,REM,56,
2026-04-21,08:01,REM,58,
2026-04-21,08:02,REM,66,
2026-04-21,08:03,REM,66,
2026-04-21,08:04,REM,66,
2026-04-21,08:05,REM,61,
2026-04-21,08:06,REM,60,
2026-04-21,08:07,REM,63,
2026-04-21,08:08,REM,64,
2026-04-21,08:09,REM,59,
2026-04-21,08:10,REM,56,
2026-04-21,08:11,REM,56,
2026-04-21,08:12,REM,54,
2026-04-21,08:13,REM,56,
2026-04-21,08:14,REM,59,
2026-04-21,08:15,REM,67,
2026-04-21,08:16,REM,70,
2026-04-21,08:17,LIGHT,70,
2026-04-21,08:18,LIGHT,63,
2026-04-21,08:19,LIGHT,64,
2026-04-21,08:20,LIGHT,61,
2026-04-21,08:21,LIGHT,56,
2026-04-22,00:13,LIGHT,70,
2026-04-22,00:14,LIGHT,70,
2026-04-22,00:15,LIGHT,69,
2026-04-22,00:16,LIGHT,69,
2026-04-22,00:17,LIGHT,70,
2026-04-22,00:18,LIGHT,69,
2026-04-22,00:19,LIGHT,73,
2026-04-22,00:20,LIGHT,70,
2026-04-22,00:21,LIGHT,71,
2026-04-22,00:22,LIGHT,71,
2026-04-22,00:23,LIGHT,73,
2026-04-22,00:24,LIGHT,78,
2026-04-22,00:25,LIGHT,75,
2026-04-22,00:26,LIGHT,74,
2026-04-22,00:27,LIGHT,74,
2026-04-22,00:28,DEEP,74,
2026-04-22,00:29,DEEP,71,
2026-04-22,00:30,DEEP,72,
2026-04-22,00:31,DEEP,74,
2026-04-22,00:32,DEEP,72,
2026-04-22,00:33,DEEP,73,
2026-04-22,00:34,DEEP,82,
2026-04-22,00:35,DEEP,84,
2026-04-22,00:36,DEEP,84,
2026-04-22,00:37,DEEP,85,
2026-04-22,00:38,DEEP,80,
2026-04-22,00:39,DEEP,75,
2026-04-22,00:40,DEEP,72,
2026-04-22,00:41,DEEP,76,
2026-04-22,00:42,DEEP,70,
2026-04-22,00:43,DEEP,72,
2026-04-22,00:44,DEEP,67,
2026-04-22,00:45,DEEP,66,
2026-04-22,00:46,DEEP,67,
2026-04-22,00:47,DEEP,64,
2026-04-22,00:48,DEEP,66,
2026-04-22,00:49,DEEP,63,
2026-04-22,00:50,DEEP,65,
2026-04-22,00:51,DEEP,63,
2026-04-22,00:52,DEEP,64,
2026-04-22,00:53,DEEP,65,
2026-04-22,00:54,DEEP,65,
2026-04-22,00:55,DEEP,65,
2026-04-22,00:56,DEEP,65,
2026-04-22,00:57,DEEP,65,
2026-04-22,00:58,DEEP,65,
2026-04-22,00:59,DEEP,68,
2026-04-22,01:00,DEEP,65,
2026-04-22,01:01,DEEP,64,
2026-04-22,01:02,DEEP,63,
2026-04-22,01:03,DEEP,63,
2026-04-22,01:04,DEEP,65,
2026-04-22,01:05,DEEP,63,
2026-04-22,01:06,DEEP,63,
2026-04-22,01:07,DEEP,62,
2026-04-22,01:08,DEEP,62,
2026-04-22,01:09,DEEP,63,
2026-04-22,01:10,DEEP,63,
2026-04-22,01:11,DEEP,63,
2026-04-22,01:12,DEEP,63,
2026-04-22,01:13,DEEP,63,
2026-04-22,01:14,DEEP,63,
2026-04-22,01:15,DEEP,68,
2026-04-22,01:16,DEEP,67,
2026-04-22,01:17,DEEP,64,
2026-04-22,01:18,DEEP,64,
2026-04-22,01:19,LIGHT,64,
2026-04-22,01:20,LIGHT,65,
2026-04-22,01:21,LIGHT,64,
2026-04-22,01:22,LIGHT,63,
2026-04-22,01:23,LIGHT,63,
2026-04-22,01:24,LIGHT,63,
2026-04-22,01:25,LIGHT,63,
2026-04-22,01:26,LIGHT,64,
2026-04-22,01:27,LIGHT,64,
2026-04-22,01:28,LIGHT,64,
2026-04-22,01:29,LIGHT,64,
2026-04-22,01:30,LIGHT,64,
2026-04-22,01:31,REM,64,
2026-04-22,01:32,REM,64,
2026-04-22,01:33,REM,65,
2026-04-22,01:34,REM,65,
2026-04-22,01:35,REM,65,
2026-04-22,01:36,REM,65,
2026-04-22,01:37,REM,65,
2026-04-22,01:38,REM,66,
2026-04-22,01:39,REM,66,
2026-04-22,01:40,REM,80,
2026-04-22,01:41,REM,66,
2026-04-22,01:42,REM,78,
2026-04-22,01:43,REM,82,
2026-04-22,01:44,REM,66,
2026-04-22,01:45,REM,73,
2026-04-22,01:46,REM,63,
2026-04-22,01:47,REM,64,
2026-04-22,01:48,REM,67,
2026-04-22,01:49,REM,70,
2026-04-22,01:50,REM,71,
2026-04-22,01:51,REM,71,
2026-04-22,01:52,REM,71,
2026-04-22,01:53,REM,66,
2026-04-22,01:54,LIGHT,66,
2026-04-22,01:55,LIGHT,62,
2026-04-22,01:56,LIGHT,64,
2026-04-22,01:57,LIGHT,63,
2026-04-22,01:58,LIGHT,65,
2026-04-22,01:59,LIGHT,62,
2026-04-22,02:00,LIGHT,63,
2026-04-22,02:01,LIGHT,60,
2026-04-22,02:02,LIGHT,62,
2026-04-22,02:03,LIGHT,62,
2026-04-22,02:04,LIGHT,62,
2026-04-22,02:05,LIGHT,63,
2026-04-22,02:06,LIGHT,64,
2026-04-22,02:07,LIGHT,64,
2026-04-22,02:08,LIGHT,64,
2026-04-22,02:09,LIGHT,65,
2026-04-22,02:10,LIGHT,65,
2026-04-22,02:11,LIGHT,65,
2026-04-22,02:12,LIGHT,70,
2026-04-22,02:13,LIGHT,80,
2026-04-22,02:14,LIGHT,73,
2026-04-22,02:15,DEEP,65,
2026-04-22,02:16,DEEP,62,
2026-04-22,02:17,DEEP,59,
2026-04-22,02:18,DEEP,59,
2026-04-22,02:19,DEEP,61,
2026-04-22,02:20,DEEP,61,
2026-04-22,02:21,DEEP,61,
2026-04-22,02:22,DEEP,61,
2026-04-22,02:23,DEEP,61,
2026-04-22,02:24,DEEP,61,
2026-04-22,02:25,DEEP,62,
2026-04-22,02:26,DEEP,62,
2026-04-22,02:27,DEEP,62,
2026-04-22,02:28,DEEP,62,
2026-04-22,02:29,DEEP,62,
2026-04-22,02:30,LIGHT,62,
2026-04-22,02:31,LIGHT,63,
2026-04-22,02:32,LIGHT,63,
2026-04-22,02:33,LIGHT,63,
2026-04-22,02:34,LIGHT,69,
2026-04-22,02:35,LIGHT,66,
2026-04-22,02:36,LIGHT,59,
2026-04-22,02:37,LIGHT,64,
2026-04-22,02:38,LIGHT,61,
2026-04-22,02:39,LIGHT,58,
2026-04-22,02:40,LIGHT,58,
2026-04-22,02:41,LIGHT,60,
2026-04-22,02:42,LIGHT,60,
2026-04-22,02:43,LIGHT,61,
2026-04-22,02:44,LIGHT,68,
2026-04-22,02:45,LIGHT,64,
2026-04-22,02:46,LIGHT,58,
2026-04-22,02:47,LIGHT,57,
2026-04-22,02:48,LIGHT,58,
2026-04-22,02:49,LIGHT,58,
2026-04-22,02:50,LIGHT,59,
2026-04-22,02:51,LIGHT,59,
2026-04-22,02:52,LIGHT,59,
2026-04-22,02:53,LIGHT,59,
2026-04-22,02:54,DEEP,59,
2026-04-22,02:55,DEEP,59,
2026-04-22,02:56,DEEP,59,
2026-04-22,02:57,DEEP,59,
2026-04-22,02:58,DEEP,59,
2026-04-22,02:59,DEEP,59,
2026-04-22,03:00,DEEP,59,
2026-04-22,03:01,DEEP,59,
2026-04-22,03:02,LIGHT,59,
2026-04-22,03:03,LIGHT,59,
2026-04-22,03:04,LIGHT,59,
2026-04-22,03:05,LIGHT,59,
2026-04-22,03:06,LIGHT,59,
2026-04-22,03:07,LIGHT,61,
2026-04-22,03:08,LIGHT,66,
2026-04-22,03:09,LIGHT,71,
2026-04-22,03:10,REM,63,
2026-04-22,03:11,REM,57,
2026-04-22,03:12,REM,55,
2026-04-22,03:13,REM,56,
2026-04-22,03:14,REM,57,
2026-04-22,03:15,REM,62,
2026-04-22,03:16,REM,58,
2026-04-22,03:17,REM,58,
2026-04-22,03:18,LIGHT,62,
2026-04-22,03:19,LIGHT,64,
2026-04-22,03:20,LIGHT,69,
2026-04-22,03:21,WAKE,64,
2026-04-22,03:22,LIGHT,69,
2026-04-22,03:23,WAKE,63,
2026-04-22,03:24,LIGHT,67,
2026-04-22,03:25,LIGHT,69,
2026-04-22,03:26,LIGHT,71,
2026-04-22,03:27,REM,71,
2026-04-22,03:28,REM,68,
2026-04-22,03:29,REM,71,
2026-04-22,03:30,REM,72,
2026-04-22,03:31,REM,65,
2026-04-22,03:32,REM,65,
2026-04-22,03:33,REM,65,
2026-04-22,03:34,REM,67,
2026-04-22,03:35,REM,74,
2026-04-22,03:36,REM,70,
2026-04-22,03:37,REM,61,
2026-04-22,03:38,REM,60,
2026-04-22,03:39,REM,62,
2026-04-22,03:40,REM,63,
2026-04-22,03:41,REM,63,
2026-04-22,03:42,REM,65,
2026-04-22,03:43,REM,65,
2026-04-22,03:44,LIGHT,65,
2026-04-22,03:45,LIGHT,65,
2026-04-22,03:46,LIGHT,62,
2026-04-22,03:47,LIGHT,58,
2026-04-22,03:48,LIGHT,58,
2026-04-22,03:49,LIGHT,60,
2026-04-22,03:50,LIGHT,58,
2026-04-22,03:51,LIGHT,61,
2026-04-22,03:52,LIGHT,58,
2026-04-22,03:53,LIGHT,68,
2026-04-22,03:54,LIGHT,65,
2026-04-22,03:55,LIGHT,62,
2026-04-22,03:56,LIGHT,63,
2026-04-22,03:57,LIGHT,61,
2026-04-22,03:58,LIGHT,59,
2026-04-22,03:59,LIGHT,61,
2026-04-22,04:00,LIGHT,63,
2026-04-22,04:01,LIGHT,57,
2026-04-22,04:02,LIGHT,57,
2026-04-22,04:03,DEEP,57,
2026-04-22,04:04,DEEP,58,
2026-04-22,04:05,DEEP,59,
2026-04-22,04:06,DEEP,68,
2026-04-22,04:07,DEEP,68,
2026-04-22,04:08,DEEP,60,
2026-04-22,04:09,DEEP,60,
2026-04-22,04:10,DEEP,60,
2026-04-22,04:11,DEEP,61,
2026-04-22,04:12,DEEP,62,
2026-04-22,04:13,DEEP,62,
2026-04-22,04:14,LIGHT,62,
2026-04-22,04:15,LIGHT,61,
2026-04-22,04:16,LIGHT,61,
2026-04-22,04:17,WAKE,61,
2026-04-22,04:18,LIGHT,61,
2026-04-22,04:19,LIGHT,61,
2026-04-22,04:20,LIGHT,61,
2026-04-22,04:21,LIGHT,61,
2026-04-22,04:22,LIGHT,61,
2026-04-22,04:23,LIGHT,61,
2026-04-22,04:24,LIGHT,61,
2026-04-22,04:25,LIGHT,61,
2026-04-22,04:26,LIGHT,60,
2026-04-22,04:27,LIGHT,61,
2026-04-22,04:28,LIGHT,61,
2026-04-22,04:29,LIGHT,61,
2026-04-22,04:30,LIGHT,60,
2026-04-22,04:31,LIGHT,60,
2026-04-22,04:32,LIGHT,60,
2026-04-22,04:33,LIGHT,61,
2026-04-22,04:34,LIGHT,60,
2026-04-22,04:35,LIGHT,60,
2026-04-22,04:36,LIGHT,60,
2026-04-22,04:37,LIGHT,60,
2026-04-22,04:38,LIGHT,60,
2026-04-22,04:39,LIGHT,60,
2026-04-22,04:40,LIGHT,61,
2026-04-22,04:41,LIGHT,60,
2026-04-22,04:42,LIGHT,60,
2026-04-22,04:43,LIGHT,60,
2026-04-22,04:44,LIGHT,60,
2026-04-22,04:45,LIGHT,62,
2026-04-22,04:46,LIGHT,74,
2026-04-22,04:47,LIGHT,65,
2026-04-22,04:48,LIGHT,59,
2026-04-22,04:49,LIGHT,58,
2026-04-22,04:50,LIGHT,58,
2026-04-22,04:51,LIGHT,58,
2026-04-22,04:52,LIGHT,58,
2026-04-22,04:53,REM,59,
2026-04-22,04:54,REM,59,
2026-04-22,04:55,REM,59,
2026-04-22,04:56,REM,60,
2026-04-22,04:57,REM,60,
2026-04-22,04:58,REM,60,
2026-04-22,04:59,REM,60,
2026-04-22,05:00,REM,59,
2026-04-22,05:01,REM,59,
2026-04-22,05:02,REM,59,
2026-04-22,05:03,REM,59,
2026-04-22,05:04,REM,60,
2026-04-22,05:05,REM,62,
2026-04-22,05:06,REM,68,
2026-04-22,05:07,REM,64,
2026-04-22,05:08,REM,59,
2026-04-22,05:09,REM,61,
2026-04-22,05:10,REM,58,
2026-04-22,05:11,REM,57,
2026-04-22,05:12,REM,59,
2026-04-22,05:13,REM,59,
2026-04-22,05:14,REM,61,
2026-04-22,05:15,REM,63,
2026-04-22,05:16,REM,63,
2026-04-22,05:17,REM,69,
2026-04-22,05:18,REM,69,
2026-04-22,05:19,REM,66,
2026-04-22,05:20,REM,58,
2026-04-22,05:21,REM,54,
2026-04-22,05:22,REM,59,
2026-04-22,05:23,LIGHT,61,
2026-04-22,05:24,LIGHT,61,
2026-04-22,05:25,LIGHT,66,
2026-04-22,05:26,LIGHT,65,
2026-04-22,05:27,LIGHT,67,
2026-04-22,05:28,LIGHT,59,
2026-04-22,05:29,LIGHT,59,
2026-04-22,05:30,LIGHT,56,
2026-04-22,05:31,LIGHT,56,
2026-04-22,05:32,LIGHT,57,
2026-04-22,05:33,LIGHT,61,
2026-04-22,05:34,LIGHT,58,
2026-04-22,05:35,LIGHT,60,
2026-04-22,05:36,LIGHT,66,
2026-04-22,05:37,LIGHT,66,
2026-04-22,05:38,LIGHT,60,
2026-04-22,05:39,LIGHT,59,
2026-04-22,05:40,LIGHT,67,
2026-04-22,05:41,LIGHT,67,
2026-04-22,05:42,LIGHT,61,
2026-04-22,05:43,LIGHT,63,
2026-04-22,05:44,LIGHT,59,
2026-04-22,05:45,LIGHT,59,
2026-04-22,05:46,LIGHT,59,
2026-04-22,05:47,LIGHT,59,
2026-04-22,05:48,LIGHT,59,
2026-04-22,05:49,LIGHT,59,
2026-04-22,05:50,LIGHT,60,
2026-04-22,05:51,LIGHT,60,
2026-04-22,05:52,LIGHT,60,
2026-04-22,05:53,LIGHT,60,
2026-04-22,05:54,LIGHT,60,
2026-04-22,05:55,LIGHT,60,
2026-04-22,05:56,LIGHT,60,
2026-04-22,05:57,LIGHT,60,
2026-04-22,05:58,LIGHT,60,
2026-04-22,05:59,LIGHT,60,
2026-04-22,06:00,LIGHT,60,
2026-04-22,06:01,LIGHT,60,
2026-04-22,06:02,LIGHT,60,
2026-04-22,06:03,LIGHT,60,
2026-04-22,06:04,LIGHT,60,
2026-04-22,06:05,LIGHT,60,
2026-04-22,06:06,LIGHT,60,
2026-04-22,06:07,LIGHT,60,
2026-04-22,06:08,LIGHT,60,
2026-04-22,06:09,LIGHT,60,
2026-04-22,06:10,LIGHT,59,
2026-04-22,06:11,LIGHT,66,
2026-04-22,06:12,LIGHT,60,
2026-04-22,06:13,LIGHT,60,
2026-04-22,06:14,LIGHT,59,
2026-04-22,06:15,LIGHT,60,
2026-04-22,06:16,LIGHT,59,
2026-04-22,06:17,LIGHT,59,
2026-04-22,06:18,LIGHT,59,
2026-04-22,06:19,LIGHT,59,
2026-04-22,06:20,LIGHT,59,
2026-04-22,06:21,REM,58,
2026-04-22,06:22,REM,62,
2026-04-22,06:23,REM,68,
2026-04-22,06:24,REM,59,
2026-04-22,06:25,REM,53,
2026-04-22,06:26,REM,52,
2026-04-22,06:27,REM,55,
2026-04-22,06:28,REM,54,
2026-04-22,06:29,REM,56,
2026-04-22,06:30,REM,63,
2026-04-22,06:31,REM,55,
2026-04-22,06:32,REM,58,
2026-04-22,06:33,REM,59,
2026-04-22,06:34,REM,71,
2026-04-22,06:35,REM,63,
2026-04-22,06:36,REM,60,
2026-04-22,06:37,REM,70,
2026-04-22,06:38,REM,57,
2026-04-22,06:39,REM,56,
2026-04-22,06:40,REM,58,
2026-04-22,06:41,REM,60,
2026-04-22,06:42,REM,70,
2026-04-22,06:43,REM,60,
2026-04-22,06:44,REM,59,
2026-04-22,06:45,REM,56,
2026-04-22,06:46,REM,64,
2026-04-22,06:47,REM,59,
2026-04-22,06:48,REM,56,
2026-04-22,06:49,REM,59,
2026-04-22,06:50,REM,69,
2026-04-22,06:51,REM,61,
2026-04-22,06:52,REM,60,
2026-04-22,06:53,REM,56,
2026-04-22,06:54,LIGHT,56,
2026-04-22,06:55,LIGHT,57,
2026-04-22,06:56,LIGHT,57,
2026-04-22,06:57,LIGHT,62,
2026-04-22,06:58,LIGHT,59,
2026-04-22,06:59,LIGHT,56,
2026-04-22,07:00,LIGHT,56,
2026-04-22,07:01,LIGHT,55,
2026-04-22,07:02,LIGHT,62,
2026-04-22,07:03,LIGHT,59,
2026-04-22,07:04,LIGHT,55,
2026-04-22,07:05,LIGHT,55,
2026-04-22,07:06,LIGHT,55,
2026-04-22,07:07,LIGHT,55,
2026-04-22,07:08,LIGHT,56,
2026-04-22,07:09,LIGHT,56,
2026-04-22,07:10,LIGHT,56,
2026-04-22,07:11,LIGHT,56,
2026-04-22,07:12,LIGHT,56,
2026-04-22,07:13,LIGHT,56,
2026-04-22,07:14,LIGHT,58,
2026-04-22,07:15,LIGHT,56,
2026-04-22,07:16,LIGHT,58,
2026-04-22,07:17,LIGHT,56,
2026-04-22,07:18,LIGHT,56,
2026-04-22,07:19,LIGHT,57,
2026-04-22,07:20,LIGHT,58,
2026-04-22,07:21,LIGHT,57,
2026-04-22,07:22,LIGHT,57,
2026-04-22,07:23,LIGHT,58,
2026-04-22,07:24,LIGHT,58,
2026-04-22,07:25,LIGHT,58,
2026-04-22,07:26,LIGHT,58,
2026-04-22,07:27,LIGHT,58,
2026-04-22,07:28,LIGHT,58,
2026-04-22,07:29,LIGHT,58,
2026-04-22,07:30,LIGHT,58,
2026-04-22,07:31,LIGHT,58,
2026-04-22,07:32,LIGHT,58,
2026-04-22,07:33,LIGHT,59,
2026-04-22,07:34,LIGHT,59,
2026-04-22,07:35,LIGHT,58,
2026-04-22,07:36,LIGHT,59,
2026-04-22,07:37,LIGHT,59,
2026-04-22,07:38,LIGHT,59,
2026-04-22,07:39,LIGHT,59,
2026-04-22,07:40,LIGHT,58,
2026-04-22,07:41,LIGHT,58,
2026-04-22,07:42,REM,72,
2026-04-22,07:43,REM,67,
2026-04-22,07:44,REM,58,
2026-04-22,07:45,REM,55,
2026-04-22,07:46,REM,56,
2026-04-22,07:47,REM,63,
2026-04-22,07:48,LIGHT,56,
2026-04-22,07:49,LIGHT,55,
2026-04-22,07:50,LIGHT,58,
2026-04-22,07:51,WAKE,56,
2026-04-22,07:52,LIGHT,58,
2026-04-22,07:53,LIGHT,58,
2026-04-22,07:54,LIGHT,59,
2026-04-22,07:55,REM,60,
2026-04-22,07:56,REM,75,
2026-04-22,07:57,REM,57,
2026-04-22,07:58,REM,56,
2026-04-22,07:59,REM,56,
2026-04-22,08:00,REM,56,
2026-04-22,08:01,REM,59,
2026-04-22,08:02,REM,67,
2026-04-22,08:03,REM,61,
2026-04-22,08:04,REM,59,
2026-04-22,08:05,REM,59,
2026-04-22,08:06,REM,62,
2026-04-22,08:07,REM,60,
2026-04-22,08:08,REM,58,
2026-04-22,08:09,REM,65,
2026-04-22,08:10,REM,62,
2026-04-22,08:11,REM,56,
2026-04-22,08:12,REM,56,
2026-04-22,08:13,LIGHT,56,
2026-04-22,08:14,LIGHT,55,
2026-04-22,08:15,LIGHT,65,
2026-04-22,08:16,WAKE,61,
2026-04-22,08:17,WAKE,61,
2026-04-22,08:18,WAKE,61,
2026-04-22,08:19,WAKE,61,
2026-04-22,08:20,WAKE,58,
2026-04-22,08:21,WAKE,60,
2026-04-22,08:22,LIGHT,65,
2026-04-22,08:23,LIGHT,60,
2026-04-22,08:24,LIGHT,63,
2026-04-22,08:25,LIGHT,66,
2026-04-22,08:26,LIGHT,73,
2026-04-23,00:47,LIGHT,71,
2026-04-23,00:48,LIGHT,68,
2026-04-23,00:49,LIGHT,68,
2026-04-23,00:50,LIGHT,68,
2026-04-23,00:51,LIGHT,70,
2026-04-23,00:52,LIGHT,66,
2026-04-23,00:53,LIGHT,68,
2026-04-23,00:54,LIGHT,67,
2026-04-23,00:55,LIGHT,66,
2026-04-23,00:56,LIGHT,67,
2026-04-23,00:57,LIGHT,67,
2026-04-23,00:58,LIGHT,68,
2026-04-23,00:59,LIGHT,66,
2026-04-23,01:00,LIGHT,66,
2026-04-23,01:01,LIGHT,65,
2026-04-23,01:02,LIGHT,65,
2026-04-23,01:03,LIGHT,66,
2026-04-23,01:04,LIGHT,67,
2026-04-23,01:05,LIGHT,67,
2026-04-23,01:06,LIGHT,67,
2026-04-23,01:07,LIGHT,67,
2026-04-23,01:08,LIGHT,67,
2026-04-23,01:09,DEEP,67,
2026-04-23,01:10,DEEP,67,
2026-04-23,01:11,DEEP,66,
2026-04-23,01:12,DEEP,66,
2026-04-23,01:13,DEEP,66,
2026-04-23,01:14,DEEP,66,
2026-04-23,01:15,DEEP,66,
2026-04-23,01:16,DEEP,66,
2026-04-23,01:17,LIGHT,66,
2026-04-23,01:18,LIGHT,66,
2026-04-23,01:19,LIGHT,67,
2026-04-23,01:20,LIGHT,67,
2026-04-23,01:21,DEEP,67,
2026-04-23,01:22,DEEP,68,
2026-04-23,01:23,DEEP,68,
2026-04-23,01:24,DEEP,68,
2026-04-23,01:25,DEEP,68,
2026-04-23,01:26,DEEP,68,
2026-04-23,01:27,DEEP,69,
2026-04-23,01:28,DEEP,69,
2026-04-23,01:29,DEEP,69,
2026-04-23,01:30,DEEP,69,
2026-04-23,01:31,DEEP,69,
2026-04-23,01:32,DEEP,69,
2026-04-23,01:33,DEEP,69,
2026-04-23,01:34,DEEP,70,
2026-04-23,01:35,DEEP,70,
2026-04-23,01:36,DEEP,70,
2026-04-23,01:37,DEEP,70,
2026-04-23,01:38,DEEP,70,
2026-04-23,01:39,DEEP,70,
2026-04-23,01:40,DEEP,70,
2026-04-23,01:41,DEEP,70,
2026-04-23,01:42,LIGHT,71,
2026-04-23,01:43,LIGHT,71,
2026-04-23,01:44,LIGHT,70,
2026-04-23,01:45,LIGHT,70,
2026-04-23,01:46,LIGHT,75,
2026-04-23,01:47,LIGHT,73,
2026-04-23,01:48,LIGHT,68,
2026-04-23,01:49,LIGHT,68,
2026-04-23,01:50,LIGHT,72,
2026-04-23,01:51,LIGHT,73,
2026-04-23,01:52,LIGHT,74,
2026-04-23,01:53,LIGHT,76,
2026-04-23,01:54,WAKE,76,
2026-04-23,01:55,LIGHT,75,
2026-04-23,01:56,LIGHT,74,
2026-04-23,01:57,LIGHT,74,
2026-04-23,01:58,LIGHT,74,
2026-04-23,01:59,LIGHT,73,
2026-04-23,02:00,LIGHT,76,
2026-04-23,02:01,LIGHT,78,
2026-04-23,02:02,LIGHT,78,
2026-04-23,02:03,LIGHT,70,
2026-04-23,02:04,LIGHT,70,
2026-04-23,02:05,LIGHT,70,
2026-04-23,02:06,LIGHT,70,
2026-04-23,02:07,LIGHT,70,
2026-04-23,02:08,LIGHT,71,
2026-04-23,02:09,LIGHT,71,
2026-04-23,02:10,LIGHT,76,
2026-04-23,02:11,LIGHT,70,
2026-04-23,02:12,LIGHT,69,
2026-04-23,02:13,LIGHT,70,
2026-04-23,02:14,LIGHT,71,
2026-04-23,02:15,LIGHT,71,
2026-04-23,02:16,LIGHT,71,
2026-04-23,02:17,LIGHT,70,
2026-04-23,02:18,LIGHT,70,
2026-04-23,02:19,LIGHT,70,
2026-04-23,02:20,LIGHT,70,
2026-04-23,02:21,LIGHT,70,
2026-04-23,02:22,LIGHT,70,
2026-04-23,02:23,LIGHT,70,
2026-04-23,02:24,LIGHT,70,
2026-04-23,02:25,LIGHT,70,
2026-04-23,02:26,LIGHT,70,
2026-04-23,02:27,LIGHT,70,
2026-04-23,02:28,LIGHT,70,
2026-04-23,02:29,LIGHT,70,
2026-04-23,02:30,DEEP,71,
2026-04-23,02:31,DEEP,71,
2026-04-23,02:32,DEEP,78,
2026-04-23,02:33,DEEP,85,
2026-04-23,02:34,DEEP,77,
2026-04-23,02:35,LIGHT,69,
2026-04-23,02:36,LIGHT,67,
2026-04-23,02:37,LIGHT,67,
2026-04-23,02:38,LIGHT,67,
2026-04-23,02:39,LIGHT,69,
2026-04-23,02:40,LIGHT,68,
2026-04-23,02:41,LIGHT,68,
2026-04-23,02:42,LIGHT,68,
2026-04-23,02:43,LIGHT,68,
2026-04-23,02:44,LIGHT,67,
2026-04-23,02:45,LIGHT,67,
2026-04-23,02:46,LIGHT,67,
2026-04-23,02:47,LIGHT,67,
2026-04-23,02:48,LIGHT,67,
2026-04-23,02:49,LIGHT,67,
2026-04-23,02:50,LIGHT,67,
2026-04-23,02:51,LIGHT,67,
2026-04-23,02:52,LIGHT,73,
2026-04-23,02:53,LIGHT,65,
2026-04-23,02:54,LIGHT,65,
2026-04-23,02:55,LIGHT,65,
2026-04-23,02:56,LIGHT,66,
2026-04-23,02:57,LIGHT,66,
2026-04-23,02:58,DEEP,67,
2026-04-23,02:59,DEEP,67,
2026-04-23,03:00,DEEP,67,
2026-04-23,03:01,DEEP,68,
2026-04-23,03:02,DEEP,68,
2026-04-23,03:03,DEEP,68,
2026-04-23,03:04,DEEP,68,
2026-04-23,03:05,DEEP,68,
2026-04-23,03:06,DEEP,68,
2026-04-23,03:07,DEEP,73,
2026-04-23,03:08,LIGHT,68,
2026-04-23,03:09,LIGHT,68,
2026-04-23,03:10,LIGHT,68,
2026-04-23,03:11,LIGHT,70,
2026-04-23,03:12,LIGHT,71,
2026-04-23,03:13,LIGHT,75,
2026-04-23,03:14,LIGHT,73,
2026-04-23,03:15,LIGHT,78,
2026-04-23,03:16,REM,69,
2026-04-23,03:17,REM,69,
2026-04-23,03:18,REM,66,
2026-04-23,03:19,REM,74,
2026-04-23,03:20,REM,78,
2026-04-23,03:21,REM,74,
2026-04-23,03:22,REM,73,
2026-04-23,03:23,REM,73,
2026-04-23,03:24,REM,77,
2026-04-23,03:25,REM,71,
2026-04-23,03:26,REM,66,
2026-04-23,03:27,REM,60,
2026-04-23,03:28,REM,65,
2026-04-23,03:29,REM,72,
2026-04-23,03:30,REM,70,
2026-04-23,03:31,REM,72,
2026-04-23,03:32,REM,72,
2026-04-23,03:33,REM,71,
2026-04-23,03:34,REM,68,
2026-04-23,03:35,REM,67,
2026-04-23,03:36,REM,72,
2026-04-23,03:37,REM,69,
2026-04-23,03:38,REM,64,
2026-04-23,03:39,REM,62,
2026-04-23,03:40,REM,63,
2026-04-23,03:41,REM,63,
2026-04-23,03:42,REM,63,
2026-04-23,03:43,REM,65,
2026-04-23,03:44,REM,65,
2026-04-23,03:45,REM,66,
2026-04-23,03:46,REM,66,
2026-04-23,03:47,REM,66,
2026-04-23,03:48,REM,66,
2026-04-23,03:49,REM,66,
2026-04-23,03:50,REM,66,
2026-04-23,03:51,REM,66,
2026-04-23,03:52,REM,67,
2026-04-23,03:53,REM,67,
2026-04-23,03:54,REM,67,
2026-04-23,03:55,REM,75,
2026-04-23,03:56,REM,75,
2026-04-23,03:57,REM,75,
2026-04-23,03:58,REM,65,
2026-04-23,03:59,REM,64,
2026-04-23,04:00,REM,64,
2026-04-23,04:01,REM,64,
2026-04-23,04:02,REM,64,
2026-04-23,04:03,REM,66,
2026-04-23,04:04,REM,67,
2026-04-23,04:05,REM,67,
2026-04-23,04:06,REM,66,
2026-04-23,04:07,LIGHT,66,
2026-04-23,04:08,LIGHT,66,
2026-04-23,04:09,LIGHT,66,
2026-04-23,04:10,LIGHT,67,
2026-04-23,04:11,LIGHT,67,
2026-04-23,04:12,LIGHT,67,
2026-04-23,04:13,LIGHT,67,
2026-04-23,04:14,LIGHT,67,
2026-04-23,04:15,LIGHT,67,
2026-04-23,04:16,LIGHT,67,
2026-04-23,04:17,LIGHT,67,
2026-04-23,04:18,LIGHT,67,
2026-04-23,04:19,LIGHT,67,
2026-04-23,04:20,LIGHT,66,
2026-04-23,04:21,LIGHT,67,
2026-04-23,04:22,LIGHT,66,
2026-04-23,04:23,LIGHT,66,
2026-04-23,04:24,LIGHT,67,
2026-04-23,04:25,LIGHT,67,
2026-04-23,04:26,LIGHT,67,
2026-04-23,04:27,DEEP,67,
2026-04-23,04:28,DEEP,67,
2026-04-23,04:29,DEEP,67,
2026-04-23,04:30,DEEP,67,
2026-04-23,04:31,DEEP,67,
2026-04-23,04:32,DEEP,67,
2026-04-23,04:33,DEEP,67,
2026-04-23,04:34,DEEP,67,
2026-04-23,04:35,DEEP,67,
2026-04-23,04:36,DEEP,66,
2026-04-23,04:37,DEEP,68,
2026-04-23,04:38,DEEP,78,
2026-04-23,04:39,DEEP,68,
2026-04-23,04:40,DEEP,66,
2026-04-23,04:41,DEEP,62,
2026-04-23,04:42,DEEP,63,
2026-04-23,04:43,DEEP,66,
2026-04-23,04:44,DEEP,66,
2026-04-23,04:45,DEEP,67,
2026-04-23,04:46,DEEP,67,
2026-04-23,04:47,LIGHT,67,
2026-04-23,04:48,LIGHT,68,
2026-04-23,04:49,LIGHT,68,
2026-04-23,04:50,LIGHT,65,
2026-04-23,04:51,LIGHT,75,
2026-04-23,04:52,LIGHT,66,
2026-04-23,04:53,LIGHT,66,
2026-04-23,04:54,LIGHT,68,
2026-04-23,04:55,LIGHT,68,
2026-04-23,04:56,LIGHT,74,
2026-04-23,04:57,DEEP,66,
2026-04-23,04:58,DEEP,66,
2026-04-23,04:59,DEEP,71,
2026-04-23,05:00,DEEP,68,
2026-04-23,05:01,DEEP,67,
2026-04-23,05:02,DEEP,75,
2026-04-23,05:03,DEEP,69,
2026-04-23,05:04,DEEP,65,
2026-04-23,05:05,DEEP,67,
2026-04-23,05:06,DEEP,67,
2026-04-23,05:07,LIGHT,66,
2026-04-23,05:08,LIGHT,69,
2026-04-23,05:09,LIGHT,71,
2026-04-23,05:10,LIGHT,60,
2026-04-23,05:11,LIGHT,58,
2026-04-23,05:12,LIGHT,58,
2026-04-23,05:13,REM,61,
2026-04-23,05:14,REM,64,
2026-04-23,05:15,REM,59,
2026-04-23,05:16,REM,61,
2026-04-23,05:17,LIGHT,62,
2026-04-23,05:18,LIGHT,63,
2026-04-23,05:19,LIGHT,66,
2026-04-23,05:20,WAKE,73,
2026-04-23,05:21,LIGHT,64,
2026-04-23,05:22,LIGHT,66,
2026-04-23,05:23,LIGHT,71,
2026-04-23,05:24,REM,71,
2026-04-23,05:25,REM,66,
2026-04-23,05:26,REM,63,
2026-04-23,05:27,REM,65,
2026-04-23,05:28,REM,69,
2026-04-23,05:29,REM,62,
2026-04-23,05:30,REM,59,
2026-04-23,05:31,REM,61,
2026-04-23,05:32,REM,61,
2026-04-23,05:33,REM,61,
2026-04-23,05:34,REM,62,
2026-04-23,05:35,REM,63,
2026-04-23,05:36,REM,63,
2026-04-23,05:37,REM,64,
2026-04-23,05:38,REM,64,
2026-04-23,05:39,REM,64,
2026-04-23,05:40,REM,64,
2026-04-23,05:41,REM,64,
2026-04-23,05:42,LIGHT,64,
2026-04-23,05:43,LIGHT,70,
2026-04-23,05:44,LIGHT,66,
2026-04-23,05:45,LIGHT,62,
2026-04-23,05:46,LIGHT,62,
2026-04-23,05:47,LIGHT,62,
2026-04-23,05:48,LIGHT,62,
2026-04-23,05:49,LIGHT,62,
2026-04-23,05:50,LIGHT,62,
2026-04-23,05:51,LIGHT,63,
2026-04-23,05:52,LIGHT,63,
2026-04-23,05:53,LIGHT,63,
2026-04-23,05:54,LIGHT,64,
2026-04-23,05:55,LIGHT,64,
2026-04-23,05:56,LIGHT,64,
2026-04-23,05:57,LIGHT,63,
2026-04-23,05:58,LIGHT,63,
2026-04-23,05:59,LIGHT,64,
2026-04-23,06:00,LIGHT,64,
2026-04-23,06:01,LIGHT,64,
2026-04-23,06:02,LIGHT,64,
2026-04-23,06:03,LIGHT,64,
2026-04-23,06:04,LIGHT,64,
2026-04-23,06:05,LIGHT,64,
2026-04-23,06:06,DEEP,63,
2026-04-23,06:07,DEEP,63,
2026-04-23,06:08,DEEP,64,
2026-04-23,06:09,DEEP,69,
2026-04-23,06:10,DEEP,59,
2026-04-23,06:11,LIGHT,56,
2026-04-23,06:12,LIGHT,56,
2026-04-23,06:13,LIGHT,57,
2026-04-23,06:14,LIGHT,58,
2026-04-23,06:15,LIGHT,58,
2026-04-23,06:16,LIGHT,58,
2026-04-23,06:17,LIGHT,59,
2026-04-23,06:18,LIGHT,60,
2026-04-23,06:19,LIGHT,60,
2026-04-23,06:20,LIGHT,67,
2026-04-23,06:21,LIGHT,71,
2026-04-23,06:22,LIGHT,68,
2026-04-23,06:23,LIGHT,74,
2026-04-23,06:24,LIGHT,81,
2026-04-23,06:25,LIGHT,88,
2026-04-23,06:26,LIGHT,80,
2026-04-23,06:27,LIGHT,74,
2026-04-23,06:28,LIGHT,76,
2026-04-23,06:29,REM,78,
2026-04-23,06:30,REM,85,
2026-04-23,06:31,REM,87,
2026-04-23,06:32,REM,87,
2026-04-23,06:33,REM,79,
2026-04-23,06:34,REM,76,
2026-04-23,06:35,REM,78,
2026-04-23,06:36,REM,76,
2026-04-23,06:37,REM,78,
2026-04-23,06:38,REM,80,
2026-04-23,06:39,REM,77,
2026-04-23,06:40,REM,82,
2026-04-23,06:41,REM,85,
2026-04-23,06:42,REM,87,
2026-04-23,06:43,REM,81,
2026-04-23,06:44,REM,81,
2026-04-23,06:45,REM,83,
2026-04-23,06:46,REM,88,
2026-04-23,06:47,REM,86,
2026-04-23,06:48,REM,86,
2026-04-23,06:49,REM,96,
2026-04-23,06:50,REM,101,
2026-04-23,06:51,REM,104,
2026-04-23,06:52,REM,108,
2026-04-23,06:53,REM,103,
2026-04-23,06:54,REM,104,
2026-04-23,06:55,REM,101,
2026-04-23,06:56,LIGHT,107,
2026-04-23,06:57,LIGHT,104,
2026-04-23,06:58,LIGHT,83,
2026-04-23,06:59,LIGHT,83,
2026-04-23,07:00,LIGHT,80,
2026-04-23,07:01,LIGHT,79,
2026-04-23,07:02,LIGHT,83,
2026-04-23,07:03,LIGHT,85,
2026-04-23,07:04,LIGHT,87,
2026-04-23,07:05,LIGHT,82,
2026-04-23,07:06,LIGHT,84,
2026-04-23,07:07,LIGHT,84,
2026-04-23,07:08,LIGHT,86,
2026-04-23,07:09,LIGHT,85,
2026-04-23,07:10,LIGHT,86,
2026-04-23,07:11,LIGHT,79,
2026-04-23,07:12,LIGHT,88,
2026-04-23,07:13,LIGHT,95,
2026-04-23,07:14,LIGHT,83,
2026-04-23,07:15,LIGHT,83,
2026-04-23,07:16,LIGHT,81,
2026-04-23,07:17,LIGHT,80,
2026-04-23,07:18,LIGHT,77,
2026-04-23,07:19,LIGHT,77,
2026-04-23,07:20,LIGHT,76,
2026-04-23,07:21,LIGHT,79,
2026-04-23,07:22,LIGHT,77,
2026-04-23,07:23,LIGHT,77,
2026-04-23,07:24,LIGHT,78,
2026-04-23,07:25,LIGHT,77,
2026-04-23,07:26,LIGHT,77,
2026-04-23,07:27,LIGHT,79,
2026-04-23,07:28,LIGHT,80,
2026-04-23,07:29,LIGHT,77,
2026-04-23,07:30,LIGHT,77,
2026-04-23,07:31,LIGHT,78,
2026-04-23,07:32,LIGHT,77,
2026-04-23,07:33,LIGHT,74,
2026-04-23,07:34,LIGHT,76,
2026-04-23,07:35,LIGHT,76,
2026-04-23,07:36,LIGHT,76,
2026-04-23,07:37,LIGHT,77,
2026-04-23,07:38,LIGHT,71,
2026-04-23,07:39,LIGHT,75,
2026-04-23,07:40,LIGHT,80,
2026-04-23,07:41,LIGHT,77,
2026-04-23,07:42,LIGHT,83,
2026-04-23,07:43,LIGHT,96,
2026-04-23,07:44,LIGHT,101,
2026-04-23,07:45,LIGHT,112,
2026-04-23,07:46,LIGHT,110,
2026-04-23,07:47,LIGHT,111,
2026-04-23,07:48,REM,110,
2026-04-23,07:49,REM,104,
2026-04-23,07:50,REM,105,
2026-04-23,07:51,REM,114,
2026-04-23,07:52,REM,121,
2026-04-23,07:53,REM,122,
2026-04-23,07:54,REM,115,
2026-04-23,07:55,REM,118,
2026-04-23,07:56,REM,97,
2026-04-23,07:57,REM,92,
2026-04-23,07:58,REM,96,
2026-04-23,07:59,REM,98,
2026-04-23,08:00,REM,100,
2026-04-23,08:01,REM,92,
2026-04-23,08:02,REM,87,
2026-04-23,08:03,REM,80,
2026-04-23,08:04,REM,80,
2026-04-23,08:05,REM,80,
2026-04-23,08:06,REM,80,
2026-04-23,08:07,REM,77,
2026-04-23,08:08,REM,77,
2026-04-23,08:09,REM,79,
2026-04-23,08:10,REM,78,
2026-04-23,08:11,REM,75,
2026-04-23,08:12,REM,75,
2026-04-23,08:13,REM,76,
2026-04-23,08:14,REM,75,
2026-04-23,08:15,REM,75,
2026-04-23,08:16,REM,75,
2026-04-23,08:17,REM,73,
2026-04-23,08:18,REM,74,
2026-04-23,08:19,REM,84,
2026-04-23,08:20,REM,86,
2026-04-23,08:21,REM,88,
2026-04-23,08:22,REM,88,
2026-04-23,08:23,REM,88,
2026-04-23,08:24,REM,87,
2026-04-23,08:25,REM,87,
2026-04-23,08:26,REM,80,
2026-04-23,08:27,LIGHT,76,
2026-04-23,08:28,LIGHT,83,
2026-04-23,08:29,LIGHT,83,
2026-04-23,08:30,WAKE,77,
2026-04-23,08:31,LIGHT,78,
2026-04-24,00:44,LIGHT,79,
2026-04-24,00:45,LIGHT,79,
2026-04-24,00:46,LIGHT,78,
2026-04-24,00:47,LIGHT,71,
2026-04-24,00:48,LIGHT,76,
2026-04-24,00:49,LIGHT,73,
2026-04-24,00:50,LIGHT,74,
2026-04-24,00:51,LIGHT,71,
2026-04-24,00:52,LIGHT,68,
2026-04-24,00:53,LIGHT,68,
2026-04-24,00:54,LIGHT,69,
2026-04-24,00:55,LIGHT,70,
2026-04-24,00:56,LIGHT,71,
2026-04-24,00:57,LIGHT,72,
2026-04-24,00:58,LIGHT,72,
2026-04-24,00:59,LIGHT,74,
2026-04-24,01:00,LIGHT,71,
2026-04-24,01:01,LIGHT,70,
2026-04-24,01:02,LIGHT,70,
2026-04-24,01:03,DEEP,71,
2026-04-24,01:04,DEEP,71,
2026-04-24,01:05,DEEP,71,
2026-04-24,01:06,DEEP,72,
2026-04-24,01:07,DEEP,72,
2026-04-24,01:08,DEEP,71,
2026-04-24,01:09,DEEP,71,
2026-04-24,01:10,DEEP,72,
2026-04-24,01:11,DEEP,73,
2026-04-24,01:12,DEEP,74,
2026-04-24,01:13,DEEP,75,
2026-04-24,01:14,DEEP,75,
2026-04-24,01:15,DEEP,75,
2026-04-24,01:16,DEEP,75,
2026-04-24,01:17,DEEP,75,
2026-04-24,01:18,DEEP,75,
2026-04-24,01:19,DEEP,76,
2026-04-24,01:20,DEEP,76,
2026-04-24,01:21,DEEP,76,
2026-04-24,01:22,DEEP,77,
2026-04-24,01:23,DEEP,77,
2026-04-24,01:24,DEEP,77,
2026-04-24,01:25,DEEP,77,
2026-04-24,01:26,DEEP,77,
2026-04-24,01:27,DEEP,77,
2026-04-24,01:28,DEEP,77,
2026-04-24,01:29,DEEP,85,
2026-04-24,01:30,DEEP,76,
2026-04-24,01:31,DEEP,75,
2026-04-24,01:32,DEEP,75,
2026-04-24,01:33,DEEP,76,
2026-04-24,01:34,DEEP,76,
2026-04-24,01:35,DEEP,76,
2026-04-24,01:36,DEEP,76,
2026-04-24,01:37,DEEP,76,
2026-04-24,01:38,DEEP,77,
2026-04-24,01:39,DEEP,77,
2026-04-24,01:40,DEEP,77,
2026-04-24,01:41,DEEP,77,
2026-04-24,01:42,DEEP,77,
2026-04-24,01:43,DEEP,78,
2026-04-24,01:44,DEEP,78,
2026-04-24,01:45,DEEP,77,
2026-04-24,01:46,DEEP,78,
2026-04-24,01:47,DEEP,80,
2026-04-24,01:48,LIGHT,83,
2026-04-24,01:49,LIGHT,83,
2026-04-24,01:50,LIGHT,82,
2026-04-24,01:51,LIGHT,85,
2026-04-24,01:52,LIGHT,85,
2026-04-24,01:53,REM,78,
2026-04-24,01:54,REM,78,
2026-04-24,01:55,REM,78,
2026-04-24,01:56,REM,78,
2026-04-24,01:57,REM,80,
2026-04-24,01:58,REM,80,
2026-04-24,01:59,REM,81,
2026-04-24,02:00,REM,82,
2026-04-24,02:01,REM,82,
2026-04-24,02:02,LIGHT,80,
2026-04-24,02:03,LIGHT,81,
2026-04-24,02:04,LIGHT,81,
2026-04-24,02:05,LIGHT,78,
2026-04-24,02:06,LIGHT,81,
2026-04-24,02:07,LIGHT,72,
2026-04-24,02:08,LIGHT,72,
2026-04-24,02:09,LIGHT,73,
2026-04-24,02:10,LIGHT,73,
2026-04-24,02:11,LIGHT,73,
2026-04-24,02:12,LIGHT,73,
2026-04-24,02:13,LIGHT,73,
2026-04-24,02:14,LIGHT,73,
2026-04-24,02:15,LIGHT,73,
2026-04-24,02:16,LIGHT,73,
2026-04-24,02:17,LIGHT,78,
2026-04-24,02:18,LIGHT,70,
2026-04-24,02:19,LIGHT,69,
2026-04-24,02:20,LIGHT,70,
2026-04-24,02:21,LIGHT,70,
2026-04-24,02:22,LIGHT,72,
2026-04-24,02:23,LIGHT,72,
2026-04-24,02:24,LIGHT,72,
2026-04-24,02:25,LIGHT,72,
2026-04-24,02:26,LIGHT,72,
2026-04-24,02:27,LIGHT,72,
2026-04-24,02:28,LIGHT,72,
2026-04-24,02:29,LIGHT,72,
2026-04-24,02:30,LIGHT,72,
2026-04-24,02:31,LIGHT,72,
2026-04-24,02:32,LIGHT,72,
2026-04-24,02:33,LIGHT,79,
2026-04-24,02:34,WAKE,83,
2026-04-24,02:35,LIGHT,80,
2026-04-24,02:36,LIGHT,69,
2026-04-24,02:37,LIGHT,69,
2026-04-24,02:38,LIGHT,71,
2026-04-24,02:39,LIGHT,73,
2026-04-24,02:40,LIGHT,73,
2026-04-24,02:41,LIGHT,77,
2026-04-24,02:42,LIGHT,77,
2026-04-24,02:43,LIGHT,71,
2026-04-24,02:44,LIGHT,69,
2026-04-24,02:45,LIGHT,69,
2026-04-24,02:46,LIGHT,70,
2026-04-24,02:47,LIGHT,70,
2026-04-24,02:48,LIGHT,70,
2026-04-24,02:49,LIGHT,70,
2026-04-24,02:50,LIGHT,70,
2026-04-24,02:51,LIGHT,70,
2026-04-24,02:52,LIGHT,71,
2026-04-24,02:53,LIGHT,71,
2026-04-24,02:54,LIGHT,71,
2026-04-24,02:55,LIGHT,71,
2026-04-24,02:56,LIGHT,71,
2026-04-24,02:57,LIGHT,71,
2026-04-24,02:58,LIGHT,71,
2026-04-24,02:59,LIGHT,71,
2026-04-24,03:00,LIGHT,71,
2026-04-24,03:01,LIGHT,71,
2026-04-24,03:02,LIGHT,71,
2026-04-24,03:03,LIGHT,71,
2026-04-24,03:04,LIGHT,71,
2026-04-24,03:05,LIGHT,71,
2026-04-24,03:06,LIGHT,71,
2026-04-24,03:07,REM,78,
2026-04-24,03:08,REM,82,
2026-04-24,03:09,REM,69,
2026-04-24,03:10,REM,67,
2026-04-24,03:11,REM,69,
2026-04-24,03:12,REM,72,
2026-04-24,03:13,REM,74,
2026-04-24,03:14,REM,74,
2026-04-24,03:15,REM,76,
2026-04-24,03:16,REM,81,
2026-04-24,03:17,REM,82,
2026-04-24,03:18,REM,73,
2026-04-24,03:19,REM,71,
2026-04-24,03:20,REM,71,
2026-04-24,03:21,REM,72,
2026-04-24,03:22,REM,72,
2026-04-24,03:23,REM,72,
2026-04-24,03:24,REM,73,
2026-04-24,03:25,REM,75,
2026-04-24,03:26,REM,74,
2026-04-24,03:27,REM,74,
2026-04-24,03:28,REM,74,
2026-04-24,03:29,REM,74,
2026-04-24,03:30,REM,70,
2026-04-24,03:31,REM,74,
2026-04-24,03:32,REM,79,
2026-04-24,03:33,REM,74,
2026-04-24,03:34,REM,74,
2026-04-24,03:35,REM,72,
2026-04-24,03:36,REM,77,
2026-04-24,03:37,LIGHT,75,
2026-04-24,03:38,LIGHT,75,
2026-04-24,03:39,LIGHT,86,
2026-04-24,03:40,LIGHT,77,
2026-04-24,03:41,LIGHT,76,
2026-04-24,03:42,LIGHT,75,
2026-04-24,03:43,LIGHT,73,
2026-04-24,03:44,LIGHT,72,
2026-04-24,03:45,LIGHT,73,
2026-04-24,03:46,LIGHT,76,
2026-04-24,03:47,LIGHT,75,
2026-04-24,03:48,LIGHT,77,
2026-04-24,03:49,LIGHT,75,
2026-04-24,03:50,LIGHT,77,
2026-04-24,03:51,LIGHT,73,
2026-04-24,03:52,LIGHT,72,
2026-04-24,03:53,LIGHT,72,
2026-04-24,03:54,LIGHT,70,
2026-04-24,03:55,LIGHT,69,
2026-04-24,03:56,LIGHT,69,
2026-04-24,03:57,LIGHT,73,
2026-04-24,03:58,LIGHT,68,
2026-04-24,03:59,LIGHT,70,
2026-04-24,04:00,LIGHT,72,
2026-04-24,04:01,LIGHT,72,
2026-04-24,04:02,LIGHT,71,
2026-04-24,04:03,LIGHT,71,
2026-04-24,04:04,LIGHT,70,
2026-04-24,04:05,LIGHT,71,
2026-04-24,04:06,LIGHT,71,
2026-04-24,04:07,LIGHT,71,
2026-04-24,04:08,LIGHT,79,
2026-04-24,04:09,LIGHT,69,
2026-04-24,04:10,LIGHT,67,
2026-04-24,04:11,LIGHT,67,
2026-04-24,04:12,LIGHT,67,
2026-04-24,04:13,LIGHT,67,
2026-04-24,04:14,LIGHT,67,
2026-04-24,04:15,LIGHT,66,
2026-04-24,04:16,LIGHT,66,
2026-04-24,04:17,DEEP,66,
2026-04-24,04:18,DEEP,66,
2026-04-24,04:19,DEEP,67,
2026-04-24,04:20,DEEP,67,
2026-04-24,04:21,DEEP,66,
2026-04-24,04:22,DEEP,65,
2026-04-24,04:23,DEEP,65,
2026-04-24,04:24,DEEP,65,
2026-04-24,04:25,DEEP,65,
2026-04-24,04:26,DEEP,65,
2026-04-24,04:27,DEEP,65,
2026-04-24,04:28,DEEP,65,
2026-04-24,04:29,DEEP,65,
2026-04-24,04:30,DEEP,65,
2026-04-24,04:31,DEEP,65,
2026-04-24,04:32,DEEP,65,
2026-04-24,04:33,DEEP,65,
2026-04-24,04:34,DEEP,65,
2026-04-24,04:35,DEEP,65,
2026-04-24,04:36,DEEP,65,
2026-04-24,04:37,DEEP,65,
2026-04-24,04:38,DEEP,65,
2026-04-24,04:39,LIGHT,75,
2026-04-24,04:40,LIGHT,80,
2026-04-24,04:41,LIGHT,79,
2026-04-24,04:42,LIGHT,65,
2026-04-24,04:43,LIGHT,63,
2026-04-24,04:44,LIGHT,64,
2026-04-24,04:45,LIGHT,65,
2026-04-24,04:46,LIGHT,66,
2026-04-24,04:47,REM,67,
2026-04-24,04:48,REM,67,
2026-04-24,04:49,REM,67,
2026-04-24,04:50,REM,67,
2026-04-24,04:51,REM,67,
2026-04-24,04:52,REM,67,
2026-04-24,04:53,REM,69,
2026-04-24,04:54,REM,67,
2026-04-24,04:55,REM,61,
2026-04-24,04:56,REM,61,
2026-04-24,04:57,REM,66,
2026-04-24,04:58,REM,61,
2026-04-24,04:59,REM,61,
2026-04-24,05:00,REM,65,
2026-04-24,05:01,REM,66,
2026-04-24,05:02,REM,66,
2026-04-24,05:03,REM,71,
2026-04-24,05:04,REM,68,
2026-04-24,05:05,REM,70,
2026-04-24,05:06,REM,70,
2026-04-24,05:07,REM,70,
2026-04-24,05:08,REM,69,
2026-04-24,05:09,REM,77,
2026-04-24,05:10,REM,66,
2026-04-24,05:11,REM,66,
2026-04-24,05:12,REM,64,
2026-04-24,05:13,REM,59,
2026-04-24,05:14,REM,64,
2026-04-24,05:15,REM,65,
2026-04-24,05:16,REM,65,
2026-04-24,05:17,REM,63,
2026-04-24,05:18,REM,66,
2026-04-24,05:19,REM,70,
2026-04-24,05:20,REM,73,
2026-04-24,05:21,REM,69,
2026-04-24,05:22,REM,68,
2026-04-24,05:23,REM,74,
2026-04-24,05:24,LIGHT,66,
2026-04-24,05:25,LIGHT,62,
2026-04-24,05:26,LIGHT,68,
2026-04-24,05:27,LIGHT,69,
2026-04-24,05:28,LIGHT,69,
2026-04-24,05:29,LIGHT,64,
2026-04-24,05:30,LIGHT,64,
2026-04-24,05:31,LIGHT,64,
2026-04-24,05:32,LIGHT,64,
2026-04-24,05:33,LIGHT,65,
2026-04-24,05:34,LIGHT,71,
2026-04-24,05:35,LIGHT,69,
2026-04-24,05:36,LIGHT,66,
2026-04-24,05:37,LIGHT,60,
2026-04-24,05:38,LIGHT,62,
2026-04-24,05:39,LIGHT,72,
2026-04-24,05:40,LIGHT,66,
2026-04-24,05:41,LIGHT,63,
2026-04-24,05:42,LIGHT,62,
2026-04-24,05:43,LIGHT,62,
2026-04-24,05:44,LIGHT,64,
2026-04-24,05:45,LIGHT,64,
2026-04-24,05:46,LIGHT,65,
2026-04-24,05:47,LIGHT,65,
2026-04-24,05:48,LIGHT,66,
2026-04-24,05:49,LIGHT,67,
2026-04-24,05:50,LIGHT,67,
2026-04-24,05:51,LIGHT,67,
2026-04-24,05:52,LIGHT,67,
2026-04-24,05:53,LIGHT,65,
2026-04-24,05:54,LIGHT,67,
2026-04-24,05:55,LIGHT,67,
2026-04-24,05:56,LIGHT,67,
2026-04-24,05:57,LIGHT,66,
2026-04-24,05:58,LIGHT,66,
2026-04-24,05:59,LIGHT,66,
2026-04-24,06:00,LIGHT,66,
2026-04-24,06:01,LIGHT,68,
2026-04-24,06:02,LIGHT,68,
2026-04-24,06:03,LIGHT,68,
2026-04-24,06:04,LIGHT,68,
2026-04-24,06:05,LIGHT,68,
2026-04-24,06:06,LIGHT,68,
2026-04-24,06:07,LIGHT,67,
2026-04-24,06:08,LIGHT,69,
2026-04-24,06:09,LIGHT,68,
2026-04-24,06:10,LIGHT,68,
2026-04-24,06:11,LIGHT,68,
2026-04-24,06:12,LIGHT,67,
2026-04-24,06:13,LIGHT,67,
2026-04-24,06:14,LIGHT,67,
2026-04-24,06:15,LIGHT,67,
2026-04-24,06:16,LIGHT,67,
2026-04-24,06:17,LIGHT,67,
2026-04-24,06:18,LIGHT,67,
2026-04-24,06:19,LIGHT,67,
2026-04-24,06:20,LIGHT,67,
2026-04-24,06:21,LIGHT,74,
2026-04-25,00:36,LIGHT,65,
2026-04-25,00:37,LIGHT,64,
2026-04-25,00:38,LIGHT,64,
2026-04-25,00:39,LIGHT,64,
2026-04-25,00:40,LIGHT,64,
2026-04-25,00:41,LIGHT,62,
2026-04-25,00:42,LIGHT,63,
2026-04-25,00:43,WAKE,63,
2026-04-25,00:44,LIGHT,60,
2026-04-25,00:45,LIGHT,67,
2026-04-25,00:46,LIGHT,67,
2026-04-25,00:47,LIGHT,65,
2026-04-25,00:48,LIGHT,66,
2026-04-25,00:49,LIGHT,66,
2026-04-25,00:50,LIGHT,65,
2026-04-25,00:51,LIGHT,62,
2026-04-25,00:52,LIGHT,72,
2026-04-25,00:53,LIGHT,74,
2026-04-25,00:54,LIGHT,66,
2026-04-25,00:55,LIGHT,66,
2026-04-25,00:56,LIGHT,66,
2026-04-25,00:57,DEEP,63,
2026-04-25,00:58,DEEP,65,
2026-04-25,00:59,DEEP,69,
2026-04-25,01:00,DEEP,66,
2026-04-25,01:01,DEEP,67,
2026-04-25,01:02,DEEP,67,
2026-04-25,01:03,DEEP,67,
2026-04-25,01:04,DEEP,69,
2026-04-25,01:05,DEEP,66,
2026-04-25,01:06,DEEP,64,
2026-04-25,01:07,DEEP,63,
2026-04-25,01:08,DEEP,63,
2026-04-25,01:09,DEEP,63,
2026-04-25,01:10,DEEP,65,
2026-04-25,01:11,DEEP,72,
2026-04-25,01:12,DEEP,71,
2026-04-25,01:13,DEEP,75,
2026-04-25,01:14,DEEP,70,
2026-04-25,01:15,DEEP,72,
2026-04-25,01:16,DEEP,69,
2026-04-25,01:17,DEEP,66,
2026-04-25,01:18,DEEP,71,
2026-04-25,01:19,DEEP,78,
2026-04-25,01:20,DEEP,73,
2026-04-25,01:21,DEEP,65,
2026-04-25,01:22,DEEP,63,
2026-04-25,01:23,DEEP,60,
2026-04-25,01:24,DEEP,57,
2026-04-25,01:25,DEEP,56,
2026-04-25,01:26,DEEP,54,
2026-04-25,01:27,DEEP,57,
2026-04-25,01:28,DEEP,54,
2026-04-25,01:29,DEEP,54,
2026-04-25,01:30,DEEP,55,
2026-04-25,01:31,DEEP,52,
2026-04-25,01:32,DEEP,52,
2026-04-25,01:33,DEEP,53,
2026-04-25,01:34,DEEP,54,
2026-04-25,01:35,DEEP,54,
2026-04-25,01:36,DEEP,54,
2026-04-25,01:37,DEEP,54,
2026-04-25,01:38,DEEP,55,
2026-04-25,01:39,DEEP,55,
2026-04-25,01:40,DEEP,55,
2026-04-25,01:41,DEEP,56,
2026-04-25,01:42,DEEP,56,
2026-04-25,01:43,DEEP,56,
2026-04-25,01:44,DEEP,56,
2026-04-25,01:45,LIGHT,56,
2026-04-25,01:46,LIGHT,56,
2026-04-25,01:47,LIGHT,56,
2026-04-25,01:48,LIGHT,56,
2026-04-25,01:49,REM,56,
2026-04-25,01:50,REM,58,
2026-04-25,01:51,REM,57,
2026-04-25,01:52,REM,55,
2026-04-25,01:53,REM,55,
2026-04-25,01:54,REM,55,
2026-04-25,01:55,REM,56,
2026-04-25,01:56,REM,56,
2026-04-25,01:57,REM,54,
2026-04-25,01:58,REM,66,
2026-04-25,01:59,REM,73,
2026-04-25,02:00,REM,67,
2026-04-25,02:01,REM,59,
2026-04-25,02:02,REM,56,
2026-04-25,02:03,REM,55,
2026-04-25,02:04,REM,55,
2026-04-25,02:05,REM,55,
2026-04-25,02:06,REM,55,
2026-04-25,02:07,LIGHT,55,
2026-04-25,02:08,LIGHT,55,
2026-04-25,02:09,LIGHT,55,
2026-04-25,02:10,LIGHT,55,
2026-04-25,02:11,LIGHT,55,
2026-04-25,02:12,LIGHT,55,
2026-04-25,02:13,LIGHT,55,
2026-04-25,02:14,LIGHT,55,
2026-04-25,02:15,LIGHT,55,
2026-04-25,02:16,LIGHT,56,
2026-04-25,02:17,LIGHT,59,
2026-04-25,02:18,LIGHT,54,
2026-04-25,02:19,LIGHT,54,
2026-04-25,02:20,LIGHT,54,
2026-04-25,02:21,LIGHT,54,
2026-04-25,02:22,LIGHT,61,
2026-04-25,02:23,LIGHT,58,
2026-04-25,02:24,LIGHT,55,
2026-04-25,02:25,LIGHT,55,
2026-04-25,02:26,LIGHT,61,
2026-04-25,02:27,LIGHT,55,
2026-04-25,02:28,LIGHT,56,
2026-04-25,02:29,DEEP,56,
2026-04-25,02:30,DEEP,61,
2026-04-25,02:31,DEEP,58,
2026-04-25,02:32,DEEP,63,
2026-04-25,02:33,DEEP,60,
2026-04-25,02:34,LIGHT,64,
2026-04-25,02:35,LIGHT,58,
2026-04-25,02:36,LIGHT,57,
2026-04-25,02:37,LIGHT,57,
2026-04-25,02:38,LIGHT,58,
2026-04-25,02:39,LIGHT,58,
2026-04-25,02:40,LIGHT,59,
2026-04-25,02:41,LIGHT,60,
2026-04-25,02:42,LIGHT,62,
2026-04-25,02:43,LIGHT,59,
2026-04-25,02:44,LIGHT,58,
2026-04-25,02:45,LIGHT,58,
2026-04-25,02:46,LIGHT,63,
2026-04-25,02:47,LIGHT,57,
2026-04-25,02:48,LIGHT,54,
2026-04-25,02:49,LIGHT,55,
2026-04-25,02:50,LIGHT,56,
2026-04-25,02:51,LIGHT,56,
2026-04-25,02:52,LIGHT,57,
2026-04-25,02:53,LIGHT,57,
2026-04-25,02:54,LIGHT,57,
2026-04-25,02:55,LIGHT,65,
2026-04-25,02:56,DEEP,61,
2026-04-25,02:57,DEEP,57,
2026-04-25,02:58,DEEP,57,
2026-04-25,02:59,DEEP,57,
2026-04-25,03:00,DEEP,57,
2026-04-25,03:01,DEEP,58,
2026-04-25,03:02,DEEP,58,
2026-04-25,03:03,DEEP,58,
2026-04-25,03:04,DEEP,58,
2026-04-25,03:05,DEEP,58,
2026-04-25,03:06,DEEP,58,
2026-04-25,03:07,DEEP,63,
2026-04-25,03:08,DEEP,74,
2026-04-25,03:09,LIGHT,60,
2026-04-25,03:10,LIGHT,57,
2026-04-25,03:11,LIGHT,56,
2026-04-25,03:12,LIGHT,57,
2026-04-25,03:13,REM,55,
2026-04-25,03:14,REM,56,
2026-04-25,03:15,REM,56,
2026-04-25,03:16,REM,56,
2026-04-25,03:17,REM,56,
2026-04-25,03:18,REM,56,
2026-04-25,03:19,REM,56,
2026-04-25,03:20,REM,56,
2026-04-25,03:21,REM,56,
2026-04-25,03:22,REM,56,
2026-04-25,03:23,REM,56,
2026-04-25,03:24,REM,56,
2026-04-25,03:25,REM,57,
2026-04-25,03:26,REM,56,
2026-04-25,03:27,REM,56,
2026-04-25,03:28,REM,56,
2026-04-25,03:29,REM,58,
2026-04-25,03:30,REM,55,
2026-04-25,03:31,REM,60,
2026-04-25,03:32,REM,69,
2026-04-25,03:33,REM,60,
2026-04-25,03:34,REM,59,
2026-04-25,03:35,REM,56,
2026-04-25,03:36,REM,53,
2026-04-25,03:37,LIGHT,54,
2026-04-25,03:38,LIGHT,55,
2026-04-25,03:39,LIGHT,52,
2026-04-25,03:40,WAKE,53,
2026-04-25,03:41,LIGHT,55,
2026-04-25,03:42,LIGHT,60,
2026-04-25,03:43,LIGHT,59,
2026-04-25,03:44,LIGHT,58,
2026-04-25,03:45,REM,59,
2026-04-25,03:46,REM,64,
2026-04-25,03:47,REM,68,
2026-04-25,03:48,REM,70,
2026-04-25,03:49,REM,67,
2026-04-25,03:50,REM,72,
2026-04-25,03:51,REM,61,
2026-04-25,03:52,REM,61,
2026-04-25,03:53,REM,57,
2026-04-25,03:54,REM,57,
2026-04-25,03:55,LIGHT,61,
2026-04-25,03:56,LIGHT,62,
2026-04-25,03:57,LIGHT,59,
2026-04-25,03:58,LIGHT,57,
2026-04-25,03:59,LIGHT,57,
2026-04-25,04:00,LIGHT,57,
2026-04-25,04:01,LIGHT,57,
2026-04-25,04:02,LIGHT,57,
2026-04-25,04:03,LIGHT,57,
2026-04-25,04:04,LIGHT,61,
2026-04-25,04:05,LIGHT,63,
2026-04-25,04:06,LIGHT,65,
2026-04-25,04:07,LIGHT,61,
2026-04-25,04:08,LIGHT,66,
2026-04-25,04:09,LIGHT,68,
2026-04-25,04:10,LIGHT,59,
2026-04-25,04:11,LIGHT,56,
2026-04-25,04:12,LIGHT,57,
2026-04-25,04:13,LIGHT,57,
2026-04-25,04:14,LIGHT,57,
2026-04-25,04:15,LIGHT,57,
2026-04-25,04:16,LIGHT,57,
2026-04-25,04:17,LIGHT,64,
2026-04-25,04:18,LIGHT,58,
2026-04-25,04:19,LIGHT,55,
2026-04-25,04:20,LIGHT,55,
2026-04-25,04:21,LIGHT,56,
2026-04-25,04:22,LIGHT,56,
2026-04-25,04:23,LIGHT,56,
2026-04-25,04:24,LIGHT,56,
2026-04-25,04:25,LIGHT,56,
2026-04-25,04:26,DEEP,56,
2026-04-25,04:27,DEEP,57,
2026-04-25,04:28,DEEP,57,
2026-04-25,04:29,DEEP,57,
2026-04-25,04:30,DEEP,57,
2026-04-25,04:31,DEEP,57,
2026-04-25,04:32,DEEP,57,
2026-04-25,04:33,DEEP,57,
2026-04-25,04:34,DEEP,62,
2026-04-25,04:35,DEEP,64,
2026-04-25,04:36,DEEP,72,
2026-04-25,04:37,LIGHT,64,
2026-04-25,04:38,LIGHT,56,
2026-04-25,04:39,LIGHT,55,
2026-04-25,04:40,WAKE,55,
2026-04-25,04:41,WAKE,56,
2026-04-25,04:42,LIGHT,56,
2026-04-25,04:43,LIGHT,56,
2026-04-25,04:44,LIGHT,56,
2026-04-25,04:45,LIGHT,56,
2026-04-25,04:46,LIGHT,56,
2026-04-25,04:47,LIGHT,56,
2026-04-25,04:48,LIGHT,56,
2026-04-25,04:49,LIGHT,56,
2026-04-25,04:50,LIGHT,56,
2026-04-25,04:51,LIGHT,56,
2026-04-25,04:52,LIGHT,56,
2026-04-25,04:53,LIGHT,56,
2026-04-25,04:54,LIGHT,56,
2026-04-25,04:55,LIGHT,56,
2026-04-25,04:56,LIGHT,56,
2026-04-25,04:57,LIGHT,56,
2026-04-25,04:58,LIGHT,56,
2026-04-25,04:59,LIGHT,56,
2026-04-25,05:00,LIGHT,56,
2026-04-25,05:01,REM,56,
2026-04-25,05:02,REM,56,
2026-04-25,05:03,REM,56,
2026-04-25,05:04,REM,56,
2026-04-25,05:05,REM,56,
2026-04-25,05:06,REM,56,
2026-04-25,05:07,REM,63,
2026-04-25,05:08,REM,57,
2026-04-25,05:09,REM,54,
2026-04-25,05:10,REM,62,
2026-04-25,05:11,REM,56,
2026-04-25,05:12,REM,56,
2026-04-25,05:13,REM,56,
2026-04-25,05:14,REM,57,
2026-04-25,05:15,REM,58,
2026-04-25,05:16,REM,59,
2026-04-25,05:17,REM,59,
2026-04-25,05:18,REM,57,
2026-04-25,05:19,REM,61,
2026-04-25,05:20,REM,59,
2026-04-25,05:21,REM,70,
2026-04-25,05:22,REM,68,
2026-04-25,05:23,REM,59,
2026-04-25,05:24,REM,58,
2026-04-25,05:25,REM,67,
2026-04-25,05:26,REM,57,
2026-04-25,05:27,REM,55,
2026-04-25,05:28,LIGHT,67,
2026-04-25,05:29,LIGHT,61,
2026-04-25,05:30,LIGHT,56,
2026-04-25,05:31,LIGHT,58,
2026-04-25,05:32,LIGHT,56,
2026-04-25,05:33,LIGHT,56,
2026-04-25,05:34,LIGHT,56,
2026-04-25,05:35,LIGHT,66,
2026-04-25,05:36,LIGHT,65,
2026-04-25,05:37,LIGHT,67,
2026-04-25,05:38,LIGHT,61,
2026-04-25,05:39,LIGHT,58,
2026-04-25,05:40,LIGHT,58,
2026-04-25,05:41,LIGHT,56,
2026-04-25,05:42,LIGHT,57,
2026-04-25,05:43,LIGHT,57,
2026-04-25,05:44,LIGHT,65,
2026-04-25,05:45,LIGHT,57,
2026-04-25,05:46,LIGHT,57,
2026-04-25,05:47,LIGHT,55,
2026-04-25,05:48,LIGHT,55,
2026-04-25,05:49,LIGHT,61,
2026-04-25,05:50,LIGHT,55,
2026-04-25,05:51,LIGHT,54,
2026-04-25,05:52,LIGHT,54,
2026-04-25,05:53,LIGHT,54,
2026-04-25,05:54,LIGHT,55,
2026-04-25,05:55,LIGHT,55,
2026-04-25,05:56,LIGHT,54,
2026-04-25,05:57,LIGHT,54,
2026-04-25,05:58,LIGHT,54,
2026-04-25,05:59,LIGHT,55,
2026-04-25,06:00,LIGHT,55,
2026-04-25,06:01,LIGHT,55,
2026-04-25,06:02,LIGHT,55,
2026-04-25,06:03,LIGHT,55,
2026-04-25,06:04,LIGHT,62,
2026-04-25,06:05,LIGHT,55,
2026-04-25,06:06,LIGHT,55,
2026-04-25,06:07,LIGHT,54,
2026-04-25,06:08,LIGHT,54,
2026-04-25,06:09,LIGHT,55,
2026-04-25,06:10,LIGHT,55,
2026-04-25,06:11,LIGHT,55,
2026-04-25,06:12,LIGHT,55,
2026-04-25,06:13,DEEP,57,
2026-04-25,06:14,DEEP,56,
2026-04-25,06:15,DEEP,56,
2026-04-25,06:16,DEEP,56,
2026-04-25,06:17,DEEP,56,
2026-04-25,06:18,DEEP,56,
2026-04-25,06:19,DEEP,56,
2026-04-25,06:20,DEEP,56,
2026-04-25,06:21,DEEP,56,
2026-04-25,06:22,LIGHT,57,
2026-04-25,06:23,LIGHT,57,
2026-04-25,06:24,LIGHT,57,
2026-04-25,06:25,LIGHT,57,
2026-04-25,06:26,LIGHT,57,
2026-04-25,06:27,LIGHT,57,
2026-04-25,06:28,LIGHT,57,
2026-04-25,06:29,REM,58,
2026-04-25,06:30,REM,58,
2026-04-25,06:31,REM,58,
2026-04-25,06:32,REM,58,
2026-04-25,06:33,REM,58,
2026-04-25,06:34,REM,68,
2026-04-25,06:35,REM,72,
2026-04-25,06:36,REM,61,
2026-04-25,06:37,REM,57,
2026-04-25,06:38,REM,55,
2026-04-25,06:39,REM,62,
2026-04-25,06:40,REM,56,
2026-04-25,06:41,REM,58,
2026-04-25,06:42,REM,56,
2026-04-25,06:43,REM,67,
2026-04-25,06:44,REM,59,
2026-04-25,06:45,REM,58,
2026-04-25,06:46,REM,65,
2026-04-25,06:47,REM,61,
2026-04-25,06:48,REM,61,
2026-04-25,06:49,REM,59,
2026-04-25,06:50,REM,60,
2026-04-25,06:51,REM,60,
2026-04-25,06:52,REM,56,
2026-04-25,06:53,REM,61,
2026-04-25,06:54,REM,61,
2026-04-25,06:55,REM,63,
2026-04-25,06:56,REM,62,
2026-04-25,06:57,REM,65,
2026-04-25,06:58,REM,61,
2026-04-25,06:59,REM,57,
2026-04-25,07:00,REM,61,
2026-04-25,07:01,REM,58,
2026-04-25,07:02,REM,62,
2026-04-25,07:03,REM,55,
2026-04-25,07:04,REM,56,
2026-04-25,07:05,REM,58,
2026-04-25,07:06,REM,55,
2026-04-25,07:07,REM,68,
2026-04-25,07:08,REM,61,
2026-04-25,07:09,REM,62,
2026-04-25,07:10,REM,59,
2026-04-25,07:11,REM,63,
2026-04-25,07:12,REM,65,
2026-04-25,07:13,REM,57,
2026-04-25,07:14,REM,54,
2026-04-25,07:15,REM,61,
2026-04-25,07:16,REM,55,
2026-04-25,07:17,REM,55,
2026-04-25,07:18,REM,57,
2026-04-25,07:19,LIGHT,64,
2026-04-25,07:20,LIGHT,68,
2026-04-25,07:21,LIGHT,62,
2026-04-25,07:22,LIGHT,66,
2026-04-25,07:23,LIGHT,68,
2026-04-25,07:24,LIGHT,68,
2026-04-25,07:25,LIGHT,60,
2026-04-25,07:26,LIGHT,67,
2026-04-25,07:27,LIGHT,61,
2026-04-25,07:28,LIGHT,61,
2026-04-25,07:29,LIGHT,60,
2026-04-25,07:30,LIGHT,62,
2026-04-25,07:31,LIGHT,58,
2026-04-25,07:32,LIGHT,60,
2026-04-25,07:33,LIGHT,61,
2026-04-25,07:34,LIGHT,57,
2026-04-25,07:35,LIGHT,62,
2026-04-25,07:36,LIGHT,59,
2026-04-25,07:37,LIGHT,61,
2026-04-25,07:38,LIGHT,65,
2026-04-25,07:39,LIGHT,64,
2026-04-25,07:40,LIGHT,61,
2026-04-25,07:41,LIGHT,68,
2026-04-25,07:42,LIGHT,63,
2026-04-25,07:43,LIGHT,61,
2026-04-25,07:44,LIGHT,61,
2026-04-25,07:45,LIGHT,61,
2026-04-25,07:46,LIGHT,61,
2026-04-25,07:47,LIGHT,61,
2026-04-25,07:48,LIGHT,60,
2026-04-25,07:49,LIGHT,61,
2026-04-25,07:50,LIGHT,61,
2026-04-25,07:51,LIGHT,58,
2026-04-25,07:52,LIGHT,59,
2026-04-25,07:53,LIGHT,59,
2026-04-25,07:54,LIGHT,61,
2026-04-25,07:55,LIGHT,61,
2026-04-25,07:56,LIGHT,63,
2026-04-25,07:57,LIGHT,68,
2026-04-25,07:58,LIGHT,60,
2026-04-25,07:59,LIGHT,58,
2026-04-25,08:00,LIGHT,58,
2026-04-25,08:01,LIGHT,59,
2026-04-25,08:02,LIGHT,59,
2026-04-25,08:03,LIGHT,63,
2026-04-25,08:04,LIGHT,66,
2026-04-25,08:05,LIGHT,60,
2026-04-25,08:06,LIGHT,60,
2026-04-25,08:07,LIGHT,58,
2026-04-25,08:08,LIGHT,58,
2026-04-25,08:09,LIGHT,58,
2026-04-25,08:10,LIGHT,59,
2026-04-25,08:11,LIGHT,60,
2026-04-25,08:12,LIGHT,60,
2026-04-25,08:13,LIGHT,60,
2026-04-26,01:32,LIGHT,69,
2026-04-26,01:33,LIGHT,68,
2026-04-26,01:34,LIGHT,67,
2026-04-26,01:35,LIGHT,68,
2026-04-26,01:36,LIGHT,68,
2026-04-26,01:37,LIGHT,68,
2026-04-26,01:38,LIGHT,68,
2026-04-26,01:39,LIGHT,68,
2026-04-26,01:40,LIGHT,68,
2026-04-26,01:41,LIGHT,68,
2026-04-26,01:42,LIGHT,68,
2026-04-26,01:43,DEEP,68,
2026-04-26,01:44,DEEP,68,
2026-04-26,01:45,DEEP,67,
2026-04-26,01:46,DEEP,67,
2026-04-26,01:47,DEEP,67,
2026-04-26,01:48,DEEP,67,
2026-04-26,01:49,DEEP,66,
2026-04-26,01:50,DEEP,66,
2026-04-26,01:51,DEEP,67,
2026-04-26,01:52,DEEP,67,
2026-04-26,01:53,LIGHT,67,
2026-04-26,01:54,LIGHT,67,
2026-04-26,01:55,LIGHT,67,
2026-04-26,01:56,LIGHT,67,
2026-04-26,01:57,LIGHT,67,
2026-04-26,01:58,LIGHT,67,
2026-04-26,01:59,LIGHT,68,
2026-04-26,02:00,LIGHT,68,
2026-04-26,02:01,LIGHT,68,
2026-04-26,02:02,LIGHT,68,
2026-04-26,02:03,LIGHT,68,
2026-04-26,02:04,LIGHT,75,
2026-04-26,02:05,LIGHT,65,
2026-04-26,02:06,DEEP,61,
2026-04-26,02:07,DEEP,61,
2026-04-26,02:08,DEEP,63,
2026-04-26,02:09,DEEP,65,
2026-04-26,02:10,DEEP,65,
2026-04-26,02:11,DEEP,65,
2026-04-26,02:12,DEEP,65,
2026-04-26,02:13,DEEP,78,
2026-04-26,02:14,DEEP,78,
2026-04-26,02:15,DEEP,67,
2026-04-26,02:16,DEEP,62,
2026-04-26,02:17,DEEP,68,
2026-04-26,02:18,DEEP,74,
2026-04-26,02:19,LIGHT,67,
2026-04-26,02:20,LIGHT,63,
2026-04-26,02:21,LIGHT,65,
2026-04-26,02:22,LIGHT,70,
2026-04-26,02:23,LIGHT,70,
2026-04-26,02:24,LIGHT,72,
2026-04-26,02:25,LIGHT,72,
2026-04-26,02:26,LIGHT,71,
2026-04-26,02:27,LIGHT,71,
2026-04-26,02:28,REM,72,
2026-04-26,02:29,REM,72,
2026-04-26,02:30,REM,74,
2026-04-26,02:31,REM,74,
2026-04-26,02:32,REM,71,
2026-04-26,02:33,REM,71,
2026-04-26,02:34,REM,71,
2026-04-26,02:35,REM,71,
2026-04-26,02:36,REM,70,
2026-04-26,02:37,REM,71,
2026-04-26,02:38,REM,70,
2026-04-26,02:39,REM,70,
2026-04-26,02:40,REM,70,
2026-04-26,02:41,REM,70,
2026-04-26,02:42,REM,70,
2026-04-26,02:43,REM,70,
2026-04-26,02:44,REM,70,
2026-04-26,02:45,REM,70,
2026-04-26,02:46,REM,69,
2026-04-26,02:47,LIGHT,69,
2026-04-26,02:48,LIGHT,68,
2026-04-26,02:49,LIGHT,68,
2026-04-26,02:50,LIGHT,69,
2026-04-26,02:51,LIGHT,69,
2026-04-26,02:52,LIGHT,69,
2026-04-26,02:53,LIGHT,69,
2026-04-26,02:54,LIGHT,69,
2026-04-26,02:55,LIGHT,69,
2026-04-26,02:56,LIGHT,69,
2026-04-26,02:57,LIGHT,69,
2026-04-26,02:58,LIGHT,69,
2026-04-26,02:59,LIGHT,69,
2026-04-26,03:00,LIGHT,69,
2026-04-26,03:01,LIGHT,67,
2026-04-26,03:02,LIGHT,68,
2026-04-26,03:03,LIGHT,69,
2026-04-26,03:04,LIGHT,69,
2026-04-26,03:05,LIGHT,69,
2026-04-26,03:06,LIGHT,68,
2026-04-26,03:07,LIGHT,74,
2026-04-26,03:08,LIGHT,74,
2026-04-26,03:09,LIGHT,66,
2026-04-26,03:10,LIGHT,67,
2026-04-26,03:11,LIGHT,79,
2026-04-26,03:12,LIGHT,70,
2026-04-26,03:13,LIGHT,64,
2026-04-26,03:14,LIGHT,66,
2026-04-26,03:15,LIGHT,71,
2026-04-26,03:16,LIGHT,62,
2026-04-26,03:17,LIGHT,67,
2026-04-26,03:18,LIGHT,68,
2026-04-26,03:19,LIGHT,64,
2026-04-26,03:20,LIGHT,64,
2026-04-26,03:21,LIGHT,65,
2026-04-26,03:22,LIGHT,65,
2026-04-26,03:23,DEEP,66,
2026-04-26,03:24,DEEP,66,
2026-04-26,03:25,DEEP,66,
2026-04-26,03:26,DEEP,66,
2026-04-26,03:27,DEEP,66,
2026-04-26,03:28,DEEP,66,
2026-04-26,03:29,DEEP,67,
2026-04-26,03:30,LIGHT,67,
2026-04-26,03:31,LIGHT,67,
2026-04-26,03:32,LIGHT,67,
2026-04-26,03:33,LIGHT,68,
2026-04-26,03:34,LIGHT,68,
2026-04-26,03:35,LIGHT,74,
2026-04-26,03:36,LIGHT,71,
2026-04-26,03:37,LIGHT,68,
2026-04-26,03:38,LIGHT,63,
2026-04-26,03:39,LIGHT,60,
2026-04-26,03:40,LIGHT,61,
2026-04-26,03:41,REM,61,
2026-04-26,03:42,REM,62,
2026-04-26,03:43,REM,62,
2026-04-26,03:44,REM,62,
2026-04-26,03:45,REM,64,
2026-04-26,03:46,REM,66,
2026-04-26,03:47,REM,68,
2026-04-26,03:48,REM,69,
2026-04-26,03:49,REM,73,
2026-04-26,03:50,REM,74,
2026-04-26,03:51,REM,74,
2026-04-26,03:52,REM,80,
2026-04-26,03:53,REM,67,
2026-04-26,03:54,REM,67,
2026-04-26,03:55,REM,67,
2026-04-26,03:56,REM,67,
2026-04-26,03:57,REM,67,
2026-04-26,03:58,REM,69,
2026-04-26,03:59,REM,69,
2026-04-26,04:00,REM,74,
2026-04-26,04:01,REM,72,
2026-04-26,04:02,REM,73,
2026-04-26,04:03,REM,73,
2026-04-26,04:04,LIGHT,74,
2026-04-26,04:05,LIGHT,68,
2026-04-26,04:06,LIGHT,68,
2026-04-26,04:07,WAKE,74,
2026-04-26,04:08,LIGHT,66,
2026-04-26,04:09,LIGHT,65,
2026-04-26,04:10,LIGHT,65,
2026-04-26,04:11,LIGHT,65,
2026-04-26,04:12,LIGHT,70,
2026-04-26,04:13,LIGHT,63,
2026-04-26,04:14,LIGHT,61,
2026-04-26,04:15,LIGHT,64,
2026-04-26,04:16,LIGHT,63,
2026-04-26,04:17,LIGHT,63,
2026-04-26,04:18,LIGHT,65,
2026-04-26,04:19,LIGHT,70,
2026-04-26,04:20,LIGHT,62,
2026-04-26,04:21,LIGHT,64,
2026-04-26,04:22,LIGHT,63,
2026-04-26,04:23,LIGHT,63,
2026-04-26,04:24,LIGHT,65,
2026-04-26,04:25,LIGHT,70,
2026-04-26,04:26,LIGHT,68,
2026-04-26,04:27,LIGHT,68,
2026-04-26,04:28,LIGHT,62,
2026-04-26,04:29,LIGHT,63,
2026-04-26,04:30,DEEP,63,
2026-04-26,04:31,DEEP,64,
2026-04-26,04:32,DEEP,64,
2026-04-26,04:33,LIGHT,64,
2026-04-26,04:34,LIGHT,64,
2026-04-26,04:35,LIGHT,64,
2026-04-26,04:36,WAKE,64,
2026-04-26,04:37,WAKE,64,
2026-04-26,04:38,LIGHT,64,
2026-04-26,04:39,LIGHT,64,
2026-04-26,04:40,LIGHT,64,
2026-04-26,04:41,LIGHT,64,
2026-04-26,04:42,LIGHT,72,
2026-04-26,04:43,LIGHT,64,
2026-04-26,04:44,LIGHT,59,
2026-04-26,04:45,LIGHT,59,
2026-04-26,04:46,LIGHT,59,
2026-04-26,04:47,LIGHT,60,
2026-04-26,04:48,LIGHT,59,
2026-04-26,04:49,LIGHT,60,
2026-04-26,04:50,LIGHT,60,
2026-04-26,04:51,LIGHT,61,
2026-04-26,04:52,DEEP,63,
2026-04-26,04:53,DEEP,70,
2026-04-26,04:54,DEEP,61,
2026-04-26,04:55,DEEP,59,
2026-04-26,04:56,DEEP,59,
2026-04-26,04:57,DEEP,61,
2026-04-26,04:58,DEEP,62,
2026-04-26,04:59,DEEP,62,
2026-04-26,05:00,DEEP,62,
2026-04-26,05:01,DEEP,63,
2026-04-26,05:02,DEEP,63,
2026-04-26,05:03,DEEP,62,
2026-04-26,05:04,DEEP,62,
2026-04-26,05:05,DEEP,62,
2026-04-26,05:06,DEEP,62,
2026-04-26,05:07,DEEP,62,
2026-04-26,05:08,LIGHT,62,
2026-04-26,05:09,LIGHT,62,
2026-04-26,05:10,LIGHT,63,
2026-04-26,05:11,LIGHT,63,
2026-04-26,05:12,LIGHT,63,
2026-04-26,05:13,LIGHT,65,
2026-04-26,05:14,LIGHT,82,
2026-04-26,05:15,REM,73,
2026-04-26,05:16,REM,67,
2026-04-26,05:17,REM,64,
2026-04-26,05:18,REM,60,
2026-04-26,05:19,REM,57,
2026-04-26,05:20,REM,58,
2026-04-26,05:21,REM,58,
2026-04-26,05:22,REM,60,
2026-04-26,05:23,REM,61,
2026-04-26,05:24,REM,61,
2026-04-26,05:25,REM,59,
2026-04-26,05:26,REM,62,
2026-04-26,05:27,REM,64,
2026-04-26,05:28,REM,63,
2026-04-26,05:29,REM,63,
2026-04-26,05:30,REM,65,
2026-04-26,05:31,REM,65,
2026-04-26,05:32,REM,65,
2026-04-26,05:33,REM,65,
2026-04-26,05:34,REM,65,
2026-04-26,05:35,REM,62,
2026-04-26,05:36,REM,60,
2026-04-26,05:37,REM,70,
2026-04-26,05:38,REM,65,
2026-04-26,05:39,REM,67,
2026-04-26,05:40,REM,63,
2026-04-26,05:41,REM,61,
2026-04-26,05:42,REM,61,
2026-04-26,05:43,REM,61,
2026-04-26,05:44,REM,61,
2026-04-26,05:45,REM,61,
2026-04-26,05:46,REM,61,
2026-04-26,05:47,REM,61,
2026-04-26,05:48,REM,61,
2026-04-26,05:49,REM,61,
2026-04-26,05:50,LIGHT,62,
2026-04-26,05:51,LIGHT,67,
2026-04-26,05:52,LIGHT,66,
2026-04-26,05:53,LIGHT,62,
2026-04-26,05:54,LIGHT,59,
2026-04-26,05:55,LIGHT,60,
2026-04-26,05:56,LIGHT,61,
2026-04-26,05:57,LIGHT,62,
2026-04-26,05:58,LIGHT,62,
2026-04-26,05:59,LIGHT,62,
2026-04-26,06:00,LIGHT,63,
2026-04-26,06:01,LIGHT,64,
2026-04-26,06:02,LIGHT,58,
2026-04-26,06:03,LIGHT,57,
2026-04-26,06:04,LIGHT,58,
2026-04-26,06:05,LIGHT,59,
2026-04-26,06:06,LIGHT,59,
2026-04-26,06:07,LIGHT,59,
2026-04-26,06:08,LIGHT,60,
2026-04-26,06:09,LIGHT,62,
2026-04-26,06:10,LIGHT,61,
2026-04-26,06:11,LIGHT,58,
2026-04-26,06:12,LIGHT,58,
2026-04-26,06:13,LIGHT,58,
2026-04-26,06:14,LIGHT,59,
2026-04-26,06:15,LIGHT,60,
2026-04-26,06:16,LIGHT,70,
2026-04-26,06:17,LIGHT,57,
2026-04-26,06:18,LIGHT,54,
2026-04-26,06:19,LIGHT,54,
2026-04-26,06:20,LIGHT,56,
2026-04-26,06:21,LIGHT,56,
2026-04-26,06:22,LIGHT,56,
2026-04-26,06:23,DEEP,57,
2026-04-26,06:24,DEEP,57,
2026-04-26,06:25,DEEP,58,
2026-04-26,06:26,DEEP,60,
2026-04-26,06:27,DEEP,58,
2026-04-26,06:28,DEEP,59,
2026-04-26,06:29,DEEP,56,
2026-04-26,06:30,DEEP,58,
2026-04-26,06:31,DEEP,61,
2026-04-26,06:32,DEEP,66,
2026-04-26,06:33,DEEP,60,
2026-04-26,06:34,DEEP,57,
2026-04-26,06:35,LIGHT,59,
2026-04-26,06:36,LIGHT,60,
2026-04-26,06:37,LIGHT,57,
2026-04-26,06:38,LIGHT,57,
2026-04-26,06:39,LIGHT,66,
2026-04-26,06:40,LIGHT,69,
2026-04-26,06:41,LIGHT,66,
2026-04-26,06:42,LIGHT,66,
2026-04-26,06:43,LIGHT,63,
2026-04-26,06:44,LIGHT,63,
2026-04-26,06:45,LIGHT,64,
2026-04-26,06:46,LIGHT,58,
2026-04-26,06:47,LIGHT,58,
2026-04-26,06:48,LIGHT,58,
2026-04-26,06:49,LIGHT,57,
2026-04-26,06:50,LIGHT,55,
2026-04-26,06:51,LIGHT,57,
2026-04-26,06:52,LIGHT,55,
2026-04-26,06:53,REM,62,
2026-04-26,06:54,REM,63,
2026-04-26,06:55,REM,59,
2026-04-26,06:56,REM,55,
2026-04-26,06:57,REM,56,
2026-04-26,06:58,REM,57,
2026-04-26,06:59,REM,55,
2026-04-26,07:00,REM,53,
2026-04-26,07:01,REM,55,
2026-04-26,07:02,REM,61,
2026-04-26,07:03,REM,57,
2026-04-26,07:04,REM,58,
2026-04-26,07:05,REM,56,
2026-04-26,07:06,REM,57,
2026-04-26,07:07,REM,56,
2026-04-26,07:08,REM,61,
2026-04-26,07:09,REM,67,
2026-04-26,07:10,REM,74,
2026-04-26,07:11,REM,68,
2026-04-26,07:12,LIGHT,64,
2026-04-26,07:13,LIGHT,67,
2026-04-26,07:14,LIGHT,61,
2026-04-26,07:15,LIGHT,59,
2026-04-26,07:16,LIGHT,57,
2026-04-26,07:17,LIGHT,57,
2026-04-26,07:18,REM,57,
2026-04-26,07:19,REM,58,
2026-04-26,07:20,REM,57,
2026-04-26,07:21,REM,59,
2026-04-26,07:22,REM,58,
2026-04-26,07:23,REM,63,
2026-04-26,07:24,REM,58,
2026-04-26,07:25,REM,57,
2026-04-26,07:26,REM,57,
2026-04-26,07:27,REM,67,
2026-04-26,07:28,REM,63,
2026-04-26,07:29,REM,63,
2026-04-26,07:30,REM,60,
2026-04-26,07:31,REM,60,
2026-04-26,07:32,REM,60,
2026-04-26,07:33,REM,63,
2026-04-26,07:34,REM,65,
2026-04-26,07:35,REM,60,
2026-04-26,07:36,REM,68,
2026-04-26,07:37,REM,60,
2026-04-26,07:38,REM,56,
2026-04-26,07:39,REM,55,
2026-04-26,07:40,REM,55,
2026-04-26,07:41,REM,57,
2026-04-26,07:42,REM,59,
2026-04-26,07:43,REM,57,
2026-04-26,07:44,REM,57,
2026-04-26,07:45,REM,57,
2026-04-26,07:46,REM,57,
2026-04-26,07:47,REM,58,
2026-04-26,07:48,REM,61,
2026-04-26,07:49,REM,71,
2026-04-26,07:50,REM,76,
2026-04-26,07:51,REM,76,
2026-04-26,07:52,REM,76,
2026-04-26,07:53,REM,74,
2026-04-26,07:54,REM,74,
2026-04-26,07:55,REM,72,
2026-04-26,07:56,REM,71,
2026-04-26,07:57,REM,75,
2026-04-26,07:58,REM,90,
2026-04-26,07:59,REM,89,
2026-04-26,08:00,REM,90,
2026-04-26,08:01,REM,85,
2026-04-26,08:02,REM,80,
2026-04-26,08:03,REM,79,
2026-04-26,08:04,REM,77,
2026-04-26,08:05,REM,77,
2026-04-26,08:06,REM,75,
2026-04-26,08:07,REM,76,
2026-04-26,08:08,REM,76,
2026-04-26,08:09,REM,78,
2026-04-26,08:10,REM,83,
2026-04-26,08:11,REM,86,
2026-04-26,08:12,REM,86,
2026-04-26,08:13,REM,86,
2026-04-26,08:14,REM,88,
2026-04-26,08:15,REM,89,
2026-04-26,08:16,REM,95,
2026-04-26,08:17,LIGHT,92,
2026-04-26,08:18,LIGHT,93,
2026-04-26,08:19,LIGHT,93,
2026-04-26,08:20,LIGHT,95,
2026-04-26,08:21,REM,89,
2026-04-26,08:22,REM,95,
2026-04-26,08:23,REM,108,
2026-04-26,08:24,REM,98,
2026-04-26,08:25,REM,95,
2026-04-26,08:26,REM,93,
2026-04-26,08:27,REM,89,
2026-04-26,08:28,REM,87,
2026-04-26,08:29,REM,84,
2026-04-26,08:30,REM,89,
2026-04-26,08:31,REM,91,
2026-04-26,08:32,REM,93,
2026-04-26,08:33,REM,110,
2026-04-26,08:34,REM,107,
2026-04-26,08:35,REM,101,
2026-04-26,08:36,REM,92,
2026-04-26,08:37,REM,92,
2026-04-26,08:38,REM,89,
2026-04-26,08:39,REM,89,
2026-04-26,08:40,REM,86,
2026-04-26,08:41,REM,85,
2026-04-26,08:42,REM,85,
2026-04-26,08:43,LIGHT,87,
2026-04-26,08:44,LIGHT,84,
2026-04-26,08:45,LIGHT,89,
2026-04-26,08:46,LIGHT,94,
2026-04-26,08:47,LIGHT,91,
2026-04-26,08:48,LIGHT,85,
2026-04-26,08:49,LIGHT,94,
2026-04-26,08:50,LIGHT,102,
2026-04-26,08:51,LIGHT,96,
2026-04-27,01:28,LIGHT,81,
2026-04-27,01:29,LIGHT,81,
2026-04-27,01:30,LIGHT,81,
2026-04-27,01:31,LIGHT,82,
2026-04-27,01:32,LIGHT,82,
2026-04-27,01:33,LIGHT,84,
2026-04-27,01:34,LIGHT,77,
2026-04-27,01:35,LIGHT,76,
2026-04-27,01:36,LIGHT,76,
2026-04-27,01:37,DEEP,77,
2026-04-27,01:38,DEEP,74,
2026-04-27,01:39,DEEP,74,
2026-04-27,01:40,DEEP,74,
2026-04-27,01:41,DEEP,74,
2026-04-27,01:42,DEEP,74,
2026-04-27,01:43,DEEP,75,
2026-04-27,01:44,DEEP,75,
2026-04-27,01:45,DEEP,75,
2026-04-27,01:46,DEEP,75,
2026-04-27,01:47,DEEP,75,
2026-04-27,01:48,DEEP,75,
2026-04-27,01:49,DEEP,75,
2026-04-27,01:50,DEEP,75,
2026-04-27,01:51,DEEP,75,
2026-04-27,01:52,DEEP,75,
2026-04-27,01:53,DEEP,74,
2026-04-27,01:54,DEEP,74,
2026-04-27,01:55,DEEP,79,
2026-04-27,01:56,DEEP,86,
2026-04-27,01:57,DEEP,78,
2026-04-27,01:58,DEEP,75,
2026-04-27,01:59,DEEP,82,
2026-04-27,02:00,DEEP,74,
2026-04-27,02:01,DEEP,77,
2026-04-27,02:02,DEEP,79,
2026-04-27,02:03,DEEP,80,
2026-04-27,02:04,DEEP,79,
2026-04-27,02:05,LIGHT,78,
2026-04-27,02:06,LIGHT,79,
2026-04-27,02:07,LIGHT,80,
2026-04-27,02:08,LIGHT,80,
2026-04-27,02:09,LIGHT,78,
2026-04-27,02:10,LIGHT,77,
2026-04-27,02:11,LIGHT,79,
2026-04-27,02:12,LIGHT,76,
2026-04-27,02:13,LIGHT,76,
2026-04-27,02:14,WAKE,84,
2026-04-27,02:15,WAKE,82,
2026-04-27,02:16,LIGHT,76,
2026-04-27,02:17,LIGHT,74,
2026-04-27,02:18,WAKE,74,
2026-04-27,02:19,WAKE,75,
2026-04-27,02:20,LIGHT,75,
2026-04-27,02:21,LIGHT,75,
2026-04-27,02:22,LIGHT,75,
2026-04-27,02:23,LIGHT,75,
2026-04-27,02:24,LIGHT,75,
2026-04-27,02:25,LIGHT,76,
2026-04-27,02:26,LIGHT,78,
2026-04-27,02:27,LIGHT,76,
2026-04-27,02:28,LIGHT,71,
2026-04-27,02:29,LIGHT,71,
2026-04-27,02:30,LIGHT,72,
2026-04-27,02:31,LIGHT,73,
2026-04-27,02:32,LIGHT,73,
2026-04-27,02:33,LIGHT,73,
2026-04-27,02:34,LIGHT,73,
2026-04-27,02:35,LIGHT,73,
2026-04-27,02:36,LIGHT,73,
2026-04-27,02:37,LIGHT,73,
2026-04-27,02:38,LIGHT,73,
2026-04-27,02:39,LIGHT,73,
2026-04-27,02:40,LIGHT,78,
2026-04-27,02:41,LIGHT,70,
2026-04-27,02:42,LIGHT,69,
2026-04-27,02:43,LIGHT,70,
2026-04-27,02:44,LIGHT,70,
2026-04-27,02:45,LIGHT,70,
2026-04-27,02:46,DEEP,70,
2026-04-27,02:47,DEEP,70,
2026-04-27,02:48,DEEP,70,
2026-04-27,02:49,DEEP,70,
2026-04-27,02:50,DEEP,70,
2026-04-27,02:51,DEEP,70,
2026-04-27,02:52,DEEP,69,
2026-04-27,02:53,DEEP,69,
2026-04-27,02:54,DEEP,69,
2026-04-27,02:55,DEEP,69,
2026-04-27,02:56,DEEP,69,
2026-04-27,02:57,DEEP,69,
2026-04-27,02:58,DEEP,70,
2026-04-27,02:59,DEEP,70,
2026-04-27,03:00,DEEP,70,
2026-04-27,03:01,DEEP,69,
2026-04-27,03:02,DEEP,70,
2026-04-27,03:03,DEEP,70,
2026-04-27,03:04,DEEP,70,
2026-04-27,03:05,DEEP,70,
2026-04-27,03:06,DEEP,70,
2026-04-27,03:07,DEEP,75,
2026-04-27,03:08,DEEP,80,
2026-04-27,03:09,LIGHT,70,
2026-04-27,03:10,LIGHT,68,
2026-04-27,03:11,LIGHT,75,
2026-04-27,03:12,LIGHT,73,
2026-04-27,03:13,LIGHT,70,
2026-04-27,03:14,LIGHT,65,
2026-04-27,03:15,LIGHT,65,
2026-04-27,03:16,LIGHT,66,
2026-04-27,03:17,LIGHT,66,
2026-04-27,03:18,LIGHT,66,
2026-04-27,03:19,LIGHT,66,
2026-04-27,03:20,LIGHT,66,
2026-04-27,03:21,LIGHT,66,
2026-04-27,03:22,LIGHT,66,
2026-04-27,03:23,LIGHT,67,
2026-04-27,03:24,LIGHT,67,
2026-04-27,03:25,LIGHT,67,
2026-04-27,03:26,LIGHT,67,
2026-04-27,03:27,LIGHT,67,
2026-04-27,03:28,DEEP,67,
2026-04-27,03:29,DEEP,67,
2026-04-27,03:30,DEEP,77,
2026-04-27,03:31,DEEP,67,
2026-04-27,03:32,DEEP,64,
2026-04-27,03:33,DEEP,65,
2026-04-27,03:34,DEEP,65,
2026-04-27,03:35,DEEP,65,
2026-04-27,03:36,LIGHT,67,
2026-04-27,03:37,LIGHT,69,
2026-04-27,03:38,LIGHT,70,
2026-04-27,03:39,LIGHT,75,
2026-04-27,03:40,LIGHT,75,
2026-04-27,03:41,LIGHT,75,
2026-04-27,03:42,LIGHT,72,
2026-04-27,03:43,LIGHT,77,
2026-04-27,03:44,LIGHT,74,
2026-04-27,03:45,LIGHT,73,
2026-04-27,03:46,REM,75,
2026-04-27,03:47,REM,72,
2026-04-27,03:48,REM,77,
2026-04-27,03:49,REM,76,
2026-04-27,03:50,REM,78,
2026-04-27,03:51,REM,68,
2026-04-27,03:52,REM,67,
2026-04-27,03:53,REM,74,
2026-04-27,03:54,REM,74,
2026-04-27,03:55,REM,74,
2026-04-27,03:56,REM,75,
2026-04-27,03:57,REM,69,
2026-04-27,03:58,REM,68,
2026-04-27,03:59,REM,75,
2026-04-27,04:00,REM,75,
2026-04-27,04:01,REM,75,
2026-04-27,04:02,REM,76,
2026-04-27,04:03,REM,72,
2026-04-27,04:04,REM,72,
2026-04-27,04:05,REM,70,
2026-04-27,04:06,REM,70,
2026-04-27,04:07,REM,68,
2026-04-27,04:08,REM,70,
2026-04-27,04:09,REM,68,
2026-04-27,04:10,REM,66,
2026-04-27,04:11,REM,65,
2026-04-27,04:12,REM,67,
2026-04-27,04:13,REM,69,
2026-04-27,04:14,REM,66,
2026-04-27,04:15,REM,66,
2026-04-27,04:16,REM,67,
2026-04-27,04:17,REM,64,
2026-04-27,04:18,REM,67,
2026-04-27,04:19,REM,67,
2026-04-27,04:20,REM,68,
2026-04-27,04:21,REM,64,
2026-04-27,04:22,REM,64,
2026-04-27,04:23,REM,63,
2026-04-27,04:24,REM,63,
2026-04-27,04:25,REM,64,
2026-04-27,04:26,REM,65,
2026-04-27,04:27,REM,66,
2026-04-27,04:28,LIGHT,66,
2026-04-27,04:29,LIGHT,66,
2026-04-27,04:30,LIGHT,65,
2026-04-27,04:31,LIGHT,66,
2026-04-27,04:32,LIGHT,65,
2026-04-27,04:33,LIGHT,65,
2026-04-27,04:34,LIGHT,67,
2026-04-27,04:35,LIGHT,71,
2026-04-27,04:36,LIGHT,64,
2026-04-27,04:37,LIGHT,64,
2026-04-27,04:38,LIGHT,64,
2026-04-27,04:39,LIGHT,64,
2026-04-27,04:40,LIGHT,64,
2026-04-27,04:41,LIGHT,64,
2026-04-27,04:42,LIGHT,64,
2026-04-27,04:43,LIGHT,64,
2026-04-27,04:44,LIGHT,64,
2026-04-27,04:45,LIGHT,64,
2026-04-27,04:46,LIGHT,64,
2026-04-27,04:47,LIGHT,64,
2026-04-27,04:48,LIGHT,64,
2026-04-27,04:49,LIGHT,64,
2026-04-27,04:50,LIGHT,65,
2026-04-27,04:51,LIGHT,65,
2026-04-27,04:52,LIGHT,65,
2026-04-27,04:53,LIGHT,65,
2026-04-27,04:54,LIGHT,65,
2026-04-27,04:55,LIGHT,65,
2026-04-27,04:56,LIGHT,64,
2026-04-27,04:57,LIGHT,64,
2026-04-27,04:58,LIGHT,64,
2026-04-27,04:59,LIGHT,64,
2026-04-27,05:00,LIGHT,65,
2026-04-27,05:01,LIGHT,65,
2026-04-27,05:02,DEEP,65,
2026-04-27,05:03,DEEP,65,
2026-04-27,05:04,DEEP,65,
2026-04-27,05:05,DEEP,65,
2026-04-27,05:06,DEEP,65,
2026-04-27,05:07,DEEP,65,
2026-04-27,05:08,DEEP,65,
2026-04-27,05:09,DEEP,64,
2026-04-27,05:10,DEEP,64,
2026-04-27,05:11,DEEP,64,
2026-04-27,05:12,DEEP,64,
2026-04-27,05:13,DEEP,64,
2026-04-27,05:14,DEEP,64,
2026-04-27,05:15,LIGHT,63,
2026-04-27,05:16,LIGHT,64,
2026-04-27,05:17,LIGHT,64,
2026-04-27,05:18,LIGHT,64,
2026-04-27,05:19,LIGHT,64,
2026-04-27,05:20,LIGHT,64,
2026-04-27,05:21,LIGHT,63,
2026-04-27,05:22,LIGHT,63,
2026-04-27,05:23,LIGHT,63,
2026-04-27,05:24,REM,63,
2026-04-27,05:25,REM,63,
2026-04-27,05:26,REM,63,
2026-04-27,05:27,REM,63,
2026-04-27,05:28,REM,64,
2026-04-27,05:29,REM,64,
2026-04-27,05:30,REM,64,
2026-04-27,05:31,REM,64,
2026-04-27,05:32,REM,61,
2026-04-27,05:33,REM,71,
2026-04-27,05:34,REM,66,
2026-04-27,05:35,REM,66,
2026-04-27,05:36,REM,58,
2026-04-27,05:37,REM,58,
2026-04-27,05:38,REM,59,
2026-04-27,05:39,LIGHT,61,
2026-04-27,05:40,LIGHT,63,
2026-04-27,05:41,LIGHT,60,
2026-04-27,05:42,LIGHT,63,
2026-04-27,05:43,LIGHT,71,
2026-04-27,05:44,LIGHT,62,
2026-04-27,05:45,LIGHT,59,
2026-04-27,05:46,LIGHT,61,
2026-04-27,05:47,LIGHT,60,
2026-04-27,05:48,LIGHT,62,
2026-04-27,05:49,LIGHT,64,
2026-04-27,05:50,LIGHT,61,
2026-04-27,05:51,LIGHT,58,
2026-04-27,05:52,LIGHT,61,
2026-04-27,05:53,LIGHT,62,
2026-04-27,05:54,LIGHT,63,
2026-04-27,05:55,LIGHT,63,
2026-04-27,05:56,LIGHT,61,
2026-04-27,05:57,LIGHT,67,
2026-04-27,05:58,LIGHT,64,
2026-04-27,05:59,LIGHT,63,
2026-04-27,06:00,LIGHT,60,
2026-04-27,06:01,LIGHT,57,
2026-04-27,06:02,LIGHT,57,
2026-04-27,06:03,LIGHT,57,
2026-04-27,06:04,LIGHT,57,
2026-04-27,06:05,LIGHT,57,
2026-04-27,06:06,LIGHT,57,
2026-04-27,06:07,LIGHT,58,
2026-04-27,06:08,LIGHT,60,
2026-04-27,06:09,LIGHT,59,
2026-04-27,06:10,LIGHT,59,
2026-04-27,06:11,LIGHT,59,
2026-04-27,06:12,LIGHT,59,
2026-04-27,06:13,LIGHT,58,
2026-04-27,06:14,LIGHT,58,
2026-04-27,06:15,LIGHT,59,
2026-04-27,06:16,LIGHT,58,
2026-04-27,06:17,LIGHT,58,
2026-04-27,06:18,LIGHT,58,
2026-04-27,06:19,LIGHT,58,
2026-04-27,06:20,LIGHT,58,
2026-04-27,06:21,LIGHT,58,
2026-04-27,06:22,LIGHT,58,
2026-04-27,06:23,LIGHT,59,
2026-04-27,06:24,LIGHT,59,
2026-04-27,06:25,LIGHT,59,
2026-04-27,06:26,LIGHT,59,
2026-04-27,06:27,LIGHT,58,
2026-04-27,06:28,LIGHT,58,
2026-04-27,06:29,LIGHT,57,
2026-04-27,06:30,LIGHT,65,
2026-04-27,06:31,LIGHT,59,
2026-04-27,06:32,LIGHT,58,
2026-04-27,06:33,LIGHT,57,
2026-04-27,06:34,LIGHT,57,
2026-04-27,06:35,LIGHT,67,
2026-04-27,06:36,LIGHT,78,
2026-04-27,06:37,LIGHT,83,
2026-04-27,06:38,REM,82,
2026-04-27,06:39,REM,84,
2026-04-27,06:40,REM,76,
2026-04-27,06:41,REM,71,
2026-04-27,06:42,REM,74,
2026-04-27,06:43,REM,71,
2026-04-27,06:44,REM,76,
2026-04-27,06:45,REM,84,
2026-04-27,06:46,REM,85,
2026-04-27,06:47,REM,80,
2026-04-27,06:48,REM,77,
2026-04-27,06:49,REM,79,
2026-04-27,06:50,REM,81,
2026-04-27,06:51,REM,86,
2026-04-27,06:52,REM,90,
2026-04-27,06:53,REM,92,
2026-04-27,06:54,REM,81,
2026-04-27,06:55,REM,82,
2026-04-27,06:56,REM,92,
2026-04-27,06:57,REM,94,
2026-04-27,06:58,REM,97,
2026-04-27,06:59,REM,105,
2026-04-27,07:00,REM,103,
2026-04-27,07:01,REM,90,
2026-04-27,07:02,REM,87,
2026-04-27,07:03,REM,86,
2026-04-27,07:04,REM,86,
2026-04-27,07:05,REM,77,
2026-04-27,07:06,REM,86,
2026-04-27,07:07,REM,79,
2026-04-27,07:08,REM,76,
2026-04-27,07:09,REM,72,
2026-04-27,07:10,REM,73,
2026-04-27,07:11,REM,71,
2026-04-27,07:12,REM,71,
2026-04-27,07:13,REM,71,
2026-04-27,07:14,REM,71,
2026-04-27,07:15,REM,71,
2026-04-27,07:16,REM,73,
2026-04-27,07:17,REM,70,
2026-04-27,07:18,REM,71,
2026-04-27,07:19,REM,73,
2026-04-27,07:20,REM,73,
2026-04-27,07:21,REM,73,
2026-04-27,07:22,REM,73,
2026-04-27,07:23,REM,73,
2026-04-27,07:24,REM,73,
2026-04-27,07:25,REM,73,
2026-04-27,07:26,LIGHT,73,
2026-04-27,07:27,LIGHT,72,
2026-04-27,07:28,LIGHT,72,
2026-04-27,07:29,LIGHT,74,
2026-04-27,07:30,LIGHT,72,
2026-04-27,07:31,LIGHT,70,
2026-04-27,07:32,LIGHT,70,
2026-04-27,07:33,LIGHT,72,
2026-04-27,07:34,LIGHT,75,
2026-04-27,07:35,LIGHT,76,
2026-04-27,07:36,LIGHT,73,
2026-04-27,07:37,LIGHT,76,
2026-04-27,07:38,LIGHT,71,
2026-04-27,07:39,LIGHT,69,
2026-04-27,07:40,LIGHT,70,
2026-04-27,07:41,LIGHT,73,
2026-04-27,07:42,LIGHT,78,
2026-04-27,07:43,LIGHT,76,
2026-04-27,07:44,LIGHT,78,
2026-04-27,07:45,LIGHT,79,
2026-04-27,07:46,LIGHT,74,
2026-04-27,07:47,LIGHT,76,
2026-04-27,07:48,LIGHT,78,
2026-04-27,07:49,LIGHT,77,
2026-04-27,07:50,LIGHT,70,
2026-04-28,00:53,LIGHT,69,
2026-04-28,00:54,LIGHT,69,
2026-04-28,00:55,LIGHT,70,
2026-04-28,00:56,LIGHT,69,
2026-04-28,00:57,LIGHT,69,
2026-04-28,00:58,LIGHT,69,
2026-04-28,00:59,LIGHT,69,
2026-04-28,01:00,LIGHT,69,
2026-04-28,01:01,LIGHT,70,
2026-04-28,01:02,DEEP,70,
2026-04-28,01:03,DEEP,71,
2026-04-28,01:04,LIGHT,75,
2026-04-28,01:05,LIGHT,64,
2026-04-28,01:06,LIGHT,65,
2026-04-28,01:07,WAKE,64,
2026-04-28,01:08,LIGHT,64,
2026-04-28,01:09,LIGHT,65,
2026-04-28,01:10,LIGHT,65,
2026-04-28,01:11,LIGHT,65,
2026-04-28,01:12,LIGHT,65,
2026-04-28,01:13,LIGHT,65,
2026-04-28,01:14,LIGHT,65,
2026-04-28,01:15,LIGHT,65,
2026-04-28,01:16,LIGHT,65,
2026-04-28,01:17,LIGHT,65,
2026-04-28,01:18,LIGHT,65,
2026-04-28,01:19,LIGHT,65,
2026-04-28,01:20,LIGHT,65,
2026-04-28,01:21,LIGHT,65,
2026-04-28,01:22,LIGHT,65,
2026-04-28,01:23,DEEP,65,
2026-04-28,01:24,DEEP,65,
2026-04-28,01:25,DEEP,66,
2026-04-28,01:26,DEEP,65,
2026-04-28,01:27,DEEP,65,
2026-04-28,01:28,DEEP,63,
2026-04-28,01:29,DEEP,63,
2026-04-28,01:30,DEEP,63,
2026-04-28,01:31,DEEP,63,
2026-04-28,01:32,DEEP,63,
2026-04-28,01:33,DEEP,71,
2026-04-28,01:34,DEEP,66,
2026-04-28,01:35,LIGHT,60,
2026-04-28,01:36,LIGHT,64,
2026-04-28,01:37,LIGHT,68,
2026-04-28,01:38,LIGHT,73,
2026-04-28,01:39,LIGHT,68,
2026-04-28,01:40,LIGHT,68,
2026-04-28,01:41,DEEP,69,
2026-04-28,01:42,DEEP,69,
2026-04-28,01:43,DEEP,70,
2026-04-28,01:44,DEEP,72,
2026-04-28,01:45,DEEP,72,
2026-04-28,01:46,DEEP,74,
2026-04-28,01:47,DEEP,68,
2026-04-28,01:48,DEEP,70,
2026-04-28,01:49,DEEP,70,
2026-04-28,01:50,DEEP,70,
2026-04-28,01:51,DEEP,70,
2026-04-28,01:52,DEEP,66,
2026-04-28,01:53,DEEP,66,
2026-04-28,01:54,DEEP,66,
2026-04-28,01:55,DEEP,68,
2026-04-28,01:56,DEEP,70,
2026-04-28,01:57,LIGHT,70,
2026-04-28,01:58,LIGHT,69,
2026-04-28,01:59,LIGHT,67,
2026-04-28,02:00,LIGHT,67,
2026-04-28,02:01,LIGHT,67,
2026-04-28,02:02,LIGHT,66,
2026-04-28,02:03,LIGHT,65,
2026-04-28,02:04,LIGHT,75,
2026-04-28,02:05,LIGHT,69,
2026-04-28,02:06,LIGHT,62,
2026-04-28,02:07,LIGHT,61,
2026-04-28,02:08,LIGHT,62,
2026-04-28,02:09,LIGHT,63,
2026-04-28,02:10,REM,63,
2026-04-28,02:11,REM,63,
2026-04-28,02:12,REM,64,
2026-04-28,02:13,REM,64,
2026-04-28,02:14,REM,64,
2026-04-28,02:15,REM,64,
2026-04-28,02:16,LIGHT,64,
2026-04-28,02:17,LIGHT,64,
2026-04-28,02:18,LIGHT,70,
2026-04-28,02:19,LIGHT,62,
2026-04-28,02:20,LIGHT,62,
2026-04-28,02:21,LIGHT,59,
2026-04-28,02:22,LIGHT,59,
2026-04-28,02:23,LIGHT,59,
2026-04-28,02:24,LIGHT,61,
2026-04-28,02:25,LIGHT,61,
2026-04-28,02:26,LIGHT,61,
2026-04-28,02:27,LIGHT,61,
2026-04-28,02:28,LIGHT,61,
2026-04-28,02:29,LIGHT,61,
2026-04-28,02:30,LIGHT,61,
2026-04-28,02:31,LIGHT,61,
2026-04-28,02:32,LIGHT,62,
2026-04-28,02:33,LIGHT,69,
2026-04-28,02:34,LIGHT,58,
2026-04-28,02:35,LIGHT,58,
2026-04-28,02:36,LIGHT,59,
2026-04-28,02:37,LIGHT,59,
2026-04-28,02:38,LIGHT,59,
2026-04-28,02:39,LIGHT,60,
2026-04-28,02:40,LIGHT,59,
2026-04-28,02:41,LIGHT,59,
2026-04-28,02:42,LIGHT,59,
2026-04-28,02:43,LIGHT,59,
2026-04-28,02:44,LIGHT,59,
2026-04-28,02:45,LIGHT,59,
2026-04-28,02:46,LIGHT,59,
2026-04-28,02:47,LIGHT,59,
2026-04-28,02:48,LIGHT,60,
2026-04-28,02:49,LIGHT,60,
2026-04-28,02:50,LIGHT,60,
2026-04-28,02:51,LIGHT,60,
2026-04-28,02:52,LIGHT,60,
2026-04-28,02:53,LIGHT,67,
2026-04-28,02:54,LIGHT,77,
2026-04-28,02:55,DEEP,69,
2026-04-28,02:56,DEEP,63,
2026-04-28,02:57,DEEP,59,
2026-04-28,02:58,DEEP,59,
2026-04-28,02:59,DEEP,60,
2026-04-28,03:00,DEEP,64,
2026-04-28,03:01,DEEP,58,
2026-04-28,03:02,DEEP,59,
2026-04-28,03:03,DEEP,61,
2026-04-28,03:04,DEEP,61,
2026-04-28,03:05,DEEP,63,
2026-04-28,03:06,DEEP,65,
2026-04-28,03:07,DEEP,68,
2026-04-28,03:08,DEEP,64,
2026-04-28,03:09,LIGHT,64,
2026-04-28,03:10,LIGHT,68,
2026-04-28,03:11,LIGHT,67,
2026-04-28,03:12,LIGHT,71,
2026-04-28,03:13,LIGHT,69,
2026-04-28,03:14,LIGHT,64,
2026-04-28,03:15,LIGHT,71,
2026-04-28,03:16,LIGHT,64,
2026-04-28,03:17,LIGHT,64,
2026-04-28,03:18,LIGHT,69,
2026-04-28,03:19,LIGHT,60,
2026-04-28,03:20,LIGHT,57,
2026-04-28,03:21,LIGHT,56,
2026-04-28,03:22,LIGHT,56,
2026-04-28,03:23,LIGHT,56,
2026-04-28,03:24,LIGHT,56,
2026-04-28,03:25,LIGHT,56,
2026-04-28,03:26,LIGHT,56,
2026-04-28,03:27,LIGHT,57,
2026-04-28,03:28,DEEP,57,
2026-04-28,03:29,DEEP,57,
2026-04-28,03:30,DEEP,57,
2026-04-28,03:31,LIGHT,57,
2026-04-28,03:32,LIGHT,58,
2026-04-28,03:33,LIGHT,58,
2026-04-28,03:34,LIGHT,63,
2026-04-28,03:35,LIGHT,61,
2026-04-28,03:36,LIGHT,57,
2026-04-28,03:37,REM,56,
2026-04-28,03:38,REM,56,
2026-04-28,03:39,REM,56,
2026-04-28,03:40,REM,56,
2026-04-28,03:41,REM,56,
2026-04-28,03:42,REM,56,
2026-04-28,03:43,REM,56,
2026-04-28,03:44,REM,63,
2026-04-28,03:45,REM,57,
2026-04-28,03:46,REM,56,
2026-04-28,03:47,REM,56,
2026-04-28,03:48,REM,56,
2026-04-28,03:49,REM,56,
2026-04-28,03:50,REM,56,
2026-04-28,03:51,REM,57,
2026-04-28,03:52,REM,57,
2026-04-28,03:53,REM,57,
2026-04-28,03:54,REM,57,
2026-04-28,03:55,REM,57,
2026-04-28,03:56,REM,57,
2026-04-28,03:57,REM,57,
2026-04-28,03:58,REM,57,
2026-04-28,03:59,REM,56,
2026-04-28,04:00,REM,56,
2026-04-28,04:01,REM,56,
2026-04-28,04:02,REM,56,
2026-04-28,04:03,REM,56,
2026-04-28,04:04,REM,56,
2026-04-28,04:05,REM,56,
2026-04-28,04:06,REM,56,
2026-04-28,04:07,REM,57,
2026-04-28,04:08,REM,57,
2026-04-28,04:09,REM,57,
2026-04-28,04:10,REM,57,
2026-04-28,04:11,REM,57,
2026-04-28,04:12,REM,57,
2026-04-28,04:13,REM,57,
2026-04-28,04:14,REM,57,
2026-04-28,04:15,REM,57,
2026-04-28,04:16,REM,57,
2026-04-28,04:17,REM,57,
2026-04-28,04:18,REM,57,
2026-04-28,04:19,REM,57,
2026-04-28,04:20,LIGHT,57,
2026-04-28,04:21,LIGHT,57,
2026-04-28,04:22,LIGHT,57,
2026-04-28,04:23,LIGHT,58,
2026-04-28,04:24,LIGHT,57,
2026-04-28,04:25,LIGHT,59,
2026-04-28,04:26,LIGHT,66,
2026-04-28,04:27,LIGHT,62,
2026-04-28,04:28,LIGHT,59,
2026-04-28,04:29,LIGHT,64,
2026-04-28,04:30,LIGHT,60,
2026-04-28,04:31,LIGHT,65,
2026-04-28,04:32,LIGHT,59,
2026-04-28,04:33,LIGHT,64,
2026-04-28,04:34,LIGHT,63,
2026-04-28,04:35,LIGHT,62,
2026-04-28,04:36,LIGHT,64,
2026-04-28,04:37,LIGHT,66,
2026-04-28,04:38,LIGHT,66,
2026-04-28,04:39,LIGHT,58,
2026-04-28,04:40,LIGHT,59,
2026-04-28,04:41,LIGHT,58,
2026-04-28,04:42,LIGHT,60,
2026-04-28,04:43,LIGHT,62,
2026-04-28,04:44,LIGHT,61,
2026-04-28,04:45,LIGHT,62,
2026-04-28,04:46,LIGHT,66,
2026-04-28,04:47,LIGHT,58,
2026-04-28,04:48,LIGHT,58,
2026-04-28,04:49,LIGHT,58,
2026-04-28,04:50,LIGHT,60,
2026-04-28,04:51,LIGHT,57,
2026-04-28,04:52,LIGHT,57,
2026-04-28,04:53,DEEP,64,
2026-04-28,04:54,DEEP,59,
2026-04-28,04:55,DEEP,56,
2026-04-28,04:56,DEEP,56,
2026-04-28,04:57,DEEP,58,
2026-04-28,04:58,DEEP,67,
2026-04-28,04:59,DEEP,61,
2026-04-28,05:00,DEEP,63,
2026-04-28,05:01,DEEP,57,
2026-04-28,05:02,DEEP,56,
2026-04-28,05:03,DEEP,56,
2026-04-28,05:04,DEEP,56,
2026-04-28,05:05,DEEP,56,
2026-04-28,05:06,DEEP,56,
2026-04-28,05:07,DEEP,56,
2026-04-28,05:08,DEEP,56,
2026-04-28,05:09,DEEP,56,
2026-04-28,05:10,DEEP,56,
2026-04-28,05:11,DEEP,56,
2026-04-28,05:12,DEEP,56,
2026-04-28,05:13,DEEP,56,
2026-04-28,05:14,DEEP,56,
2026-04-28,05:15,DEEP,56,
2026-04-28,05:16,DEEP,56,
2026-04-28,05:17,DEEP,56,
2026-04-28,05:18,DEEP,56,
2026-04-28,05:19,DEEP,68,
2026-04-28,05:20,DEEP,63,
2026-04-28,05:21,DEEP,60,
2026-04-28,05:22,DEEP,57,
2026-04-28,05:23,DEEP,57,
2026-04-28,05:24,DEEP,59,
2026-04-28,05:25,DEEP,64,
2026-04-28,05:26,DEEP,56,
2026-04-28,05:27,DEEP,53,
2026-04-28,05:28,DEEP,54,
2026-04-28,05:29,DEEP,52,
2026-04-28,05:30,DEEP,52,
2026-04-28,05:31,DEEP,52,
2026-04-28,05:32,DEEP,52,
2026-04-28,05:33,DEEP,52,
2026-04-28,05:34,LIGHT,53,
2026-04-28,05:35,LIGHT,53,
2026-04-28,05:36,LIGHT,53,
2026-04-28,05:37,LIGHT,53,
2026-04-28,05:38,LIGHT,53,
2026-04-28,05:39,REM,53,
2026-04-28,05:40,REM,54,
2026-04-28,05:41,REM,59,
2026-04-28,05:42,REM,62,
2026-04-28,05:43,REM,56,
2026-04-28,05:44,REM,53,
2026-04-28,05:45,REM,55,
2026-04-28,05:46,REM,60,
2026-04-28,05:47,REM,58,
2026-04-28,05:48,REM,52,
2026-04-28,05:49,REM,52,
2026-04-28,05:50,REM,51,
2026-04-28,05:51,REM,53,
2026-04-28,05:52,REM,56,
2026-04-28,05:53,REM,53,
2026-04-28,05:54,REM,53,
2026-04-28,05:55,REM,58,
2026-04-28,05:56,REM,57,
2026-04-28,05:57,REM,58,
2026-04-28,05:58,REM,59,
2026-04-28,05:59,REM,58,
2026-04-28,06:00,LIGHT,58,
2026-04-28,06:01,LIGHT,65,
2026-04-28,06:02,LIGHT,67,
2026-04-28,06:03,LIGHT,59,
2026-04-28,06:04,LIGHT,55,
2026-04-28,06:05,LIGHT,54,
2026-04-28,06:06,LIGHT,57,
2026-04-28,06:07,LIGHT,61,
2026-04-28,06:08,LIGHT,76,
2026-04-28,06:09,LIGHT,62,
2026-04-28,06:10,LIGHT,56,
2026-04-28,06:11,LIGHT,62,
2026-04-28,06:12,LIGHT,64,
2026-04-28,06:13,LIGHT,67,
2026-04-28,06:14,LIGHT,66,
2026-04-28,06:15,LIGHT,66,
2026-04-28,06:16,LIGHT,58,
2026-04-28,06:17,LIGHT,57,
2026-04-28,06:18,LIGHT,54,
2026-04-28,06:19,LIGHT,58,
2026-04-28,06:20,LIGHT,59,
2026-04-28,06:21,LIGHT,60,
2026-04-28,06:22,LIGHT,60,
2026-04-28,06:23,LIGHT,60,
2026-04-28,06:24,LIGHT,62,
2026-04-28,06:25,LIGHT,68,
2026-04-28,06:26,LIGHT,65,
2026-04-28,06:27,LIGHT,59,
2026-04-28,06:28,LIGHT,57,
2026-04-28,06:29,LIGHT,53,
2026-04-28,06:30,LIGHT,56,
2026-04-28,06:31,LIGHT,60,
2026-04-28,06:32,LIGHT,64,
2026-04-28,06:33,LIGHT,64,
2026-04-28,06:34,LIGHT,56,
2026-04-28,06:35,LIGHT,54,
2026-04-28,06:36,LIGHT,54,
2026-04-28,09:08,LIGHT,71,
2026-04-28,09:09,LIGHT,71,
2026-04-28,09:10,LIGHT,72,
2026-04-28,09:11,LIGHT,78,
2026-04-28,09:12,LIGHT,82,
2026-04-28,09:13,LIGHT,80,
2026-04-28,09:14,LIGHT,84,
2026-04-28,09:15,LIGHT,76,
2026-04-28,09:16,LIGHT,72,
2026-04-28,09:17,LIGHT,77,
2026-04-28,09:18,LIGHT,79,
2026-04-28,09:19,LIGHT,85,
2026-04-28,09:20,LIGHT,85,
2026-04-28,09:21,LIGHT,86,
2026-04-28,09:22,LIGHT,75,
2026-04-28,09:23,LIGHT,72,
2026-04-28,09:24,LIGHT,69,
2026-04-28,09:25,LIGHT,72,
2026-04-29,00:33,LIGHT,56,
2026-04-29,00:34,LIGHT,55,
2026-04-29,00:35,LIGHT,55,
2026-04-29,00:36,LIGHT,55,
2026-04-29,00:37,LIGHT,55,
2026-04-29,00:38,LIGHT,55,
2026-04-29,00:39,LIGHT,56,
2026-04-29,00:40,LIGHT,56,
2026-04-29,00:41,LIGHT,56,
2026-04-29,00:42,LIGHT,56,
2026-04-29,00:43,LIGHT,56,
2026-04-29,00:44,LIGHT,56,
2026-04-29,00:45,DEEP,57,
2026-04-29,00:46,DEEP,57,
2026-04-29,00:47,DEEP,59,
2026-04-29,00:48,DEEP,57,
2026-04-29,00:49,DEEP,57,
2026-04-29,00:50,DEEP,65,
2026-04-29,00:51,DEEP,58,
2026-04-29,00:52,DEEP,55,
2026-04-29,00:53,DEEP,55,
2026-04-29,00:54,DEEP,55,
2026-04-29,00:55,DEEP,55,
2026-04-29,00:56,DEEP,55,
2026-04-29,00:57,DEEP,56,
2026-04-29,00:58,DEEP,57,
2026-04-29,00:59,DEEP,57,
2026-04-29,01:00,DEEP,57,
2026-04-29,01:01,DEEP,57,
2026-04-29,01:02,DEEP,57,
2026-04-29,01:03,DEEP,57,
2026-04-29,01:04,DEEP,57,
2026-04-29,01:05,DEEP,57,
2026-04-29,01:06,LIGHT,57,
2026-04-29,01:07,LIGHT,57,
2026-04-29,01:08,LIGHT,57,
2026-04-29,01:09,LIGHT,57,
2026-04-29,01:10,LIGHT,57,
2026-04-29,01:11,DEEP,57,
2026-04-29,01:12,DEEP,58,
2026-04-29,01:13,DEEP,58,
2026-04-29,01:14,DEEP,58,
2026-04-29,01:15,DEEP,58,
2026-04-29,01:16,DEEP,58,
2026-04-29,01:17,DEEP,58,
2026-04-29,01:18,DEEP,58,
2026-04-29,01:19,DEEP,58,
2026-04-29,01:20,DEEP,62,
2026-04-29,01:21,DEEP,72,
2026-04-29,01:22,DEEP,69,
2026-04-29,01:23,DEEP,61,
2026-04-29,01:24,DEEP,66,
2026-04-29,01:25,DEEP,68,
2026-04-29,01:26,DEEP,62,
2026-04-29,01:27,DEEP,62,
2026-04-29,01:28,DEEP,59,
2026-04-29,01:29,DEEP,59,
2026-04-29,01:30,DEEP,61,
2026-04-29,01:31,LIGHT,65,
2026-04-29,01:32,LIGHT,65,
2026-04-29,01:33,LIGHT,65,
2026-04-29,01:34,WAKE,63,
2026-04-29,01:35,LIGHT,64,
2026-04-29,01:36,LIGHT,64,
2026-04-29,01:37,LIGHT,60,
2026-04-29,01:38,REM,59,
2026-04-29,01:39,REM,64,
2026-04-29,01:40,REM,65,
2026-04-29,01:41,REM,64,
2026-04-29,01:42,REM,64,
2026-04-29,01:43,REM,61,
2026-04-29,01:44,REM,62,
2026-04-29,01:45,REM,62,
2026-04-29,01:46,REM,59,
2026-04-29,01:47,REM,57,
2026-04-29,01:48,REM,57,
2026-04-29,01:49,REM,57,
2026-04-29,01:50,REM,57,
2026-04-29,01:51,REM,57,
2026-04-29,01:52,REM,57,
2026-04-29,01:53,REM,57,
2026-04-29,01:54,REM,57,
2026-04-29,01:55,REM,57,
2026-04-29,01:56,REM,57,
2026-04-29,01:57,REM,58,
2026-04-29,01:58,REM,58,
2026-04-29,01:59,LIGHT,58,
2026-04-29,02:00,LIGHT,58,
2026-04-29,02:01,LIGHT,58,
2026-04-29,02:02,LIGHT,58,
2026-04-29,02:03,LIGHT,58,
2026-04-29,02:04,LIGHT,58,
2026-04-29,02:05,WAKE,58,
2026-04-29,02:06,LIGHT,60,
2026-04-29,02:07,LIGHT,63,
2026-04-29,02:08,LIGHT,59,
2026-04-29,02:09,LIGHT,66,
2026-04-29,02:10,LIGHT,57,
2026-04-29,02:11,LIGHT,55,
2026-04-29,02:12,LIGHT,55,
2026-04-29,02:13,LIGHT,55,
2026-04-29,02:14,LIGHT,56,
2026-04-29,02:15,LIGHT,60,
2026-04-29,02:16,LIGHT,68,
2026-04-29,02:17,LIGHT,65,
2026-04-29,02:18,LIGHT,58,
2026-04-29,02:19,LIGHT,56,
2026-04-29,02:20,LIGHT,56,
2026-04-29,02:21,LIGHT,56,
2026-04-29,02:22,LIGHT,56,
2026-04-29,02:23,LIGHT,56,
2026-04-29,02:24,LIGHT,57,
2026-04-29,02:25,LIGHT,57,
2026-04-29,02:26,LIGHT,57,
2026-04-29,02:27,LIGHT,57,
2026-04-29,02:28,LIGHT,57,
2026-04-29,02:29,LIGHT,57,
2026-04-29,02:30,LIGHT,58,
2026-04-29,02:31,LIGHT,58,
2026-04-29,02:32,LIGHT,58,
2026-04-29,02:33,LIGHT,58,
2026-04-29,02:34,LIGHT,58,
2026-04-29,02:35,LIGHT,57,
2026-04-29,02:36,LIGHT,57,
2026-04-29,02:37,LIGHT,57,
2026-04-29,02:38,LIGHT,58,
2026-04-29,02:39,LIGHT,58,
2026-04-29,02:40,LIGHT,58,
2026-04-29,02:41,LIGHT,58,
2026-04-29,02:42,LIGHT,58,
2026-04-29,02:43,DEEP,58,
2026-04-29,02:44,DEEP,58,
2026-04-29,02:45,DEEP,58,
2026-04-29,02:46,DEEP,57,
2026-04-29,02:47,DEEP,58,
2026-04-29,02:48,DEEP,58,
2026-04-29,02:49,DEEP,58,
2026-04-29,02:50,DEEP,58,
2026-04-29,02:51,DEEP,58,
2026-04-29,02:52,DEEP,58,
2026-04-29,02:53,DEEP,58,
2026-04-29,02:54,DEEP,58,
2026-04-29,02:55,LIGHT,58,
2026-04-29,02:56,LIGHT,58,
2026-04-29,02:57,LIGHT,58,
2026-04-29,02:58,LIGHT,58,
2026-04-29,02:59,LIGHT,58,
2026-04-29,03:00,LIGHT,58,
2026-04-29,03:01,LIGHT,58,
2026-04-29,03:02,LIGHT,58,
2026-04-29,03:03,REM,58,
2026-04-29,03:04,REM,58,
2026-04-29,03:05,REM,64,
2026-04-29,03:06,REM,57,
2026-04-29,03:07,REM,61,
2026-04-29,03:08,REM,58,
2026-04-29,03:09,REM,58,
2026-04-29,03:10,REM,57,
2026-04-29,03:11,REM,59,
2026-04-29,03:12,REM,60,
2026-04-29,03:13,REM,63,
2026-04-29,03:14,REM,64,
2026-04-29,03:15,REM,65,
2026-04-29,03:16,REM,69,
2026-04-29,03:17,REM,68,
2026-04-29,03:18,REM,64,
2026-04-29,03:19,LIGHT,64,
2026-04-29,03:20,LIGHT,67,
2026-04-29,03:21,LIGHT,61,
2026-04-29,03:22,LIGHT,58,
2026-04-29,03:23,LIGHT,59,
2026-04-29,03:24,LIGHT,58,
2026-04-29,03:25,LIGHT,62,
2026-04-29,03:26,LIGHT,59,
2026-04-29,03:27,LIGHT,64,
2026-04-29,03:28,LIGHT,56,
2026-04-29,03:29,LIGHT,55,
2026-04-29,03:30,LIGHT,57,
2026-04-29,03:31,LIGHT,57,
2026-04-29,03:32,LIGHT,57,
2026-04-29,03:33,LIGHT,59,
2026-04-29,03:34,LIGHT,61,
2026-04-29,03:35,LIGHT,61,
2026-04-29,03:36,LIGHT,59,
2026-04-29,03:37,LIGHT,59,
2026-04-29,03:38,LIGHT,60,
2026-04-29,03:39,LIGHT,60,
2026-04-29,03:40,LIGHT,65,
2026-04-29,03:41,LIGHT,65,
2026-04-29,03:42,LIGHT,63,
2026-04-29,03:43,LIGHT,67,
2026-04-29,03:44,LIGHT,61,
2026-04-29,03:45,LIGHT,63,
2026-04-29,03:46,LIGHT,59,
2026-04-29,03:47,LIGHT,58,
2026-04-29,03:48,LIGHT,58,
2026-04-29,03:49,LIGHT,59,
2026-04-29,03:50,LIGHT,59,
2026-04-29,03:51,LIGHT,59,
2026-04-29,03:52,LIGHT,59,
2026-04-29,03:53,LIGHT,59,
2026-04-29,03:54,DEEP,60,
2026-04-29,03:55,DEEP,60,
2026-04-29,03:56,DEEP,60,
2026-04-29,03:57,DEEP,60,
2026-04-29,03:58,DEEP,60,
2026-04-29,03:59,DEEP,60,
2026-04-29,04:00,DEEP,60,
2026-04-29,04:01,DEEP,61,
2026-04-29,04:02,DEEP,61,
2026-04-29,04:03,DEEP,61,
2026-04-29,04:04,DEEP,61,
2026-04-29,04:05,DEEP,61,
2026-04-29,04:06,DEEP,61,
2026-04-29,04:07,DEEP,61,
2026-04-29,04:08,DEEP,61,
2026-04-29,04:09,DEEP,61,
2026-04-29,04:10,DEEP,61,
2026-04-29,04:11,DEEP,61,
2026-04-29,04:12,DEEP,61,
2026-04-29,04:13,DEEP,61,
2026-04-29,04:14,DEEP,61,
2026-04-29,04:15,DEEP,62,
2026-04-29,04:16,DEEP,62,
2026-04-29,04:17,DEEP,61,
2026-04-29,04:18,DEEP,61,
2026-04-29,04:19,DEEP,61,
2026-04-29,04:20,DEEP,61,
2026-04-29,04:21,DEEP,61,
2026-04-29,04:22,DEEP,61,
2026-04-29,04:23,DEEP,61,
2026-04-29,04:24,DEEP,61,
2026-04-29,04:25,DEEP,61,
2026-04-29,04:26,DEEP,61,
2026-04-29,04:27,LIGHT,61,
2026-04-29,04:28,LIGHT,60,
2026-04-29,04:29,REM,59,
2026-04-29,04:30,REM,60,
2026-04-29,04:31,REM,60,
2026-04-29,04:32,REM,60,
2026-04-29,04:33,REM,60,
2026-04-29,04:34,REM,60,
2026-04-29,04:35,REM,60,
2026-04-29,04:36,REM,60,
2026-04-29,04:37,REM,60,
2026-04-29,04:38,REM,60,
2026-04-29,04:39,REM,71,
2026-04-29,04:40,REM,75,
2026-04-29,04:41,REM,62,
2026-04-29,04:42,REM,59,
2026-04-29,04:43,REM,64,
2026-04-29,04:44,REM,61,
2026-04-29,04:45,REM,61,
2026-04-29,04:46,REM,63,
2026-04-29,04:47,REM,61,
2026-04-29,04:48,REM,61,
2026-04-29,04:49,REM,61,
2026-04-29,04:50,REM,68,
2026-04-29,04:51,REM,69,
2026-04-29,04:52,REM,65,
2026-04-29,04:53,REM,58,
2026-04-29,04:54,REM,56,
2026-04-29,04:55,LIGHT,58,
2026-04-29,04:56,LIGHT,58,
2026-04-29,04:57,LIGHT,60,
2026-04-29,04:58,LIGHT,57,
2026-04-29,04:59,LIGHT,59,
2026-04-29,05:00,LIGHT,61,
2026-04-29,05:01,LIGHT,60,
2026-04-29,05:02,LIGHT,58,
2026-04-29,05:03,LIGHT,58,
2026-04-29,05:04,LIGHT,58,
2026-04-29,05:05,LIGHT,71,
2026-04-29,05:06,LIGHT,64,
2026-04-29,05:07,LIGHT,58,
2026-04-29,05:08,LIGHT,60,
2026-04-29,05:09,LIGHT,60,
2026-04-29,05:10,LIGHT,60,
2026-04-29,05:11,LIGHT,57,
2026-04-29,05:12,LIGHT,57,
2026-04-29,05:13,LIGHT,64,
2026-04-29,05:14,LIGHT,58,
2026-04-29,05:15,LIGHT,57,
2026-04-29,05:16,LIGHT,56,
2026-04-29,05:17,LIGHT,56,
2026-04-29,05:18,LIGHT,64,
2026-04-29,05:19,LIGHT,56,
2026-04-29,05:20,LIGHT,55,
2026-04-29,05:21,LIGHT,55,
2026-04-29,05:22,LIGHT,56,
2026-04-29,05:23,LIGHT,62,
2026-04-29,05:24,LIGHT,62,
2026-04-29,05:25,LIGHT,55,
2026-04-29,05:26,LIGHT,55,
2026-04-29,05:27,LIGHT,55,
2026-04-29,05:28,LIGHT,55,
2026-04-29,05:29,LIGHT,56,
2026-04-29,05:30,LIGHT,56,
2026-04-29,05:31,LIGHT,57,
2026-04-29,05:32,LIGHT,57,
2026-04-29,05:33,LIGHT,57,
2026-04-29,05:34,LIGHT,57,
2026-04-29,05:35,LIGHT,57,
2026-04-29,05:36,LIGHT,57,
2026-04-29,05:37,LIGHT,57,
2026-04-29,05:38,LIGHT,57,
2026-04-29,05:39,LIGHT,57,
2026-04-29,05:40,LIGHT,58,
2026-04-29,05:41,LIGHT,57,
2026-04-29,05:42,LIGHT,57,
2026-04-29,05:43,LIGHT,57,
2026-04-29,05:44,LIGHT,57,
2026-04-29,05:45,LIGHT,58,
2026-04-29,05:46,LIGHT,58,
2026-04-29,05:47,LIGHT,58,
2026-04-29,05:48,LIGHT,58,
2026-04-29,05:49,LIGHT,58,
2026-04-29,05:50,LIGHT,61,
2026-04-29,05:51,LIGHT,59,
2026-04-29,05:52,LIGHT,54,
2026-04-29,05:53,LIGHT,54,
2026-04-29,05:54,LIGHT,54,
2026-04-29,05:55,REM,55,
2026-04-29,05:56,REM,55,
2026-04-29,05:57,REM,55,
2026-04-29,05:58,REM,55,
2026-04-29,05:59,REM,55,
2026-04-29,06:00,REM,54,
2026-04-29,06:01,REM,54,
2026-04-29,06:02,REM,55,
2026-04-29,06:03,REM,55,
2026-04-29,06:04,REM,56,
2026-04-29,06:05,REM,56,
2026-04-29,06:06,REM,56,
2026-04-29,06:07,REM,55,
2026-04-29,06:08,REM,57,
2026-04-29,06:09,REM,64,
2026-04-29,06:10,REM,58,
2026-04-29,06:11,REM,58,
2026-04-29,06:12,REM,67,
2026-04-29,06:13,REM,65,
2026-04-29,06:14,REM,59,
2026-04-29,06:15,REM,59,
2026-04-29,06:16,REM,64,
2026-04-29,06:17,REM,58,
2026-04-29,06:18,REM,57,
2026-04-29,06:19,REM,60,
2026-04-29,06:20,REM,64,
2026-04-29,06:21,REM,68,
2026-04-29,06:22,REM,64,
2026-04-29,06:23,REM,61,
2026-04-29,06:24,REM,69,
2026-04-29,06:25,REM,71,
2026-04-29,06:26,REM,68,
2026-04-29,06:27,REM,63,
2026-04-29,06:28,REM,65,
2026-04-29,06:29,REM,64,
2026-04-29,06:30,REM,66,
2026-04-29,06:31,REM,64,
2026-04-29,06:32,REM,64,
2026-04-29,06:33,REM,58,
2026-04-29,06:34,REM,58,
2026-04-29,06:35,REM,65,
2026-04-29,06:36,REM,60,
2026-04-29,06:37,REM,57,
2026-04-29,06:38,REM,56,
2026-04-29,06:39,LIGHT,57,
2026-04-29,06:40,LIGHT,55,
2026-04-29,06:41,LIGHT,66,
2026-04-29,06:42,LIGHT,62,
2026-04-29,06:43,LIGHT,59,
2026-04-29,06:44,LIGHT,56,
2026-04-29,06:45,LIGHT,56,
2026-04-29,06:46,LIGHT,56,
2026-04-29,06:47,LIGHT,60,
2026-04-29,06:48,LIGHT,55,
2026-04-29,06:49,LIGHT,55,
2026-04-29,06:50,LIGHT,54,
2026-04-29,06:51,LIGHT,61,
2026-04-29,06:52,REM,55,
2026-04-29,06:53,REM,61,
2026-04-29,06:54,REM,58,
2026-04-29,06:55,REM,54,
2026-04-29,06:56,REM,58,
2026-04-29,06:57,REM,59,
2026-04-29,06:58,REM,61,
2026-04-29,06:59,REM,58,
2026-04-29,07:00,REM,60,
2026-04-29,07:01,REM,57,
2026-04-29,07:02,REM,57,
2026-04-29,07:03,REM,53,
2026-04-29,07:04,REM,58,
2026-04-29,07:05,REM,59,
2026-04-29,07:06,REM,59,
2026-04-29,07:07,REM,59,
2026-04-29,07:08,REM,58,
2026-04-29,07:09,REM,63,
2026-04-29,07:10,REM,57,
2026-04-29,07:11,REM,57,
2026-04-29,07:12,REM,57,
2026-04-29,07:13,REM,56,
2026-04-29,07:14,REM,56,
2026-04-29,07:15,REM,63,
2026-04-29,07:16,REM,60,
2026-04-29,07:17,REM,58,
2026-04-29,07:18,REM,58,
2026-04-29,07:19,REM,58,
2026-04-29,07:20,REM,58,
2026-04-29,07:21,REM,63,
2026-04-29,07:22,REM,59,
2026-04-29,07:23,REM,56,
2026-04-29,07:24,REM,56,
2026-04-29,07:25,REM,56,
2026-04-29,07:26,REM,56,
2026-04-29,07:27,REM,56,
2026-04-29,07:28,REM,62,
2026-04-29,07:29,REM,59,
2026-04-29,07:30,REM,59,
2026-04-29,07:31,REM,59,
2026-04-29,07:32,REM,58,
2026-04-29,07:33,REM,59,
2026-04-29,07:34,REM,59,
2026-04-29,07:35,REM,60,
2026-04-29,07:36,REM,60,
2026-04-29,07:37,LIGHT,61,
2026-04-29,07:38,LIGHT,61,
2026-04-29,07:39,LIGHT,61,
2026-04-29,07:40,LIGHT,61,
2026-04-29,07:41,LIGHT,61,
2026-04-29,07:42,LIGHT,61,
2026-04-29,07:43,LIGHT,61,
2026-04-29,07:44,LIGHT,61,
2026-04-29,07:45,LIGHT,61,
2026-04-29,07:46,LIGHT,61,
2026-04-29,07:47,LIGHT,61,
2026-04-29,07:48,LIGHT,61,
2026-04-29,07:49,LIGHT,61,
2026-04-29,07:50,LIGHT,61,
2026-04-29,07:51,LIGHT,61,
2026-04-29,07:52,LIGHT,61,
2026-04-29,07:53,LIGHT,65,
2026-04-29,07:54,LIGHT,64,
2026-04-29,07:55,LIGHT,68,
2026-04-29,07:56,LIGHT,58,
2026-04-29,07:57,LIGHT,56,
2026-04-29,07:58,LIGHT,57,
2026-04-29,07:59,LIGHT,58,
2026-04-29,08:00,LIGHT,58,
2026-04-29,08:01,LIGHT,58,
2026-04-29,08:02,LIGHT,58,
2026-04-29,08:03,LIGHT,58,
2026-04-29,08:04,LIGHT,63,
2026-04-29,08:05,LIGHT,63,
2026-04-29,08:06,LIGHT,55,
2026-04-29,08:07,DEEP,55,
2026-04-29,08:08,DEEP,57,
2026-04-29,08:09,DEEP,57,
2026-04-29,08:10,DEEP,67,
2026-04-29,08:11,DEEP,56,
2026-04-29,08:12,LIGHT,61,
2026-04-29,08:13,LIGHT,63,
2026-04-29,08:14,LIGHT,61,
2026-04-29,08:15,LIGHT,61,
2026-04-29,08:16,LIGHT,66,
2026-04-29,08:17,LIGHT,64,
2026-04-29,08:18,LIGHT,61,
2026-04-29,08:19,LIGHT,66,
2026-04-29,08:20,LIGHT,60,
2026-04-29,08:21,LIGHT,60,
2026-04-29,08:22,LIGHT,61,
2026-04-29,08:23,LIGHT,68,
2026-04-29,08:24,LIGHT,61,
2026-04-29,08:25,REM,58,
2026-04-29,08:26,REM,55,
2026-04-29,08:27,REM,56,
2026-04-29,08:28,REM,63,
2026-04-29,08:29,REM,60,
2026-04-29,08:30,REM,60,
2026-04-29,08:31,REM,60,
2026-04-29,08:32,REM,59,
2026-04-29,08:33,REM,59,
2026-04-29,08:34,REM,59,
2026-04-29,08:35,REM,59,
2026-04-29,08:36,REM,59,
2026-04-29,08:37,REM,59,
2026-04-29,08:38,REM,59,
2026-04-29,08:39,REM,60,
2026-04-29,08:40,LIGHT,60,
2026-04-29,08:41,LIGHT,66,
2026-04-29,08:42,LIGHT,68,
2026-04-29,08:43,WAKE,61,
2026-04-29,08:44,LIGHT,58,
2026-04-29,08:45,LIGHT,58,
2026-04-29,08:46,LIGHT,60,
2026-04-29,08:47,LIGHT,60,
2026-04-29,08:48,LIGHT,60,
2026-04-29,08:49,LIGHT,61,
2026-04-29,08:50,LIGHT,60,
2026-04-29,08:51,LIGHT,60,
2026-04-29,08:52,LIGHT,67,
2026-04-29,08:53,LIGHT,60,
2026-04-29,08:54,LIGHT,60,
2026-04-29,08:55,LIGHT,58,
2026-04-29,08:56,LIGHT,60,
2026-04-29,08:57,LIGHT,60,
2026-04-29,08:58,LIGHT,60,
2026-04-29,08:59,LIGHT,60,
2026-04-29,09:00,LIGHT,70,
2026-04-30,00:34,LIGHT,79,
2026-04-30,00:35,LIGHT,76,
2026-04-30,00:36,LIGHT,76,
2026-04-30,00:37,LIGHT,75,
2026-04-30,00:38,LIGHT,80,
2026-04-30,00:39,LIGHT,78,
2026-04-30,00:40,LIGHT,73,
2026-04-30,00:41,DEEP,78,
2026-04-30,00:42,DEEP,74,
2026-04-30,00:43,DEEP,71,
2026-04-30,00:44,DEEP,65,
2026-04-30,00:45,DEEP,70,
2026-04-30,00:46,DEEP,70,
2026-04-30,00:47,DEEP,70,
2026-04-30,00:48,DEEP,72,
2026-04-30,00:49,DEEP,69,
2026-04-30,00:50,DEEP,68,
2026-04-30,00:51,DEEP,62,
2026-04-30,00:52,DEEP,62,
2026-04-30,00:53,DEEP,61,
2026-04-30,00:54,DEEP,62,
2026-04-30,00:55,DEEP,60,
2026-04-30,00:56,DEEP,60,
2026-04-30,00:57,DEEP,58,
2026-04-30,00:58,DEEP,58,
2026-04-30,00:59,DEEP,58,
2026-04-30,01:00,DEEP,58,
2026-04-30,01:01,DEEP,60,
2026-04-30,01:02,DEEP,60,
2026-04-30,01:03,DEEP,60,
2026-04-30,01:04,DEEP,59,
2026-04-30,01:05,DEEP,60,
2026-04-30,01:06,DEEP,62,
2026-04-30,01:07,DEEP,62,
2026-04-30,01:08,DEEP,69,
2026-04-30,01:09,DEEP,61,
2026-04-30,01:10,DEEP,58,
2026-04-30,01:11,DEEP,58,
2026-04-30,01:12,DEEP,58,
2026-04-30,01:13,DEEP,58,
2026-04-30,01:14,DEEP,58,
2026-04-30,01:15,DEEP,58,
2026-04-30,01:16,DEEP,59,
2026-04-30,01:17,DEEP,59,
2026-04-30,01:18,DEEP,60,
2026-04-30,01:19,DEEP,60,
2026-04-30,01:20,DEEP,60,
2026-04-30,01:21,DEEP,60,
2026-04-30,01:22,LIGHT,60,
2026-04-30,01:23,LIGHT,60,
2026-04-30,01:24,LIGHT,70,
2026-04-30,01:25,LIGHT,61,
2026-04-30,01:26,LIGHT,58,
2026-04-30,01:27,LIGHT,58,
2026-04-30,01:28,LIGHT,57,
2026-04-30,01:29,REM,58,
2026-04-30,01:30,REM,58,
2026-04-30,01:31,REM,58,
2026-04-30,01:32,REM,58,
2026-04-30,01:33,REM,59,
2026-04-30,01:34,REM,59,
2026-04-30,01:35,REM,59,
2026-04-30,01:36,REM,60,
2026-04-30,01:37,REM,60,
2026-04-30,01:38,REM,60,
2026-04-30,01:39,REM,60,
2026-04-30,01:40,REM,61,
2026-04-30,01:41,REM,61,
2026-04-30,01:42,REM,61,
2026-04-30,01:43,REM,61,
2026-04-30,01:44,REM,74,
2026-04-30,01:45,REM,63,
2026-04-30,01:46,REM,63,
2026-04-30,01:47,LIGHT,63,
2026-04-30,01:48,LIGHT,65,
2026-04-30,01:49,LIGHT,67,
2026-04-30,01:50,LIGHT,67,
2026-04-30,01:51,LIGHT,67,
2026-04-30,01:52,LIGHT,64,
2026-04-30,01:53,LIGHT,69,
2026-04-30,01:54,LIGHT,71,
2026-04-30,01:55,LIGHT,63,
2026-04-30,01:56,LIGHT,61,
2026-04-30,01:57,LIGHT,60,
2026-04-30,01:58,LIGHT,60,
2026-04-30,01:59,LIGHT,60,
2026-04-30,02:00,LIGHT,60,
2026-04-30,02:01,LIGHT,60,
2026-04-30,02:02,LIGHT,62,
2026-04-30,02:03,LIGHT,62,
2026-04-30,02:04,LIGHT,63,
2026-04-30,02:05,LIGHT,63,
2026-04-30,02:06,LIGHT,63,
2026-04-30,02:07,LIGHT,63,
2026-04-30,02:08,LIGHT,63,
2026-04-30,02:09,LIGHT,63,
2026-04-30,02:10,LIGHT,63,
2026-04-30,02:11,LIGHT,63,
2026-04-30,02:12,LIGHT,63,
2026-04-30,02:13,LIGHT,63,
2026-04-30,02:14,LIGHT,63,
2026-04-30,02:15,LIGHT,63,
2026-04-30,02:16,LIGHT,63,
2026-04-30,02:17,LIGHT,63,
2026-04-30,02:18,LIGHT,63,
2026-04-30,02:19,LIGHT,63,
2026-04-30,02:20,LIGHT,63,
2026-04-30,02:21,LIGHT,63,
2026-04-30,02:22,LIGHT,63,
2026-04-30,02:23,LIGHT,62,
2026-04-30,02:24,LIGHT,62,
2026-04-30,02:25,LIGHT,61,
2026-04-30,02:26,LIGHT,61,
2026-04-30,02:27,LIGHT,62,
2026-04-30,02:28,LIGHT,72,
2026-04-30,02:29,LIGHT,64,
2026-04-30,02:30,LIGHT,65,
2026-04-30,02:31,LIGHT,59,
2026-04-30,02:32,LIGHT,56,
2026-04-30,02:33,DEEP,55,
2026-04-30,02:34,DEEP,56,
2026-04-30,02:35,LIGHT,56,
2026-04-30,02:36,LIGHT,57,
2026-04-30,02:37,LIGHT,57,
2026-04-30,02:38,LIGHT,57,
2026-04-30,02:39,DEEP,56,
2026-04-30,02:40,DEEP,56,
2026-04-30,02:41,DEEP,57,
2026-04-30,02:42,DEEP,57,
2026-04-30,02:43,DEEP,56,
2026-04-30,02:44,DEEP,56,
2026-04-30,02:45,DEEP,63,
2026-04-30,02:46,DEEP,57,
2026-04-30,02:47,DEEP,54,
2026-04-30,02:48,DEEP,54,
2026-04-30,02:49,DEEP,55,
2026-04-30,02:50,DEEP,55,
2026-04-30,02:51,DEEP,57,
2026-04-30,02:52,DEEP,57,
2026-04-30,02:53,DEEP,57,
2026-04-30,02:54,DEEP,57,
2026-04-30,02:55,DEEP,57,
2026-04-30,02:56,DEEP,57,
2026-04-30,02:57,DEEP,56,
2026-04-30,02:58,DEEP,56,
2026-04-30,02:59,DEEP,56,
2026-04-30,03:00,DEEP,56,
2026-04-30,03:01,DEEP,63,
2026-04-30,03:02,DEEP,58,
2026-04-30,03:03,DEEP,55,
2026-04-30,03:04,DEEP,55,
2026-04-30,03:05,DEEP,57,
2026-04-30,03:06,LIGHT,59,
2026-04-30,03:07,LIGHT,61,
2026-04-30,03:08,LIGHT,61,
2026-04-30,03:09,LIGHT,64,
2026-04-30,03:10,LIGHT,66,
2026-04-30,03:11,LIGHT,71,
2026-04-30,03:12,REM,71,
2026-04-30,03:13,REM,65,
2026-04-30,03:14,REM,61,
2026-04-30,03:15,REM,60,
2026-04-30,03:16,REM,60,
2026-04-30,03:17,REM,59,
2026-04-30,03:18,LIGHT,62,
2026-04-30,03:19,LIGHT,68,
2026-04-30,03:20,LIGHT,68,
2026-04-30,03:21,WAKE,76,
2026-04-30,03:22,LIGHT,65,
2026-04-30,03:23,LIGHT,62,
2026-04-30,03:24,LIGHT,59,
2026-04-30,03:25,REM,57,
2026-04-30,03:26,REM,58,
2026-04-30,03:27,REM,57,
2026-04-30,03:28,REM,59,
2026-04-30,03:29,REM,70,
2026-04-30,03:30,REM,59,
2026-04-30,03:31,REM,59,
2026-04-30,03:32,REM,56,
2026-04-30,03:33,REM,56,
2026-04-30,03:34,REM,61,
2026-04-30,03:35,REM,62,
2026-04-30,03:36,REM,64,
2026-04-30,03:37,REM,61,
2026-04-30,03:38,REM,61,
2026-04-30,03:39,REM,57,
2026-04-30,03:40,REM,59,
2026-04-30,03:41,LIGHT,59,
2026-04-30,03:42,LIGHT,56,
2026-04-30,03:43,LIGHT,59,
2026-04-30,03:44,WAKE,58,
2026-04-30,03:45,WAKE,56,
2026-04-30,03:46,WAKE,63,
2026-04-30,03:47,LIGHT,65,
2026-04-30,03:48,LIGHT,60,
2026-04-30,03:49,LIGHT,60,
2026-04-30,03:50,LIGHT,60,
2026-04-30,03:51,LIGHT,57,
2026-04-30,03:52,LIGHT,57,
2026-04-30,03:53,LIGHT,57,
2026-04-30,03:54,LIGHT,55,
2026-04-30,03:55,LIGHT,56,
2026-04-30,03:56,LIGHT,57,
2026-04-30,03:57,LIGHT,56,
2026-04-30,03:58,LIGHT,61,
2026-04-30,03:59,LIGHT,61,
2026-04-30,04:00,LIGHT,62,
2026-04-30,04:01,LIGHT,59,
2026-04-30,04:02,LIGHT,61,
2026-04-30,04:03,LIGHT,58,
2026-04-30,04:04,DEEP,59,
2026-04-30,04:05,DEEP,59,
2026-04-30,04:06,DEEP,60,
2026-04-30,04:07,DEEP,61,
2026-04-30,04:08,DEEP,61,
2026-04-30,04:09,DEEP,60,
2026-04-30,04:10,DEEP,60,
2026-04-30,04:11,DEEP,60,
2026-04-30,04:12,DEEP,59,
2026-04-30,04:13,DEEP,59,
2026-04-30,04:14,DEEP,59,
2026-04-30,04:15,DEEP,59,
2026-04-30,04:16,DEEP,59,
2026-04-30,04:17,DEEP,63,
2026-04-30,04:18,DEEP,60,
2026-04-30,04:19,DEEP,57,
2026-04-30,04:20,DEEP,61,
2026-04-30,04:21,DEEP,63,
2026-04-30,04:22,DEEP,56,
2026-04-30,04:23,DEEP,56,
2026-04-30,04:24,DEEP,56,
2026-04-30,04:25,DEEP,56,
2026-04-30,04:26,DEEP,61,
2026-04-30,04:27,DEEP,55,
2026-04-30,04:28,DEEP,53,
2026-04-30,04:29,DEEP,54,
2026-04-30,04:30,DEEP,55,
2026-04-30,04:31,DEEP,55,
2026-04-30,04:32,DEEP,56,
2026-04-30,04:33,DEEP,57,
2026-04-30,04:34,DEEP,57,
2026-04-30,04:35,DEEP,57,
2026-04-30,04:36,DEEP,56,
2026-04-30,04:37,DEEP,57,
2026-04-30,04:38,DEEP,57,
2026-04-30,04:39,DEEP,57,
2026-04-30,04:40,LIGHT,57,
2026-04-30,04:41,LIGHT,57,
2026-04-30,04:42,LIGHT,57,
2026-04-30,04:43,LIGHT,58,
2026-04-30,04:44,LIGHT,58,
2026-04-30,04:45,REM,58,
2026-04-30,04:46,REM,59,
2026-04-30,04:47,REM,59,
2026-04-30,04:48,REM,59,
2026-04-30,04:49,REM,59,
2026-04-30,04:50,REM,59,
2026-04-30,04:51,REM,59,
2026-04-30,04:52,REM,59,
2026-04-30,04:53,REM,59,
2026-04-30,04:54,REM,59,
2026-04-30,04:55,REM,59,
2026-04-30,04:56,REM,59,
2026-04-30,04:57,REM,58,
2026-04-30,04:58,REM,58,
2026-04-30,04:59,REM,60,
2026-04-30,05:00,REM,70,
2026-04-30,05:01,REM,62,
2026-04-30,05:02,REM,54,
2026-04-30,05:03,REM,51,
2026-04-30,05:04,REM,51,
2026-04-30,05:05,REM,51,
2026-04-30,05:06,REM,52,
2026-04-30,05:07,REM,52,
2026-04-30,05:08,REM,54,
2026-04-30,05:09,REM,55,
2026-04-30,05:10,REM,55,
2026-04-30,05:11,REM,53,
2026-04-30,05:12,REM,53,
2026-04-30,05:13,REM,55,
2026-04-30,05:14,LIGHT,55,
2026-04-30,05:15,LIGHT,57,
2026-04-30,05:16,LIGHT,71,
2026-04-30,05:17,LIGHT,59,
2026-04-30,05:18,LIGHT,53,
2026-04-30,05:19,LIGHT,53,
2026-04-30,05:20,LIGHT,53,
2026-04-30,05:21,LIGHT,53,
2026-04-30,05:22,LIGHT,53,
2026-04-30,05:23,LIGHT,53,
2026-04-30,05:24,LIGHT,53,
2026-04-30,05:25,LIGHT,53,
2026-04-30,05:26,LIGHT,58,
2026-04-30,05:27,LIGHT,54,
2026-04-30,05:28,LIGHT,56,
2026-04-30,05:29,LIGHT,61,
2026-04-30,05:30,LIGHT,55,
2026-04-30,05:31,LIGHT,55,
2026-04-30,05:32,LIGHT,51,
2026-04-30,05:33,LIGHT,51,
2026-04-30,05:34,LIGHT,51,
2026-04-30,05:35,LIGHT,51,
2026-04-30,05:36,LIGHT,52,
2026-04-30,05:37,LIGHT,52,
2026-04-30,05:38,LIGHT,52,
2026-04-30,05:39,LIGHT,53,
2026-04-30,05:40,LIGHT,53,
2026-04-30,05:41,LIGHT,54,
2026-04-30,05:42,LIGHT,53,
2026-04-30,05:43,LIGHT,53,
2026-04-30,05:44,LIGHT,53,
2026-04-30,05:45,LIGHT,54,
2026-04-30,05:46,LIGHT,54,
2026-04-30,05:47,LIGHT,54,
2026-04-30,05:48,LIGHT,53,
2026-04-30,05:49,LIGHT,53,
2026-04-30,05:50,LIGHT,53,
2026-04-30,05:51,LIGHT,54,
2026-04-30,05:52,LIGHT,54,
2026-04-30,05:53,LIGHT,54,
2026-04-30,05:54,LIGHT,54,
2026-04-30,05:55,LIGHT,59,
2026-04-30,05:56,LIGHT,56,
2026-04-30,05:57,LIGHT,52,
2026-04-30,05:58,LIGHT,52,
2026-04-30,05:59,LIGHT,52,
2026-04-30,06:00,LIGHT,53,
2026-04-30,06:01,LIGHT,54,
2026-04-30,06:02,LIGHT,51,
2026-04-30,06:03,LIGHT,51,
2026-04-30,06:04,LIGHT,51,
2026-04-30,06:05,LIGHT,52,
2026-04-30,06:06,LIGHT,52,
2026-04-30,06:07,LIGHT,52,
2026-04-30,06:08,LIGHT,53,
2026-04-30,06:09,LIGHT,53,
2026-04-30,06:10,LIGHT,53,
2026-04-30,06:11,LIGHT,53,
2026-04-30,06:12,LIGHT,53,
2026-04-30,06:13,LIGHT,53,
2026-04-30,06:14,LIGHT,54,
2026-04-30,06:15,LIGHT,54,
2026-04-30,06:16,REM,62,
2026-04-30,06:17,REM,55,
2026-04-30,06:18,REM,52,
2026-04-30,06:19,REM,52,
2026-04-30,06:20,REM,53,
2026-04-30,06:21,REM,56,
2026-04-30,06:22,REM,56,
2026-04-30,06:23,REM,52,
2026-04-30,06:24,REM,62,
2026-04-30,06:25,REM,59,
2026-04-30,06:26,REM,56,
2026-04-30,06:27,REM,54,
2026-04-30,06:28,REM,56,
2026-04-30,06:29,REM,58,
2026-04-30,06:30,REM,67,
2026-04-30,06:31,REM,59,
2026-04-30,06:32,REM,59,
2026-04-30,06:33,REM,61,
2026-04-30,06:34,REM,60,
2026-04-30,06:35,REM,66,
2026-04-30,06:36,REM,60,
2026-04-30,06:37,REM,60,
2026-04-30,06:38,REM,54,
2026-04-30,06:39,REM,57,
2026-04-30,06:40,REM,51,
2026-04-30,06:41,REM,51,
2026-04-30,06:42,REM,62,
2026-04-30,06:43,REM,52,
2026-04-30,06:44,REM,51,
2026-04-30,06:45,REM,51,
2026-04-30,06:46,REM,51,
2026-04-30,06:47,REM,52,
2026-04-30,06:48,REM,51,
2026-04-30,06:49,LIGHT,52,
2026-04-30,06:50,LIGHT,50,
2026-04-30,06:51,LIGHT,47,
2026-04-30,06:52,LIGHT,51,
2026-04-30,06:53,LIGHT,49,
2026-04-30,06:54,LIGHT,56,
2026-04-30,06:55,LIGHT,67,
2026-04-30,06:56,LIGHT,68,
2026-04-30,06:57,LIGHT,62,
2026-04-30,06:58,LIGHT,61,
2026-04-30,06:59,LIGHT,59,
2026-04-30,07:00,LIGHT,58,
2026-04-30,07:01,LIGHT,56,
2026-04-30,07:02,LIGHT,56,
2026-04-30,07:03,LIGHT,62,
2026-04-30,07:04,LIGHT,59,
2026-04-30,07:05,LIGHT,56,
2026-04-30,07:06,LIGHT,56,
2026-04-30,07:07,LIGHT,54,
2026-04-30,07:08,LIGHT,54,
2026-04-30,07:09,LIGHT,54,
2026-04-30,07:10,LIGHT,54,
2026-04-30,07:11,LIGHT,55,
2026-04-30,07:12,LIGHT,55,
2026-04-30,07:13,LIGHT,55,
2026-04-30,07:14,LIGHT,56,
2026-04-30,07:15,LIGHT,55,
2026-04-30,07:16,LIGHT,56,
2026-04-30,07:17,LIGHT,57,
2026-04-30,07:18,LIGHT,56,
2026-04-30,07:19,LIGHT,56,
2026-04-30,07:20,LIGHT,56,
2026-04-30,07:21,LIGHT,56,
2026-04-30,07:22,LIGHT,57,
2026-04-30,07:23,LIGHT,57,
2026-04-30,07:24,LIGHT,56,
2026-04-30,07:25,LIGHT,56,
2026-04-30,07:26,LIGHT,58,
2026-04-30,07:27,LIGHT,60,
2026-04-30,07:28,LIGHT,55,
2026-04-30,07:29,LIGHT,55,
2026-04-30,07:30,LIGHT,60,
2026-04-30,07:31,LIGHT,63,
2026-04-30,07:32,LIGHT,65,
2026-04-30,07:33,LIGHT,62,
2026-04-30,07:34,LIGHT,56,
2026-04-30,07:35,LIGHT,55,
2026-04-30,07:36,LIGHT,55,
2026-04-30,07:37,LIGHT,55,
2026-04-30,07:38,LIGHT,56,
2026-04-30,07:39,LIGHT,53,
2026-04-30,07:40,LIGHT,52,
2026-04-30,07:41,LIGHT,52,
2026-04-30,07:42,LIGHT,61,
2026-04-30,07:43,LIGHT,53,
2026-04-30,07:44,LIGHT,53,
2026-04-30,07:45,DEEP,52,
2026-04-30,07:46,DEEP,52,
2026-04-30,07:47,DEEP,52,
2026-04-30,07:48,DEEP,53,
2026-04-30,07:49,DEEP,53,
2026-04-30,07:50,DEEP,53,
2026-04-30,07:51,DEEP,62,
2026-04-30,07:52,DEEP,56,
2026-04-30,07:53,LIGHT,56,
2026-04-30,07:54,LIGHT,56,
2026-04-30,07:55,LIGHT,53,
2026-04-30,07:56,WAKE,53,
2026-04-30,07:57,LIGHT,56,
2026-04-30,07:58,LIGHT,53,
2026-04-30,07:59,LIGHT,52,
2026-04-30,08:00,LIGHT,52,
2026-04-30,08:01,REM,53,
2026-04-30,08:02,REM,57,
2026-04-30,08:03,REM,58,
2026-04-30,08:04,REM,61,
2026-04-30,08:05,REM,58,
2026-04-30,08:06,REM,58,
2026-04-30,08:07,REM,60,
2026-04-30,08:08,REM,67,
2026-04-30,08:09,REM,59,
2026-04-30,08:10,REM,56,
2026-04-30,08:11,REM,54,
2026-04-30,08:12,REM,54,
2026-04-30,08:13,REM,61,
2026-04-30,08:14,REM,55,
2026-04-30,08:15,REM,65,
2026-04-30,08:16,REM,71,
2026-04-30,08:17,REM,81,
2026-04-30,08:18,REM,85,
2026-04-30,08:19,REM,71,
2026-04-30,08:20,REM,68,
2026-04-30,08:21,REM,70,
2026-04-30,08:22,LIGHT,76,
2026-04-30,08:23,LIGHT,83,
2026-04-30,08:24,LIGHT,83,
2026-04-30,08:25,LIGHT,72,
2026-04-30,08:26,LIGHT,70,
2026-04-30,08:27,LIGHT,72,
2026-04-30,08:28,LIGHT,74,
2026-04-30,08:29,LIGHT,78,
2026-04-30,08:30,LIGHT,79,
2026-04-30,08:31,LIGHT,76,
2026-04-30,08:32,LIGHT,73,
2026-04-30,08:33,LIGHT,73,
2026-04-30,08:34,LIGHT,72,
2026-04-30,08:35,LIGHT,75,
2026-04-30,08:36,LIGHT,72,
2026-04-30,08:37,LIGHT,70,
2026-04-30,08:38,LIGHT,69,
2026-04-30,08:39,LIGHT,71,
2026-04-30,08:40,LIGHT,67,
2026-04-30,08:41,LIGHT,64,
2026-04-30,08:42,LIGHT,66,
2026-04-30,08:43,LIGHT,81,
2026-04-30,08:44,LIGHT,82,
2026-04-30,08:45,LIGHT,82,
2026-04-30,08:46,LIGHT,78,
2026-04-30,08:47,LIGHT,70,
2026-04-30,08:48,LIGHT,69,
2026-04-30,08:49,LIGHT,70,
2026-04-30,08:50,LIGHT,70,
2026-04-30,08:51,LIGHT,70,
2026-04-30,08:52,LIGHT,74,
2026-04-30,08:53,LIGHT,81,
2026-04-30,08:54,LIGHT,78,
2026-04-30,08:55,LIGHT,76,
2026-04-30,08:56,LIGHT,76,
2026-04-30,08:57,LIGHT,66,
2026-04-30,08:58,LIGHT,65,
2026-04-30,08:59,LIGHT,69,
2026-04-30,09:00,LIGHT,69,
2026-04-30,09:01,WAKE,69,
2026-04-30,09:02,LIGHT,73,
2026-04-30,09:03,LIGHT,74,
2026-04-30,09:04,LIGHT,71,
2026-04-30,09:05,LIGHT,68,
2026-04-30,09:06,LIGHT,66,
2026-04-30,09:07,LIGHT,64,
2026-04-30,09:08,LIGHT,67,
2026-04-30,09:09,LIGHT,67,
2026-04-30,09:10,LIGHT,69,
2026-04-30,09:11,LIGHT,70,
2026-04-30,09:12,LIGHT,72,
2026-04-30,09:13,LIGHT,74,
2026-04-30,09:14,LIGHT,70,
